date,rainfall_1d,rainfall_3d,rainfall_7d,rainy_days_7d,temperature_c,humidity_pct,wind_ms,pressure_hpa,enso_index,iod_index,mjo_index,rainfall_anomaly_pct,onset_label,break_label,heavy_rain_label
2017-01-01,0.022472848931922345,0.022472848931922345,0.022472848931922345,0.0,33.86060747121973,64.71142004058646,2.58133616133213,1006.5522394399985,0.2742453717789882,0.8586062654313258,-0.11456941707932089,-87.21932703235478,0,1,0
2017-01-02,0.7829651415197338,0.8054379904516562,0.8054379904516562,0.0,30.431102100380127,50.078507324974204,2.7375467920968686,1006.83792347221,-0.935985695616446,-0.32490691637678853,0.03647806399874658,-77.43244474077812,0,1,0
2017-01-03,0.54335610873785,1.3487940991895062,1.3487940991895062,0.0,32.39722832947258,63.51181006213942,1.6746561027640765,1007.4983312729462,0.6754060762258115,-0.8228033927530158,0.25728403896239826,-70.64061966884108,0,1,0
2017-01-04,1.4221944472323047,2.7485156974898883,2.770988546421811,0.0,30.177425428921254,55.17945374737869,2.0617951974553343,1006.7906459713487,0.8465082447520925,-0.17371489046105126,-0.2740564331907081,-52.86351962607283,0,1,0
2017-01-05,0.10029800219983968,2.0658485581699946,2.871286548621651,0.0,32.91170182101755,54.277476870578916,2.6093990437347094,1007.8870694595089,-1.7559316697884528,0.2218753437761719,-0.18035227692598735,-51.60981790992128,0,1,0
2017-01-06,0.6061458569591782,2.1286383063913226,3.477432405580829,0.0,30.539008990678738,60.09034843577318,2.8214638240139776,1012.1288727240752,-1.1719615561760863,-0.3957987444205697,0.3966258251788272,-44.03313557886399,0,1,0
2017-01-07,0.2809489429454204,0.9873928021044382,3.758381348526249,0.0,30.151502248619078,52.56840772956381,2.076746116151286,1008.935032193175,0.11505636285055684,0.443162804796259,-0.1600649454333289,-40.52133909043703,0,1,1
2017-01-08,0.02915770304325467,0.9162525029478533,3.765066202637582,0.0,30.502685823799414,59.676872624787634,2.491079914160686,1010.4139018736151,-0.284618333109224,-0.46639510693125397,0.2674611523825425,-40.43777996774482,0,1,0
2017-01-09,0.013065020223591564,0.3231716662122666,2.995166081341439,0.0,30.724641655849645,54.41325175214607,2.2296547781644116,1010.9647870424079,-0.015121041753859915,0.49629791514508637,0.4704793156680657,-50.06135254310963,0,1,0
2017-01-10,1.6683484725497684,1.7105711958166145,4.120158445153358,0.0,32.066507988068985,59.16690358693214,2.836726630492225,1007.004777175204,-0.767739534816222,0.35377764962927966,0.5833420310874823,-35.99920946713677,0,1,0
2017-01-11,0.6080723570158761,2.2894858497892363,3.306036354936929,0.0,31.597102479767972,63.57164636324153,2.7116646755112335,1007.5032404696066,0.7914581773765457,-0.048738443766348026,0.49198586188590754,-46.17554637589777,0,1,0
2017-01-12,0.38235833549308956,2.658779165058734,3.588096688230179,0.0,29.966746779297115,59.752149750268934,2.1759267188944653,1010.3784365214028,0.7000127418860534,-0.3531058498927599,0.48233864654918346,-42.64985776643323,0,1,0
2017-01-13,0.05021311034532414,1.04064380285429,3.0321639416163246,0.0,31.46083947185673,57.63484633803871,2.6870828387295633,1007.858253402049,0.05942762780509444,0.12123263661221294,0.8295125179988568,-49.59888788874752,0,1,0
2017-01-14,1.5875191528459467,2.0200905986843605,4.338734151516851,0.0,29.899063320967542,60.996763844208665,2.1524575049362493,1010.2592197208977,1.0145170862712296,0.4402029944269594,0.7323552034763278,-33.26706393914353,0,1,0
2017-01-15,0.20070693804942538,1.8384392012406963,4.510283386523022,0.0,32.40094560217645,52.72416972579374,2.674433700625756,1012.0191431698411,0.42075840802684106,1.6494393221852868,0.5399437206588703,-31.122738373184607,0,1,0
2017-01-16,0.6363140818660912,2.4245401727614633,5.133532448165521,0.0,32.65762934959645,55.51880719879852,2.6827932552186216,1006.380273614634,-0.7733632165949145,0.7515363374385449,0.7496075773665967,-23.332269958727085,0,1,0
2017-01-17,0.5221645590022426,1.3591855789177592,3.987348534617996,0.0,31.46643901720597,57.459561592549875,3.822644445152974,1008.3574813188551,0.33187570567424896,0.7807919598526731,0.8721641769647086,-37.65930248103713,0,1,0
2017-01-18,2.230925750911567,3.389404391779901,5.610201928513687,1.0,31.880280055364942,63.24695914258903,2.1982591827494025,1008.6430743410937,-0.862994340746099,2.470809755888227,1.2397307063801446,-17.374012242298544,0,1,0
2017-01-19,0.4633146547735297,3.2164049646873396,5.691158247794127,1.0,33.95293904610525,61.21855616215386,2.315255435833773,1008.0525032000465,0.7906052711765453,0.4127667814142753,1.0380519018807912,-16.362077067229205,0,0,0
2017-01-20,0.26050997560522665,2.9547503812903235,5.90145511305403,1.0,31.27932110182611,62.075430517261275,2.0116775677765943,1007.9056095999754,-0.04493331988762761,0.38771480904936184,1.173813322835898,-13.733415128855606,0,1,0
2017-01-21,0.6170873423316435,1.3409119727104004,4.931023302539726,1.0,30.178004161103832,58.74955207641205,1.780322309338352,1008.1141453454263,-0.1663761271907345,0.5632120594573233,0.7435403519550489,-25.863587211702722,0,1,0
2017-01-22,0.6834349751566656,1.5610322930935363,5.413751339646967,1.0,32.31083862148798,55.81883093988092,2.126140231856417,1008.9725115052421,-0.6128365899635473,-0.8071727820706025,0.7883992526900044,-19.829598943920633,0,1,0
2017-01-23,3.519433942610986,4.819956260099295,8.296871200391863,2.0,29.914250019103594,65.15523837828962,2.7990769451446114,1009.296755454914,1.1002872048066272,-0.35512130913500495,0.881015695938443,16.20872921823551,0,1,0
2017-01-24,0.4552033260376747,4.658072243805327,8.229909967427293,2.0,31.205168742592956,56.512765546229275,2.8424934468214524,1010.7161023287307,-0.13907653386192195,-0.4049354133538672,0.9214831887735031,15.37172936936476,0,1,0
2017-01-25,0.09508434469164279,4.069721613340303,6.0940685612073695,1.0,30.661379226658152,60.47621634577092,2.5774244348242665,1008.9547492081153,-0.3854950399467965,0.5180911817756494,0.7199316619125902,-11.325791794319287,0,1,0
2017-01-26,0.3167756421032606,0.8670633128325781,5.9475295485371005,1.0,30.517417524682656,59.80177233472995,2.2225575996939226,1011.012677717115,-0.31692019543940664,-0.13933964977695895,1.2999838220715134,-13.15749539397646,0,1,0
2017-01-27,0.6157426273950876,1.027602614189991,6.302762200326961,1.0,31.14984265727276,62.28436937151895,2.103991536453383,1007.9347226738264,0.47907826699801387,0.11057874037944225,1.2128661244856649,-8.717169810076403,0,1,0
2017-01-28,0.7288597657353558,1.661378035233704,6.414534623730673,1.0,32.759813147874794,56.88097225449511,1.849918221734654,1006.8375097042724,0.3288996579276705,0.8699636961187717,0.9210755212786776,-7.320040495771125,0,1,0
2017-01-29,0.27484555347640044,1.6194479466068439,6.005945202050408,1.0,33.047901594828936,64.11171884558328,2.065883967434065,1008.4514055500318,0.37145935043638956,0.6905205909633111,1.1603115239475659,-12.427313302075682,0,1,0
2017-01-30,2.12770281761059,3.1314081368223463,4.614214077050012,1.0,32.796653499502014,65.15062370523985,1.6229396925325035,1009.8324495902029,0.3877389027070945,-0.12937680243299762,1.0549122598919753,-29.823628897256167,0,1,0
2017-01-31,0.1528302866102863,2.555378657697277,4.3118410376226235,1.0,31.970861015954856,63.903936104613166,3.214731515137266,1010.5488028776339,1.9274828407834153,-0.5359960775025779,1.1753649529846086,-33.60322161230111,0,1,0
2017-02-01,1.0503602739522109,3.330893378173087,5.267116966883192,1.0,31.138232811740206,59.26812850801733,3.5027499405156433,1011.6273875944952,-0.36577351474615405,0.9082197853225509,0.6524802088035613,-21.658823992867955,0,1,0
2017-02-02,0.32920731010293647,1.5323978706654335,5.279548634882867,1.0,28.198081004122983,57.62152678811529,1.2389413966224603,1009.5213276875452,-0.46101845616438364,0.6191129447278927,0.9422404361664783,-21.510616621567973,0,1,0
2017-02-03,0.48356687235425566,1.8631344564094028,5.147372879842036,1.0,32.01376138827111,70.6729363720047,2.5740172314327827,1010.3544139508755,-0.7323954554230899,-1.2850054546363059,0.951225021781051,-23.169069025305035,0,1,0
2017-02-04,0.3662857220916305,1.1790599045488226,4.784798836198311,1.0,28.307971583020482,55.804289083048246,2.5640742219360324,1011.4627700016612,0.5543814803179461,-0.25052315112662465,1.1057442319929154,-27.70601349745847,1,1,0
2017-02-05,0.6083721669535506,1.4582247613994368,5.11832544967546,1.0,28.806321810620705,62.46607621035015,2.5257443224764957,1007.5963227237252,1.0160750634488025,0.13241236961340994,0.7738925285423137,-23.54619102532529,0,1,0
2017-02-06,0.46120721128094844,1.4358651003261296,3.451829843345819,0.0,31.2727012795812,59.048353098933035,2.0448124559946117,1008.620713341471,-0.10255271188938757,0.6230637736968251,0.28431474580508265,-44.373742076148176,0,1,0
2017-02-07,0.3920033984825714,1.4615827767170706,3.691002955218104,0.0,31.86944414016562,58.29218252242034,3.0139674239758305,1013.9866109193339,-0.7561408292662752,0.728081195951817,0.6143622436085567,-41.39272960144958,0,1,0
2017-02-08,0.8204503931531565,1.6736610029166763,3.4610930744190496,0.0,30.86751713232196,59.85279044229334,2.6467454296695525,1010.5404672365192,-0.7420330941221156,0.2271248009403788,0.8422848004973778,-44.26511972354495,0,1,0
2017-02-09,0.08086861709877227,1.2933224087345,3.2127543814148853,0.0,33.64877960571448,57.0746439899231,3.020932101100716,1009.9182276960281,0.585533509042231,0.4681980250870848,0.8436314085017934,-47.36775109475903,0,1,0
2017-02-10,0.6364263555336565,1.537745365785585,3.365613864594286,0.0,32.14597831820883,61.75504157429306,1.9579518610747335,1010.6076106601608,0.668928754083098,0.0513094419025229,1.2161570876792953,-45.45799381061311,0,1,0
2017-02-11,1.3160801607362087,2.0333751333686374,4.315408303238865,0.0,31.149864928169563,60.53875617695159,1.5705493659276586,1006.5947482782237,0.4888388414746755,-0.5390813505444485,0.9060126203989941,-33.591691439866864,0,1,0
2017-02-12,0.4064641183837619,2.358970634653627,4.113500254669075,0.0,33.43986992093744,69.57571070268003,2.661402366471628,1007.8346795689276,-0.5989587365598249,-0.2090115128330032,0.7434684515461969,-36.11423932805576,0,1,1
2017-02-13,0.9893412601096755,2.7118855392296464,4.641634303497803,0.0,33.690194684272655,62.978507446069074,1.8226928132314644,1007.1768309573141,0.2089451907600478,0.015192949312086618,0.6755167614480803,-29.515971260039297,0,1,0
2017-02-14,0.8685408514317893,2.2643462299252266,5.118171756447021,0.0,32.21661816854746,61.36515713603258,3.0332188122227404,1009.7524621158511,0.1050172282266554,-0.0277434000148719,0.9180797461652488,-23.562327737183576,0,1,0
2017-02-15,0.19173218858806776,2.049614300129533,4.489453551881931,0.0,30.413675274022427,60.43602374301383,1.1244862600963166,1008.3348282235361,0.19681973705611167,-1.5084583235547766,0.45094453106459687,-31.41724877884473,0,1,0
2017-02-16,0.48689058951252523,1.5471636295323823,4.895475524295685,0.0,30.728657394252497,65.65955925269759,2.1193351117811003,1009.1706664208093,0.7842859001533709,-0.317986667943545,0.5179927794403122,-26.344593793936642,0,1,0
2017-02-17,0.8811452811574554,1.5597680592580483,5.140194449919484,0.0,29.47360179949225,53.70880600014585,2.0309059401305767,1008.4391378952367,0.20123599389721405,0.04496452247132149,0.23363423079724177,-23.287186160090915,0,1,0
2017-02-18,0.44167739280986906,1.8097132634798496,4.265791681993144,0.0,31.439652365962207,58.305493554090845,2.201033063623119,1006.0714364709005,0.6110222067647054,-0.2250959935245608,0.8119991388096379,-34.211579076982034,0,1,0
2017-02-19,0.7885298009612408,2.1113524749285655,4.647857364570623,0.0,30.028977979660578,50.64114700735699,2.5571184919003396,1010.5919247272518,0.06082116254000232,-0.1974590364092686,0.505310254383226,-29.438223148071952,0,1,0
2017-02-20,0.3347239392199191,1.564931132991029,3.9932400436808666,0.0,31.0383313208078,59.688924969261635,2.638200490323254,1005.8270135535263,0.2602074588209857,0.39039309664366995,0.17896116740007922,-37.61671604164056,0,1,0
2017-02-21,1.4047991995350553,2.5280529397162153,4.5294983917841325,0.0,31.86387642196015,61.08608847126173,2.784301610111234,1007.6892030096863,0.5681594032546864,-0.8631657496389071,0.2747867147882791,-30.916946651001396,1,1,0
2017-02-22,0.405259469484946,2.1447826082399204,4.743025672681011,0.0,28.72184389887741,53.96761510758682,2.8534508672961953,1006.631117036396,-1.3114402378700998,-1.302433771160969,0.3774354537649327,-28.249233326482994,0,1,0
2017-02-23,0.4140753339195251,2.2241340029395262,4.670210417088011,0.0,29.729798221753192,63.079731388215855,2.297543688319358,1007.4154330340021,-0.2877040947215712,-0.27853583266933984,0.13319385363968064,-29.158954214407707,0,1,0
2017-02-24,0.4223246724351159,1.2416594758395871,4.211389808365672,0.0,30.78944872091347,54.14966259319398,3.665681665746291,1009.3623125534501,-0.42333538886351596,0.6112915244014318,0.007502352631717002,-34.89125149422628,0,1,0
2017-02-25,0.473209224751822,1.3096092311064629,4.242921640307624,0.0,31.425497681470482,55.442460669140225,3.2327132490966095,1011.2220084694596,-0.5749900634190077,1.350042431589311,-0.07763743076294197,-34.4973070396128,0,1,0
2017-02-26,0.08754405340332597,0.9830779505902638,3.541935892749709,0.0,30.80758887804957,57.772733587887124,2.2132661193255996,1006.189176160294,-0.24762802610401535,0.6257025912757921,0.11521729731726511,-43.25510609556045,0,1,0
2017-02-27,0.14618738358406264,0.7069406617392106,3.353399337113853,0.0,31.120310893741998,63.096749744158494,2.3183348334372296,1007.995992707433,1.3454471801109564,-1.1746110078950778,-0.11458495559784036,-45.61059659549091,0,1,0
2017-02-28,1.120798894301792,1.3545303312891805,3.0693990318805895,0.0,30.510373923107142,53.088681242620034,2.2006303731022654,1005.8506874130778,-0.7792480041239189,-0.18589379150141694,-0.19398166686808302,-49.1587680293976,0,1,0
2017-03-01,0.9888333021735536,2.2558195800594083,3.652972864569197,0.0,29.45545478278995,57.09310810236302,2.6253055676868104,1007.893773955167,0.8714505191323327,0.20530750486522353,-0.4697799961144824,-41.656509060099125,0,1,0
2017-03-02,0.9337620398966718,3.0433942363720172,4.172659570546344,0.0,30.735963472973648,59.77402606349695,1.8241637012847538,1009.1129213249558,-1.5145827944542243,0.14207289353887376,-0.17115781874369299,-35.32299545217349,0,1,0
2017-03-03,0.7238262437034713,2.646421585773697,4.474161141814699,0.0,31.1861786264196,58.65122722931238,1.9336039228160928,1010.364255222291,-0.3013965269871974,0.4314436423542993,-0.2900892066368223,-31.694500723417633,0,1,0
2017-03-04,0.26728549807121255,1.9248737816713557,4.268237415134089,0.0,31.050068416273277,58.577534952697306,1.106906652121838,1005.1701040257667,0.14647775859450504,-0.7336391571686086,-0.3786555083024006,-34.35697083308803,0,1,0
2017-03-05,0.23595217723188128,1.227063919006565,4.416645538962645,0.0,31.64112884763706,59.39584408408866,2.168130322106558,1009.9745088772806,0.5276000982233503,0.05195447004059409,-0.30109055831744025,-32.62650030361854,0,1,0
2017-03-06,0.4529349116673402,0.9561725869704341,4.723393067045922,0.0,32.0710669599873,54.34557848600413,3.046181909754865,1007.2327635850868,0.6401039218135695,0.33625826382090324,-0.21524008270475206,-28.932967174136582,0,0,0
2017-03-07,1.2738943651352546,1.9627814540344761,4.876488537879386,0.0,32.43903127897736,63.16102489626084,2.3160657872807837,1006.794372202468,0.7140125116799327,0.6605367626429276,-0.2770655368987814,-27.144383784877558,0,1,0
2017-03-08,0.5752725286761853,2.30210180547878,4.462927764382017,0.0,30.59764339160608,55.75023469008827,2.349629234482664,1009.1049934525817,-0.3138525650235938,-0.6445745332902337,-0.3630949233634041,-32.27163363848255,0,1,0
2017-03-09,0.1362920344034941,1.985458928214934,3.6654577588888393,0.0,29.278499035834326,54.605381758116536,2.5742218856837704,1010.112378949512,-0.41611661339811046,-0.27612549379431844,-0.6087180084561356,-42.15851902739693,0,1,0
2017-03-10,0.060726593935525694,0.7722911570152051,3.0023581091208933,0.0,33.264849473342075,60.65336961770717,1.8059839396933874,1008.8026970781772,0.7721782931314385,-2.1630541440586724,-0.7358807914937344,-50.379505639464604,1,0,0
2017-03-11,1.0162610793650497,1.2132797077040696,3.7513336904147305,0.0,32.02423884317755,52.33315807405996,2.422498126957006,1007.0158804411867,-0.1721738923934534,-0.49716957406221934,-0.8988576198474612,-41.09384513770289,0,1,0
2017-03-12,1.6230187398839495,2.700006413184525,5.1384002530667985,0.0,30.148087269678513,56.31381464591441,2.9415240966697587,1008.8017497993593,-1.1481176910041297,-0.41953191437683446,-0.8279470832272666,-23.897250861714483,0,1,0
2017-03-13,0.03763911642335617,2.6769189356723557,4.723104457822815,0.0,31.873401640411416,52.42516232215195,2.5912642993376522,1007.6781942411169,-1.0199584926031326,-0.8156676065339545,-0.7144275092214395,-29.04601119350409,0,1,0
2017-03-14,1.046122264228361,2.706780120535667,4.495332356915922,0.0,32.9798071878974,64.79607778866394,2.994225238127489,1010.0707740563353,-0.8275070574014503,0.13248972018612135,-0.9533740257210489,-31.869887503517813,0,1,0
2017-03-15,0.7080939296046974,1.7918553102564148,4.628153757844434,0.0,33.90546169665717,64.41739899966208,3.1658055431316585,1010.9191596977612,0.44744466964838764,-0.044756345636214584,-0.7679154633726266,-30.223192381281677,0,1,0
2017-03-16,0.18348330888466916,1.9376995027177275,4.675345032325609,0.0,31.83546894794285,53.99666173681293,2.804880256353148,1010.804147185009,0.12818316246350872,-1.8073711020620893,-1.065977571450953,-29.638123702913465,0,1,0
2017-03-17,0.582729941100536,1.4743071795899025,5.197348379490618,0.0,32.96815345361183,56.006996836462136,1.9793061848624285,1008.9479683050524,0.6214368186609914,0.1724063754414052,-1.2700005794905955,-23.166422911034235,0,1,0
2017-03-18,0.10687456702674929,0.8730878170119544,4.287961867152318,0.0,29.79117166008141,55.42986172283131,2.2008451811983076,1011.0043048336285,-0.38452738170288087,-0.742659304631222,-0.6774028354178838,-34.44082841817687,0,1,0
2017-03-19,0.37293508416314497,1.0625395922904302,3.037878211431514,0.0,31.43435070908668,53.14407797290451,3.5662197111504446,1007.1457510854975,0.1426857219690428,0.38855116735241213,-1.025637465859357,-49.93913399146709,0,1,0
2017-03-20,0.4790698469589181,0.9588794981488123,3.479308941967076,0.0,31.015596852363178,54.73541330116812,2.5958275073675625,1012.192674999781,0.563031354570603,-1.0254809981829325,-1.1382729145767347,-44.46635757368721,0,1,0
2017-03-21,1.3936035633003023,2.2456084944223655,3.826790241039017,0.0,31.964212353707918,53.88618790143126,2.515900353233902,1007.1356678620998,-0.27841188574821457,0.0240052308247521,-1.2215903795461571,-40.158348802133794,0,0,0
2017-03-22,0.3534905619924353,2.2261639722516557,3.4721868734267547,0.0,33.74028607093273,48.87350465334319,1.8913507951460906,1005.3293010587854,0.4110977138016703,-0.22653066310920475,-0.8585581232461781,-44.55465566001662,0,1,0
2017-03-23,0.210549562678118,1.9576436879708556,3.4992531272202037,0.0,31.834459713312988,56.5701549029536,2.3524497060012703,1011.4413011385069,-0.5957333469599861,0.2424815079602643,-0.6338031897981051,-44.219093259776116,0,1,0
2017-03-24,0.658691599300161,1.222731723970714,3.5752147854198286,0.0,30.171847526348397,54.2121598728768,2.8371505510621358,1007.7052736432518,-0.3267484619085646,0.09975782212107748,-1.088495291303647,-43.27733469406414,0,1,0
2017-03-25,0.8079414659096419,1.6771826278879205,4.276281684302721,0.0,29.71580054948459,55.729454861403326,2.416233825668344,1009.1936455899258,-0.3435641045984962,-0.20413134001716357,-1.0487666225269263,-34.58563716127701,0,1,0
2017-03-26,0.20102617087715907,1.6676592360869618,4.1043727710167355,0.0,33.78870664917754,54.96488108731442,2.095699458460075,1007.1280611169527,-1.0762556810301358,-1.2290178512353958,-0.7310469571256601,-36.716932020373626,0,1,0
2017-03-27,0.1289907923875113,1.1379584291743121,3.7542937164453285,0.0,32.20392533866135,52.02980443688076,2.234894701602012,1013.2380017346293,0.4382752327070236,-1.1817663707688253,-1.4525630801566203,-41.05714728334958,0,1,0
2017-03-28,0.1451555417540424,0.47517250501871255,2.505845694899069,0.0,32.1119284470871,59.336845448581926,3.122421590180122,1012.26278740752,-0.4224621061824515,-0.46710955127377524,-0.5061457534829463,-56.53517456716117,0,1,0
2017-03-29,1.3976797746112577,1.6718261087528112,3.5500349075178916,0.0,31.00339061734059,58.28093203847372,2.8079948869690057,1011.7673126776203,0.011244706854918686,-0.006623907143669576,-0.38167006701856043,-43.58951015547143,0,1,0
2017-03-30,0.7760530164346536,2.3188883327999537,4.115538361274427,0.0,31.859621059857005,58.534137122430145,2.727750535487805,1009.1425595285103,0.43267199301531806,-0.4865983577592936,-1.66104866739964,-36.57850310089457,0,1,0
2017-03-31,0.32845623258310547,2.5021890236290165,3.7853029945573717,0.0,30.102870692744492,56.58755978377132,2.6718556827396616,1010.748774214967,0.4018780584269497,0.5001695444635724,-0.997571546121798,-40.67269999809132,0,1,0
2017-04-01,1.7954939647540704,2.9000032137718295,4.7728554934018,0.0,31.900974996619695,54.30360588693259,1.7573737870138264,1008.7533248196656,0.5988465980755077,-0.22337673536934696,-1.1386610326305293,-27.543606749760208,0,1,0
2017-04-02,0.3172913905212003,2.441241587858376,4.889120713045841,0.0,29.71407910743094,57.888041601798406,2.6306012146045203,1010.8687809577596,-0.08863693605848125,-0.7720101798236083,-1.007886871483512,-27.08693366564427,0,1,1
2017-04-03,0.782164302454309,2.8949496577295797,5.5422942231126395,0.0,30.855893475595717,47.45284670135726,3.107996248893035,1008.1097216796243,-0.3809684808397384,-0.22247703439032748,-1.0261541349825196,-20.390569753819612,0,1,0
2017-04-04,0.1919335800773245,1.2913892730528336,5.589072261435921,0.0,30.458846890511413,64.61630810854037,2.3106388378228138,1011.7012864825778,-0.07174638981575915,0.1806878690532419,-0.6956384488608901,-20.74144338795062,0,1,0
2017-04-05,2.6372766192552817,3.6113745017869148,6.8286691060799445,1.0,26.798582598901376,56.785784301396575,3.0536485999714547,1008.019248370403,-1.5186009905622269,0.25990777505966756,-0.9009683797932564,-7.22994853628756,0,1,0
2017-04-06,0.43869060238781604,3.2679008017204216,6.491306692033107,1.0,30.87342122148781,63.99824032259832,2.7943277936676973,1008.2236949064658,-1.3024012251807786,1.5027033055945036,-1.0721071718696569,-12.04511840119272,0,1,0
2017-04-07,0.3692680579555686,3.445235279598666,6.5321185174055705,1.0,30.10048430438648,52.32236523231851,2.963795468088984,1008.009066379806,-1.1904296511189623,-0.5351274720027356,-0.856375681891361,-12.465328502816284,0,1,0
2017-04-08,1.3759542106879512,2.1839128710313354,6.112578763339451,1.0,31.064351461187485,51.842421332174034,2.4977536544892094,1009.1952327907413,-0.8975221448413336,-0.05878292927232031,-0.651072725255662,-17.341018452107818,0,1,0
2017-04-09,0.012881806947030516,1.7581040755905497,5.808169179765281,1.0,31.361309219309177,56.8046867601045,2.9991430992854564,1008.1500660169849,0.35979680405109293,0.3408991574555411,-1.0397324345288819,-20.878720738281853,0,0,0
2017-04-10,0.14246406546921597,1.5313000831041972,5.168468942780189,1.0,33.834002018808796,56.598076777303866,1.5883827945025772,1009.7258785588239,-0.8149311498240547,-0.01873836736065226,-1.117098747812887,-28.313010303928298,0,1,0
2017-04-11,1.6993817069651826,1.8547275793814286,6.675917069668047,1.0,31.785489894655093,58.87637423659224,2.4870791946589876,1007.9830419641289,-0.34034629863545074,-0.4004945167909226,-0.1669158147699924,-10.794170646632919,0,1,0
2017-04-12,0.16270396706153772,2.004549739495936,4.201344417474303,0.0,31.826654984811533,56.72594668930778,2.895000679201473,1010.2722378723826,1.1693054680074588,-1.239405741075395,-0.783217119785434,-39.552468024075864,0,1,0
2017-04-13,5.069487002076624,6.931572676103344,8.832140817163111,1.0,32.05275666794152,53.89687481087842,2.6449714783025327,1011.5818791668468,-0.32063757395528336,-0.40866764724241245,-0.6125364884741896,14.264428335213639,0,1,0
2017-04-14,0.7759369846481297,6.008127953786291,9.23880974385567,1.0,32.57942921577216,50.42063454556198,3.1245659561573826,1008.9884033930824,0.6637640116203779,-0.8589619301742408,-0.6314507815573545,18.990539697360262,0,1,0
2017-04-15,0.05785181012046254,5.903275796845216,7.920707343288183,1.0,31.994888534030906,58.205431568751756,2.3729324674372734,1012.841809716837,-0.8402559120088893,-1.3812853448990228,-0.3471421334481727,3.672185323793306,0,1,0
2017-04-16,3.0420720326856934,3.8758608274542854,10.949897569026845,2.0,31.753295532828346,52.83122977744513,2.1387185987519257,1010.8783713514204,-0.18489380208086703,-0.6365430733364692,0.008365241147683777,38.87598232987751,0,1,0
2017-04-17,1.0630208190779147,4.162944661884071,11.870454322635544,2.0,32.354642984622984,51.83472141060502,1.4837467630575452,1012.6976442554461,-0.8550198494195231,-0.8376733766131637,-0.2391752296838071,49.57425172585712,0,1,0
2017-04-18,0.7559458634743272,4.861038715237935,10.927018479144689,2.0,27.961609109471034,54.63842983827434,2.3034118623312216,1008.738660465558,-0.30512976831050626,0.46702923623435855,-0.7118910574488649,38.61009251250924,0,1,0
2017-04-19,0.9180667325335953,2.737033415085837,11.682381244616746,2.0,34.28356951522494,58.09970472970534,2.7773167306469375,1005.8581919737414,0.756277323711656,0.480873469931435,-0.6254463549510583,47.38855655074849,0,1,0
2017-04-20,0.06839773741886213,1.7424103334267846,6.681291979958985,1.0,33.58451908123334,65.0781960049472,2.9237968708044266,1007.577771530582,-1.5545883808731138,-0.7231034316646999,-0.32541024793896656,-10.731706015260373,0,1,0
2017-04-21,0.7569432693571998,1.7434077393096572,6.662298264668054,1.0,31.662887351237586,61.26201043979075,1.627680413561348,1007.7613724919503,0.3909812791912716,-0.20818290445049692,-0.23828457959755034,-10.952441871269624,0,1,0
2017-04-22,0.22120610440200994,1.046547111178072,6.825652558949602,1.0,29.380688268062308,62.306697568168566,3.17238683835094,1007.1333727264797,0.2139620420990501,-1.4865941296900285,-0.5467429824468798,-9.054016553804642,0,1,0
2017-04-23,0.8335002108477939,1.8116495846070038,4.617080737111703,0.0,33.053387904124705,60.91510617493578,1.8825392698771326,1004.8961901709132,-0.534734960127115,-0.3954719601461553,0.1439098995976197,-34.720979766846085,0,1,0
2017-04-24,0.6353930673337456,1.6900993825835493,4.1894529853675335,0.0,30.387470199943987,58.715630445248664,2.394502877778163,1010.6931826675334,-1.3014520689496092,0.31918552056187655,-0.2769876425182851,-39.69066454882408,0,1,0
2017-04-25,1.0812138073090511,2.5501070854905903,4.514720929202258,0.0,32.10627472183949,69.02247693622785,2.1259019335604368,1005.5007840430754,0.06491655694248256,0.6599503116912823,0.4234524004136116,-35.91055639647065,0,1,0
2017-04-26,0.6505937930951065,2.367200667737903,4.247247989763769,0.0,29.562829456134928,54.050924717471304,2.7175416928543927,1010.5208012451639,-0.4765434381574222,-0.5704376653530511,0.5606649989085715,-39.01899870709415,0,1,0
2017-04-27,0.5150769787548126,2.24688457915897,4.693927231099719,0.0,34.47586695719695,56.534007788931156,2.5236365930800675,1012.782808479297,0.20940859021923355,0.8414838884220158,0.09849775149547385,-33.82790664387187,0,1,0
2017-04-28,0.2222457103921604,1.3879164822420793,4.15922967213468,0.0,29.339793831682513,57.4121234679207,2.873972895776864,1007.4478186440135,0.019666930971098593,-1.2125535372107774,0.32486314819236173,-40.041905410114396,0,1,0
2017-04-29,0.042853689818112335,0.7801763789650852,3.9808772575507825,0.0,31.455477797077684,61.41748340163313,3.573474531269591,1009.5464454182926,1.441601002188824,-0.9981022393150341,-0.03897174382784113,-42.1146316935968,0,0,0
2017-04-30,0.04588981895897182,0.3109892191692443,3.1932668656619607,0.0,28.38783519831849,55.22057548764748,2.705903246359009,1008.1312804099208,-0.21542006472572184,0.567729492510301,0.477999137048954,-51.267862190758905,0,1,0
2017-05-01,1.00805824039105,1.0968017491681339,3.565932038719265,0.0,30.698662830955243,65.63523114855401,2.408099710138455,1009.6919948442269,-0.9211477433596785,1.3368969828505979,0.24960312471262747,-39.400181521987875,0,0,0
2017-05-02,8.648774717351673,9.702722776701695,11.133492948761887,1.0,30.160974976836506,64.65925194491929,3.0307489098523366,1006.053318724323,0.16134807146068456,0.39474559054695635,0.15325908455025328,24.948528661494446,0,0,0
2017-05-03,1.2187557529306485,10.875588710673371,11.701654908597428,1.0,32.34843101549845,66.21674277537578,3.9211910413614293,1007.9660341967693,0.19799701557458865,-0.03227390922720994,0.40233925164902273,26.72980054833166,0,1,0
2017-05-04,1.3005625434941677,11.168093013776488,12.487140473336781,1.0,30.160843059801483,66.15433813641728,3.1479116516163783,1010.2213826147497,1.2232688177163928,-1.756146997217767,0.40637641702833877,30.453722273669896,0,1,0
2017-05-05,1.520436604192338,4.0397549006171545,13.78533136713696,1.0,32.350447280014954,69.33091040828549,3.321523658754997,1008.1152911863421,0.7516001213231207,-1.6179576448347834,0.4880507821156242,38.760703097164715,0,1,0
2017-05-06,2.857853619869706,5.678852767556212,16.600331297188553,2.0,29.322605469405953,63.88949467983273,1.797961623380072,1005.2717283020714,0.3211839532345584,0.10352762951669517,0.8515310500464761,60.62639895584784,0,1,0
2017-05-07,5.629394127871847,10.007684351933891,22.18383560610143,3.0,30.36162801976745,65.22978579583193,2.9862346526934287,1010.4382342907235,1.3169726020976056,-0.28645013565693966,0.4606597005598559,107.2396807330719,0,0,0
2017-05-08,3.722668025037497,12.209915772779052,24.898445390747877,4.0,30.389697326941384,61.84028440948029,2.593296843363611,1005.8705015013728,-1.069886748890566,-0.8846681457216944,1.131590658106353,131.50550432858373,0,0,0
2017-05-09,11.123925840997488,20.47598799390683,27.37359651439369,4.0,31.450197821916177,59.11148749505216,2.346032576075553,1008.3449795978179,-0.575776379474773,0.052426064664040574,0.4052650518625533,153.63081341658753,0,0,0
2017-05-10,0.9604064548019157,15.8070003208369,27.115247216264958,4.0,31.27209846099997,71.95884485556327,2.7407170969636465,1009.2520178743785,-0.8339183472649724,0.09210509400624767,1.176809924273132,151.32143601366457,0,0,0
2017-05-11,10.620346719072613,22.704679014872013,36.4350313918434,5.0,31.767489480922798,60.09118489334547,2.8192878820972926,1008.4189887128556,-0.3508288228401912,0.7555326948322181,0.5528620545230913,234.63073521089086,0,0,0
2017-05-12,19.353568216919932,30.93432139079446,54.268163004571,6.0,31.12993710863573,66.6184624329125,2.37947235212382,1012.7706449959328,-1.239017532800678,0.10928182641016063,0.8382836874539584,394.0406173668828,0,0,0
2017-05-13,4.74841370382768,34.72232863982022,56.15872308852897,6.0,31.682215021288453,65.94404570761922,2.8671857494442405,1009.5241222799618,0.5716358521329639,0.9827154946675076,0.7449478412493009,410.94028292968676,0,0,0
2017-05-14,1.2029337224770942,25.304915643224703,51.732262683134216,5.0,29.4993647638597,68.67704799598273,2.6500152346396715,1007.8390279226877,-0.20000042738889603,0.00639522363905069,0.8078478048670437,371.37227283949386,0,0,0
2017-05-15,9.341475736137824,15.292823162442595,57.35107039423454,5.0,31.30069239766382,58.11881359769136,3.1755708180286737,1009.2880513683085,-1.323725665052392,-0.0922679958458689,1.1176445142486502,421.5986433130018,0,0,0
2017-05-16,6.034502252516676,16.57891171113159,52.261646805753735,5.0,33.007862562454044,68.80472456685561,2.890652397811347,1008.5811584715256,-0.9140211730867874,0.8514497489977458,1.3129566760819416,376.1044232230979,0,0,0
2017-05-17,5.866673641690694,21.24265163034519,57.16791399264251,6.0,28.404384389687458,64.8589558995801,2.9796615086285816,1008.2831230827218,0.28216246270517575,-0.7827527040331477,1.2534316075099345,419.96141318270526,0,0,0
2017-05-18,12.183985665800979,24.085161560008345,58.73155293937088,6.0,31.44098540098659,61.731462332661195,3.341740274531001,1008.6420750887512,0.7543139111049431,2.2515579626129294,0.8694375600179064,433.93873952367113,0,0,0
2017-05-19,2.430036169950711,20.48069547744238,41.80802089240166,6.0,31.703865953143456,63.525663840893266,3.087081009222531,1007.4219015842905,1.7970578025226078,0.3002059825333887,1.0285715925875116,282.65974333518915,0,0,0
2017-05-20,1.6434110575029623,16.25743289325465,38.70301824607694,5.0,32.80203519249045,68.0941200818228,2.7504568577535258,1008.5864811345662,2.6224762194065967,0.3046634022701385,0.7958128108770927,254.9042084861441,0,0,0
2017-05-21,33.7306184864514,37.80406571390507,71.23070301005126,6.0,31.772839970636387,66.75549275776685,1.5019525233091633,1007.2933740913517,0.37296848994839676,0.42007677917807806,0.7492103128002011,545.6683046436397,0,1,0
2017-05-22,10.06832969778928,45.44235924174364,71.9575569717027,6.0,30.896816583052285,63.228840086899176,3.0623442895960094,1004.7901048759485,-0.8905843080286777,1.501709180265314,0.713211604982054,552.1656325884846,0,0,0
2017-05-23,16.94365386428951,60.74260204853018,82.86670858347554,6.0,31.358476737744148,59.62606874242532,2.2069535119647776,1010.2556192394052,-1.9188416526581784,0.6340059293380853,0.8899974768945557,649.6822443995816,0,0,0
2017-05-24,8.576589690768724,35.58857325284751,85.57662463255357,6.0,29.727321295644217,60.32910761224525,2.7023647984988273,1007.18545205065,0.24094031610945224,-1.284044783203139,1.0583124373703066,673.9061108195349,0,0,0
2017-05-25,15.195225853374916,40.71546940843315,88.5878648201275,6.0,30.21321896272925,66.24813668787846,2.976735684474871,1008.4577548072314,-0.7316469857792934,1.1227763078140034,0.5114044566855056,700.8235055805287,1,1,0
2017-05-26,6.959926775312613,30.731742319456252,93.1177554254894,6.0,28.886390288447302,59.266945824982024,3.5539249075937307,1006.8344978263093,-0.3738215341617168,-0.27271726355601383,0.9681642484534214,741.3160754365658,0,0,0
2017-05-27,12.754799475369257,34.909952104056785,104.2291438433557,7.0,32.83821558411201,64.8502125344488,3.8595011741891367,1006.8888330481047,-0.5508871191538273,0.08572405827145878,1.346130232383997,840.6404765988025,0,0,0
2017-05-28,2.069218473514621,21.78394472419649,72.56774383041893,7.0,31.386594510561277,75.76176544811449,2.2013765211961545,1006.3330776929482,-0.12671179777474675,-1.0234031777402133,1.2319888128515324,557.6200764491281,0,0,0
2017-05-29,0.3146279362690306,15.13864588515291,62.81404206889868,6.0,29.473816819575635,65.76241354385591,1.964589767501525,1009.9101926642046,0.9593822077088793,0.42096161449911657,0.7866661135637928,470.4319996629432,0,1,0
2017-05-30,1.4062712893415765,3.7901176991252283,47.276659493950746,5.0,31.13627401175771,66.3322922731241,2.949537794831098,1010.3447570153418,0.14134371070081017,-0.5210994320540417,0.562316220271217,331.5437561916003,1,0,0
2017-05-31,4.24513474234201,5.966033967952617,42.94520454552403,5.0,32.37946105802216,60.21899303077797,2.89956414574174,1008.2499403562504,-0.14277135333481947,0.08013571039477901,1.002251684710901,292.82499731697305,0,0,0
2017-06-01,11.461200308397679,17.112606340081264,39.21117900054679,5.0,30.637915748253267,67.80648054521382,2.7512523339040484,1005.6211658993416,-0.9320883775432305,-0.22727920428862639,0.2809588482737887,159.19825000215312,0,0,0
2017-06-02,20.5563975194712,36.262732570210886,52.80764974470539,5.0,27.94931243418417,77.96713227082753,3.4624160595004585,1003.5396236976862,-1.5072146502339212,1.5400102413886816,1.108221629382485,230.99414005234925,1,0,0
2017-06-03,7.6451793567219415,39.66277718459082,47.69802962605807,5.0,24.86063215038576,72.74660771402138,3.8309024281065627,1008.0189259450277,-0.4376771181659978,1.5858082401164717,0.7450902481526801,196.81492290249653,1,0,0
2017-06-04,0.37773760651081006,28.579314482703953,46.006548759054255,4.0,29.80154701147206,79.76190690642916,2.734286827351153,1005.3693470890316,-0.04840429573648845,0.03721053617179311,1.2216523723821342,182.0003969793857,1,0,0
2017-06-05,6.673366578160825,14.696283541393576,52.365287400946045,5.0,28.0063890080436,73.3234960374762,2.8756266253799616,1004.5760806031344,1.5911369222218947,0.0511821690950838,0.29506921510360523,212.79256043333956,1,0,0
2017-06-06,1.9235682163546066,8.974672401026242,52.88258432795908,5.0,30.11926500098983,88.5314606199572,3.085881899441157,1006.6398239722259,0.11724706932559727,-0.29875437307961206,0.91708777141502,210.49136320187137,1,0,0
2017-06-07,13.16010153155293,21.757036326068363,61.79755111717,5.0,30.578385036287866,71.67661855950934,3.3450217112564586,1005.9857235694777,0.8844655599207518,0.884805033202229,0.6210431086174413,255.76525637299247,1,0,0
2017-06-08,21.62603436513801,36.70970411304555,71.96238517391033,5.0,30.807092848245865,74.8698985352923,3.888760764123788,1003.8546522546238,-0.4493660386852369,-0.26313589626670175,0.5200329477261794,313.3518139672167,1,1,0
2017-06-09,9.698493110405096,44.48462900709603,61.104480764844226,5.0,31.690643172987073,69.37445733723598,3.2764894565133544,1004.1018527324301,-1.0664493897753222,-0.33706981971655947,0.21509997534669317,251.83882377819847,1,0,0
2017-06-10,3.874955317979001,35.19948279352211,57.33425672610129,5.0,30.978906177925353,78.19046672970937,3.5055679562732114,1007.1929275245004,-0.8686050860091347,0.7828742909319716,0.6595426551522121,230.47947619433606,1,0,0
2017-06-11,15.870466345369659,29.443914773753754,72.82698546496015,6.0,31.69737485291476,75.75311293305258,4.820084558802484,1005.4069054095264,-0.6527034580821779,-0.43063927625331955,0.6311093233345211,318.2500104531207,1,0,0
2017-06-12,76.80786140181061,96.55328306515926,142.96148028860995,6.0,31.178690973146594,70.71453172489488,2.8985916910512604,1007.505615247972,1.9156227591916482,-0.030204027558824467,0.858400435733229,715.5810542221811,1,1,1
2017-06-13,22.653351738060035,115.3316794852403,163.69126381031535,7.0,31.300711096248165,72.67640776162587,3.080581822277736,1006.8509061651765,-0.7392480113019475,-1.2650486252087942,0.6129029155441772,833.0209323377422,1,0,1
2017-06-14,22.739611826143936,122.20082496601457,173.27077410490637,7.0,29.190791097600247,78.30081616704592,3.8792311852330568,1008.4727253528637,0.7546402833627105,0.5633522760985336,0.16007480952988026,887.29147116057,1,0,1
2017-06-15,9.762706007116268,55.155669571320225,161.40744574688463,7.0,27.442949488891802,77.43084952593928,4.065203775338165,1005.0892886623485,-0.8126344602783238,1.5526935513454951,0.004289222092139,820.0824800511283,1,0,0
2017-06-16,4.516392571326926,37.01871040458712,156.22534520780644,7.0,32.72318484889251,66.40333402912071,3.7212583848461054,1007.0060419030274,0.8384157115868197,0.5769802982398335,-0.1409493852143328,790.7244669751742,1,0,0
2017-06-17,40.10270960772529,54.38180818616847,192.45309949755273,7.0,29.336140601919556,71.83635502090544,4.5577584019177095,1007.7360440752915,0.34645586949527685,1.169439334037844,0.5147774186460584,995.9645768747047,1,0,1
2017-06-18,0.08153182771179862,44.700634006764005,176.66416497989488,6.0,30.968197782181058,79.4408112356202,3.6628514215817023,1005.4599583388926,-0.14097410789228138,-0.6768817089418647,-0.10322633551471719,906.5159560829445,1,0,0
2017-06-19,5.931899643718837,46.11614107915591,105.7882032218031,6.0,28.47762172918322,72.75942593463931,2.2867156505526243,1008.6161156736634,-0.036686273521890626,0.18905942562256056,0.4059388352796294,504.9842998802611,1,0,0
2017-06-20,55.583619726280354,61.597051197710975,138.7184712100234,6.0,30.597497912181023,73.42598709304653,3.530575273126924,1003.587849968672,-0.5893089258864513,-0.7545279394955117,0.11160279425215253,691.5432504259827,1,0,1
2017-06-21,11.192598237459604,72.70811760745877,127.17145762133909,6.0,25.82505783756118,76.53932921570113,3.129787686200003,1005.0878560189551,0.4014649813338725,-0.1822124364650743,0.007324599936680817,626.1262687660483,1,0,0
2017-06-22,1.441199912341719,68.21741787608167,118.84995152656454,5.0,28.673385745215793,66.56683768690314,4.302664909971874,1003.520511825472,-0.409485132306702,0.6177691818820039,-0.2071222148489143,578.9826668811106,1,0,0
2017-06-23,24.35960795409975,36.99340610390106,138.69316690933738,5.0,29.110230975867925,68.60427870143998,4.051152299187525,1005.2625748615349,-1.1030451873905234,0.08145649048263891,-0.020088543224617617,691.3998946603398,1,0,0
2017-06-24,8.805230040610015,34.606037907051466,107.39568734222209,5.0,29.89565876824439,70.50998255675377,2.5185633947821424,1006.3088985137255,-1.1501438168876574,-1.1301128180809774,-0.24340446383951644,514.091135896037,1,0,0
2017-06-25,0.6410902626810832,33.80592825739083,107.95524577719138,5.0,30.748841039858682,76.2683320867478,4.282568698811033,1008.0838511077657,0.15532912594990753,-1.0520232844302029,-0.3853809767569256,517.2611870609477,1,1,0
2017-06-26,10.73609941768546,20.182419720976544,112.759445551158,5.0,27.716206402334688,76.0630689173346,4.035998521937756,1006.3076272064767,1.4211821307693915,-1.1049311451926191,-0.17171300995748479,544.4782892225157,1,0,0
2017-06-27,14.461630866014858,25.838820546381385,71.6374566908925,5.0,30.171961957105417,74.20916291319439,3.2777005831980124,1005.5154771195208,0.1439924522160944,0.39316207195167224,-0.43327704190924493,311.51100548014625,1,0,0
2017-06-28,15.95767843001568,41.155408713715985,76.40253688344858,5.0,30.96534025990857,70.23862113606792,3.425312724039073,1003.798548780386,-0.10677449349889431,1.6511156285253348,-0.6472116473872526,338.5064845423714,1,0,0
2017-06-29,23.194069387668684,53.61337868369921,98.15540635877554,6.0,32.53228270847309,76.06498403872375,4.307684085340421,1004.4016282517833,0.2572435256422886,1.0899665952001703,-0.3466339844856569,461.7424236524553,1,0,0
2017-06-30,1.6160290724047046,40.76777689008906,75.41182747708051,5.0,30.237285669989678,70.40266531387459,2.2894707111935366,1007.1455205244398,1.1754015675361424,-1.5167881593168515,-0.5600175247965111,332.89384551939366,1,0,1
2017-07-01,34.70909057801968,59.51918903809306,101.31568801449016,5.0,26.93770758206507,84.66956885489077,4.533421681052968,1006.3877070945654,0.19744425122747072,1.1368607504558272,-0.4675453948027937,337.3321314046786,1,0,0
2017-07-02,29.769178705186846,66.09429835561122,130.44377645699592,6.0,25.800545436187218,85.30679161749951,4.922228659104171,1004.0464890248654,-0.3698345077503635,0.7491203336117178,-0.7471698305948168,450.68865416836303,1,0,0
2017-07-03,38.052595414622814,102.53086469782934,157.76027245393328,6.0,30.141899173150104,87.86893610188055,4.2129550596019305,1006.9809146655186,0.9956598390539,-1.2362399564230062,-0.9779617842280679,556.7390859646689,1,0,1
2017-07-04,8.507945458291005,76.32971957810065,151.80658704620944,6.0,28.6132946659689,82.59675030606978,4.654928765914225,1003.0912372060919,0.38588079461545216,-0.24256129336839802,-0.28180465920442105,528.612003144888,1,0,1
2017-07-05,60.15036392401226,106.71090479692606,195.999272540206,6.0,27.550250071926445,81.15960941412388,4.328075599963846,1004.0981154105892,1.382180392796393,0.8764179291966476,-0.3666039977994354,702.7235355214348,1,0,1
2017-07-06,48.80182412328033,117.46013350558358,221.60702727581767,6.0,25.313270344228236,87.28768663879225,3.7957593162020005,1004.2500264808292,0.16491099349971552,0.4403468087478283,-0.567670041907734,801.8826716924477,1,0,1
2017-07-07,20.101521939569544,129.05370998686212,240.09252014298252,7.0,26.27735842488151,86.71773308115503,3.7807648675806,1007.5540333433823,-1.1020221285484502,-1.0472760419103886,-0.9184950103932564,872.3179670063976,1,0,1
2017-07-08,28.34245500734835,97.24580107019821,233.72588457231117,7.0,28.464864360422293,79.03553003093965,4.693340438456618,1005.0416749526761,-1.2313432793210985,0.4885937246369554,-0.9270129167628848,846.6415414122957,1,0,1
2017-07-09,12.14901640276894,60.59299334968682,216.10572226989325,7.0,28.07638218991504,77.77114061870718,3.8847588427062605,1001.5639095037706,1.4858351390081246,-1.7100004768644703,-0.5341138984975539,775.5800237092611,1,0,0
2017-07-10,30.541763871676732,71.033235281794,208.59489072694717,7.0,24.856151773585747,85.9196951726943,3.3514343149916956,1006.5140662739005,1.5512991487049674,-0.1782577406057691,-0.9932011937513096,745.2890945172904,1,0,0
2017-07-11,17.96606039235429,60.65684066679995,218.05300566101045,7.0,28.46667353524134,74.24680350503662,4.339622093062051,1008.1237581623645,-0.16156729195434058,0.910365415520039,-1.085138917196,783.4333516636643,1,0,0
2017-07-12,62.33252377368399,110.840348037715,220.23516551068218,7.0,25.385204928630838,75.55951185841904,3.9583340254480435,1004.351555224652,-0.344868589022389,0.014715372457055868,-0.47833708792899465,792.2339284192495,1,0,1
2017-07-13,24.25630227778541,104.55488644382368,195.68964366518728,7.0,29.476628652181944,80.01640282663693,3.546718002885325,1003.1863403393512,1.315299863017982,-0.3991500399695567,-0.9747908026145428,693.2426702675297,1,0,1
2017-07-14,143.30116619639222,229.88999224786158,318.88928792200994,7.0,27.87299423700572,82.20064511912085,4.309231337869884,1006.3567518708663,-0.9963411138391391,0.7114770030178794,-0.5342696144815564,1190.1026623098496,1,0,1
2017-07-15,11.701523185673127,179.25899165985072,302.2483561003347,7.0,26.93222592788976,75.5455872331184,4.726548922081349,1008.336764870526,-0.8052543170602438,0.7798014520692652,-1.3364657576723749,1122.9903479653506,1,0,1
2017-07-16,41.14655796447841,196.14924734654372,331.2458976620442,7.0,28.967232030893722,81.85209692639036,4.278272916544003,1006.3288056815496,0.57899411522014,1.0480317542935602,-0.8647682878105978,1239.9364508255455,1,0,1
2017-07-17,3.8098856852709804,56.657966835422485,304.51401947563846,7.0,28.07591495996288,82.99013438568582,3.626438364389702,1001.8796770882017,-0.35514461057363067,0.69947394275711,-0.480922504507296,1132.1276916112245,1,1,0
2017-07-18,19.416402895081387,64.37284654483075,305.96436197836556,7.0,29.435914608045806,78.72362741522605,4.555265015471282,1006.1595157921047,-0.004609680048064167,0.8650998351497172,-0.992552520385988,1137.9768737960483,1,0,0
2017-07-19,38.74759366255057,61.97388224290291,282.37943186723214,7.0,27.693681814884176,88.59991004389627,4.887276707275023,1005.528661822433,-0.14709860867206132,0.5863268459500277,-1.064202786073317,1042.8596495700742,1,0,1
2017-07-20,39.665505252339784,97.82950180997172,297.78863484178646,7.0,27.77536306910678,81.63242757780105,5.594003376007304,1003.0827539422437,0.3038170939190402,0.21242291929317758,-1.2852710218545156,1105.0044431975246,1,0,1
2017-07-21,11.759220180550123,90.17231909544046,166.24668882594437,7.0,27.18166535050171,85.85348242842105,5.131289296188561,1007.1209606471431,1.266733675182345,0.07160719981105128,-0.7148136040296893,574.5002307469018,1,0,1
2017-07-22,58.50603008937742,109.9307555222673,213.05119572964867,7.0,27.94916995601281,74.38431548880429,3.6629678439099362,1005.5901205922369,0.08152641621157099,-0.18980777527792161,-1.1669571395706202,763.2612216410081,0,0,1
2017-07-23,57.10747019170248,127.37272046163,229.01210795687274,7.0,29.958147187843736,74.80682729624223,4.781032520885909,1007.168013991053,0.5795449139491721,-0.9698946344477806,-0.9841462985454826,827.6310399959629,1,0,1
2017-07-24,11.821639618173071,127.43513989925293,237.02386188977485,7.0,26.87714611805332,81.83649774259474,4.42009723042371,1002.8904314542294,-1.8451548909279203,-0.7642492070558471,-1.2521251969636376,859.9421722184597,1,0,0
2017-07-25,18.43041639143595,87.35952620131147,236.03787538612937,7.0,28.48815316520167,89.20994065427386,3.574923381507583,1005.5188884642914,-0.04384656173710615,-0.22561158554816774,-0.5344201583261474,855.9657220484098,1,0,1
2017-07-26,19.144662199294192,49.39671820890318,216.434943922873,7.0,26.34839493992765,77.5562755698886,4.436460005122334,1003.1899179713054,-0.758907243263584,0.19316172768194345,-0.6122166426520015,776.9077634837257,1,0,0
2017-07-27,16.07851093720748,53.65358952793759,192.84794960774073,7.0,24.68759099138895,81.49169597343398,5.4173888967734065,1005.2468890857144,-1.0969317543812653,1.1526500784034106,-0.8833483619917113,681.782214392947,1,0,0
2017-07-28,78.05826399682404,113.28143713332568,259.1469934240146,7.0,27.871458192656934,75.34666957625787,4.983701404460654,1007.4600943348931,-0.7903371302358757,-0.03343778230041002,-1.1358022949459936,949.1640123005576,1,0,1
2017-07-29,82.71095501300208,176.84772994703357,283.3519183476393,7.0,28.099583548995973,79.1708527905594,3.658112994287168,1002.2335366075017,-0.30071109663073087,0.8027810327021312,-0.43248684199604404,1046.7816546037016,1,0,1
2017-07-30,16.30374887272926,177.07296788255536,242.5481970286661,7.0,27.426944178919303,81.71244112264503,4.274413208160114,1002.3368864333519,0.8243122881204118,0.8634525251456966,-0.8746257779983768,882.2216287031451,1,0,1
2017-07-31,46.49942133755299,145.51412522328428,277.225978748046,7.0,25.48663699705765,78.596848407855,4.561187536213259,1006.5209429422019,-1.1937534459656076,-0.1851574381510328,-1.0237068124408297,1022.0759477076598,1,1,1
2017-08-01,58.18482624217273,120.98799645245495,316.9803885987828,7.0,28.00703746063705,75.02973556174503,3.2282407170456633,1004.7756675295614,0.027568343334975702,0.4757521690961471,-1.1498916471937617,1182.4041360010312,1,0,1
2017-08-02,29.53075580940331,134.215003389129,327.3664822088919,7.0,27.953855043934006,75.73833667342156,3.2489202198153997,1006.909362331509,-0.43575249000022065,-0.19482243337988922,-0.8306211426112897,1224.2908997136938,1,0,1
2017-08-03,18.172849642324387,105.8884316939004,329.4608209140088,7.0,26.33672307260918,73.10629684120468,4.3589595844943485,1003.3479759295012,-0.29490578492576475,1.0577087152627815,-0.9904924213385962,1232.737296768129,1,0,1
2017-08-04,8.303172592443552,56.00677804417122,259.7057295096283,7.0,25.686127756076555,83.18712810767077,4.366787907989562,1004.8932315914433,0.9024820427741437,0.5086746706127457,-0.7383069590382909,951.417376007299,1,0,0
2017-08-05,36.39762013273155,62.87364236749946,213.39239462935777,7.0,27.227672857350427,84.64070755769268,3.1628915179515,1006.0397204002818,0.48430389330353346,-0.9523870037506843,-0.35047073457600614,764.6372652458169,1,0,1
2017-08-06,3.092654123794631,47.7934468489697,200.18129988042315,7.0,28.495116901627657,84.03992787925,4.498966993453727,1005.1794488665068,1.2036582966984692,0.12921972172307739,-0.5827384637390682,711.3573676339172,1,0,0
2017-08-07,19.666580871300592,59.156855127826745,173.34845941417075,7.0,28.164332580647567,78.61292696311689,4.918360500128202,1001.5813433328424,-0.1390551113249104,1.3184897294591038,-0.35077205513210796,603.1414309649547,1,0,0
2017-08-08,14.531603145316877,37.29083814041207,129.6952363173149,7.0,26.34784415917107,85.72541718496134,4.135201876716444,1009.8817653856285,-0.6263483505036328,-0.14498482763736095,-0.5699793078974067,427.0894609177744,1,0,0
2017-08-09,3.7531366842835876,37.95132070090103,103.91761719219518,7.0,27.772711075169592,85.15091781029592,4.302069949743858,1005.1832725918589,-0.20147293519244958,0.35817202407605453,-0.32110286086225526,323.1291961731977,1,0,0
2017-08-10,21.984140721379823,40.268880550980256,107.72890827125062,7.0,28.822992923804573,83.64479209100718,4.609029908039699,1002.3883377704686,0.21824711214409945,0.4367030701913162,0.1956216688076201,338.5000039919515,1,0,0
2017-08-11,16.360866335461363,42.098143741124744,115.78660201426841,7.0,25.93928396316524,81.70410710585139,4.529600443805585,1005.3666483310068,0.15891602260833992,-0.8292983193316804,-0.3180552854078922,370.9964099124869,1,1,0
2017-08-12,8.670790824245225,47.01579788108638,88.0597727057821,7.0,27.669433471399252,80.32898826513772,3.2650093767300215,1005.5735496026255,-0.9759492650100299,0.40856635937081115,-0.08044406045061386,259.17504652563315,1,0,0
2017-08-13,59.746368775103015,84.77802593480958,144.7134873570905,7.0,29.456513328378005,82.61269235556026,3.72311016276098,1006.5901509586819,0.0814408034650868,-1.1150681216277005,-0.5130061090251122,487.6575586353067,1,0,1
2017-08-14,43.54855313687069,111.96571273621889,168.5954596226606,7.0,25.796110938727324,90.37981309681267,4.0286708163159854,1006.4699493463404,0.20540549712501463,-0.5004992851211169,0.31370463325301695,583.9727438081644,1,0,1
2017-08-15,17.67013016271112,120.96505207468479,171.7339866400548,7.0,29.198752763608095,87.35269549185016,3.7496866475574397,1004.4161683427207,2.2657266337805284,0.8605783739953536,-0.13011650520961238,596.6303169553429,1,0,1
2017-08-16,41.779379625341676,102.99806292492345,209.76022958111292,7.0,29.84787838939012,82.8701160590347,5.146363976815431,1001.7013450848896,1.6891601501535032,0.2854050322466864,0.30735898445715376,749.9888666416351,1,0,1
2017-08-17,71.09394823133817,130.54345801939093,258.87003709107125,7.0,27.26992822089954,85.45437841852268,4.646868440989581,1005.6315419816814,-0.7679190155029381,-0.2435822461972216,0.06933291160684645,948.0470567913724,1,0,1
2017-08-18,83.87615790535399,196.7494857620338,326.38532866096386,7.0,27.100803889515987,79.49113080145119,3.6003476345511918,1001.8447396266408,-0.2586450253942585,0.35716881699615,0.30811628285203707,1220.3339406903415,1,0,1
2017-08-19,12.848919261181988,167.8190253978741,330.56345709790065,7.0,29.027348142766165,86.99080162486271,4.137581423352448,1006.9885288101684,-1.3170978016533028,-0.04807379820410516,0.37758904913351166,1237.1841911472395,1,0,1
2017-08-20,58.410644578347146,155.13572174488309,329.2277329011448,7.0,27.320433431097456,80.17986392911315,4.944418160259348,1003.4821241865073,-0.5316363125671378,0.010062801881466599,0.1506928829465894,1231.7972607078352,1,0,1
2017-08-21,20.414632528584715,91.67419636811381,306.09381229285884,7.0,24.286638575165654,87.36241404992427,3.8784392431961425,1005.9440171268143,0.2840445032313065,0.5254548213761101,0.5899326049621791,1138.49894252942,1,0,1
2017-08-22,22.407020490311012,101.23229759724283,310.8307026204587,7.0,27.44270352357337,95.45131105569928,4.7771331906357055,1003.6199846631154,1.0852682587994102,-0.5818941925273056,0.17938480055741235,1157.6026607639494,1,0,1
2017-08-23,12.820525581456483,55.64217860035217,281.8718485765735,7.0,28.23958151161117,82.38313704268343,5.096090692365545,1003.9154243326126,-0.6561754539692477,0.03226912444375256,0.6146505918335267,1040.8125833526447,1,0,0
2017-08-24,25.38515137163543,60.61269744340288,236.16305171687077,7.0,28.617133351154237,95.74866166741458,4.995867456817091,1003.3593428545648,-0.5887317960610169,-0.24981455568532232,0.3723552552217316,856.4705539500866,0,1,0
2017-08-25,65.20571778276603,103.4113947358579,217.49261159428283,7.0,26.34813512548609,86.60306637328983,4.374425364779449,1006.0900352729636,-1.9325601267647894,-1.2684826996802046,0.6055856518999196,781.1733013752527,0,0,1
2017-08-26,20.32797082249885,110.91883997690027,224.97166315559966,7.0,27.20329438887713,81.2515291107892,5.016797876418325,1003.6826639591392,-0.1463993284904169,-0.7363646049994399,0.44938854057155064,811.3360629778228,0,0,1
2017-08-27,10.198638942459795,95.73232754772462,176.75965751971233,7.0,28.948686125952,81.50055658017972,3.9528400680779647,1006.1844462831784,-0.9561729706736068,1.254565157651066,0.6223283818836974,616.8986773742138,0,0,1
2017-08-28,118.18134175941458,148.7079515243732,274.5263667505422,7.0,27.49701788616011,93.5469498212656,5.757711680796809,1003.7297458787237,-0.4764954846294664,0.3077786516681873,0.3842268389855638,1011.188503967961,0,1,1
2017-08-29,10.508238780624826,138.88821948249915,262.627585040856,7.0,25.440782764593504,86.98811698309366,4.410692602889875,1004.3845356699247,-0.7891747003508294,-1.0588706411211113,0.7558407807492546,963.2011203902638,0,0,1
2017-08-30,1.6929749136751666,130.38255545371453,251.50003437307467,6.0,29.313709169607307,82.7217200892096,4.954259375295089,1004.865105416361,-0.08483629882730129,-1.2322835006787285,0.7439084885859298,918.3240854800096,0,0,1
2017-08-31,15.803955860305045,28.005169554604997,241.9188388617443,6.0,27.281260524810637,83.89889734824692,4.048977562620083,1005.0779674150814,-1.5819555522209683,-0.08973112008846716,0.6344718000041597,879.6834485347296,0,0,0
2017-09-01,50.444523946327585,67.94145472030776,227.15764502530584,6.0,30.77571278067106,75.71146174744005,3.772026580609404,1004.9235820113228,-1.3203407208518916,1.248949226541186,0.7900274349540469,1157.88321003994,0,0,1
2017-09-02,3.8593182144220806,70.10779802105466,210.6889924172291,6.0,27.29436711840396,74.1511063621069,3.7984559490553336,1007.8540035822608,1.9163224008254682,-0.1494065078434821,0.8690796054959605,1070.3658147944855,0,0,0
2017-09-03,3.9870522270478808,58.29089438779751,204.47740570181716,6.0,29.07862504599241,75.17364913515362,2.9150776560994984,1006.0987392428215,-1.1586803231466278,1.0455996427232128,0.7107050003351261,1040.957495651855,0,0,0
2017-09-04,19.06971887976106,26.916089321230977,105.36578282216365,6.0,29.96163692576526,81.25561354896038,2.8973118387114543,1007.5661711406683,-0.9871070206091757,0.28154461665492597,0.8591519652496629,485.2451312867496,0,1,0
2017-09-05,43.94624120023887,67.00301230704777,138.8037852417777,6.0,29.126003686515748,69.16078394757496,3.3496763268049836,1006.5579389280355,1.6532221754891827,0.37700036627671496,0.6637506226426138,680.4625498163877,0,0,1
2017-09-06,12.194825010451968,75.21078509045185,149.3056353385545,7.0,27.59179780936774,78.39817408729108,4.135577386966103,1007.6427668342832,2.614560452316366,-1.0685764074436557,1.5225450908065263,745.7404091406172,0,0,1
2017-09-07,3.0068085427497606,59.14787475344056,136.5084880209992,7.0,25.90648186303621,74.76914020126824,2.3735212743514977,1005.8467346671541,-1.0544099659428074,0.7500183373998062,1.2189762283110546,679.0230928428277,0,0,0
2017-09-08,84.48703824712723,99.68867180032892,170.55100232179885,7.0,31.380577673921835,72.61113498531559,3.2546683288428913,1005.1658732517445,-0.3314240611092275,-0.26794562981888576,1.0376105281325314,871.883222136848,0,0,1
2017-09-09,21.39567781835931,108.88952460823626,188.08736192573608,7.0,29.595259975278985,79.48827337188322,4.258301434378218,1007.3554946355084,0.3073999958464586,0.6904739628887266,1.274514660601735,971.2314826876947,0,0,1
2017-09-10,23.20082302323478,129.08353908872127,207.30113272192298,7.0,30.88152796652472,67.4070731017901,2.7331002245958977,1005.6984289090798,1.5558278799650331,-0.6513359855888905,0.4957942365239259,1080.0827351902524,0,0,1
2017-09-11,1.7734765192496424,46.36997736084369,190.00489036141155,6.0,30.54814323172176,63.440685877585224,4.224718258611959,1009.2129654230614,-0.8881713705854137,0.14163947800793,0.35725170438366716,982.0948043202172,0,0,0
2017-09-12,75.87285296198887,100.84715250447326,221.93150212316158,6.0,30.08359204918454,75.16101660983577,2.7957020747179055,1006.7089318774995,-0.22075006134789876,0.2816023631501052,0.8998378006272141,1162.9677685755764,0,0,1
2017-09-13,8.14739534691817,85.79372482815664,217.88407245962776,6.0,28.798134195411233,73.09788078660341,2.9224528922078683,1004.1146135134877,0.6996038184555696,-0.12322665326069322,0.6549238787503513,1140.0379755138679,0,0,0
2017-09-14,1.3286062490206678,85.34885455792767,216.20587016589866,5.0,29.93368018851191,68.94498504388214,3.384044793932918,1005.5333110973672,0.39128946701995676,0.3236361544689254,0.9372335986331399,1130.5305017564872,0,0,1
2017-09-15,18.913881773886438,28.389883369825235,150.6327136926579,5.0,31.253558217536145,67.77494189844468,4.59645330168707,1004.7884016415479,-0.3385404641070893,-0.21311766015400702,1.0415447335862773,759.0406839392064,0,0,0
2017-09-16,34.24762116367444,54.490109186581506,163.48465703797302,5.0,29.36422179220039,82.76313510757373,3.0883735428111194,1008.5184036182054,-0.12044066806443703,-0.5192478024330235,1.210924619071756,831.8504486162731,0,0,0
2017-09-17,34.1167769818932,87.27827991945404,174.40061099663143,5.0,31.910387954775995,75.57514687281397,2.432600187641171,1007.9795228806639,-1.2374062275329836,1.2843867062351717,0.6839189727024538,893.692305337913,0,0,1
2017-09-18,29.07185204178278,97.4362501873504,201.69898651916458,6.0,27.14881585156353,74.72454352198936,2.6312162321710337,1006.4772718807125,-0.21435636957719872,0.8391622930891538,1.0530682321932479,1048.3450488536525,0,0,1
2017-09-19,23.31352265100176,86.5021516746777,149.13965620817746,6.0,26.998334436849703,83.14050088208874,4.031546774822015,1007.109282479639,-0.23974874100805962,-0.6086917960385415,0.9384924788127411,750.5821060281872,0,1,1
2017-09-20,17.04894224430739,69.4343169370919,158.0412031055667,6.0,30.63131179294428,78.60309537494754,2.6595336896031396,1006.4293268163196,0.20895290066363037,0.45475544447569033,1.0006221413864615,801.0117972777241,1,0,0
2017-09-21,1.5877947313753837,41.950259626684506,158.30039158792138,6.0,28.1017663814879,80.9899774059696,4.185156605947209,1008.1358735047509,-0.4997944969371144,-0.5941430837609224,0.7598321098358587,802.4801707291315,0,0,0
2017-09-22,9.959670812407795,28.596407788090534,149.34618062644276,6.0,32.10867818121742,70.31558346908692,3.514252353318872,1007.522846770601,0.4243846702906251,-0.9477477149298594,1.2088436529335496,751.7521231913462,0,0,0
2017-09-23,9.404727641615674,20.95219318539882,124.503287104384,6.0,31.12028441234325,69.16323067955544,3.4530151246895424,1007.8471060811191,0.9114442360378457,0.827047553119181,0.807804396334023,611.0103549903621,0,0,0
2017-09-24,40.021354152331334,59.38575260635477,130.40786427482212,6.0,31.470606602078387,77.5947819279239,3.6507604082341834,1006.2418270491952,0.13988639490161944,-1.3632797005179247,1.2452763752962899,644.4613952529924,0,0,1
2017-09-25,38.43852401472167,87.86460580866864,139.774536247761,6.0,30.48621732038888,75.09555961039044,2.991825659120446,1005.4503421650539,0.3165807675592831,0.741484730861233,0.5697090755152684,697.5261469277309,0,0,1
2017-09-26,8.269918104456446,86.72979627150941,124.7309317012157,6.0,27.95778941947872,79.30249037525222,3.555101013555624,1007.784263366562,0.04783981282008063,-0.2021778500584468,0.91622087335744,612.3000237260529,0,0,1
2017-09-27,29.07999410738645,75.78843622656453,136.76198356429475,6.0,26.92492825242786,67.18151110934137,2.756534062616276,1009.3795624412039,7.595378227276239e-05,-0.16923728246442293,0.6765506245491575,680.4592142416013,0,0,1
2017-09-28,15.000119602551777,52.35003181439464,150.17430843547118,7.0,31.34141902948176,76.24856030308176,4.281712418450947,1008.5779686035986,-0.6494022301885627,0.32780097569863176,0.5683522359904258,756.4436931179964,0,0,1
2017-09-29,1.1278527106418164,45.207966420580014,141.34249033370517,6.0,27.148611004200248,77.88331514708311,2.856000722712107,1009.4341354805027,0.2848448355059772,0.4649590495954019,0.7651802256731253,706.4090345155955,0,0,0
2017-09-30,24.601108045866056,40.729080359059616,156.53887073795556,6.0,31.466846455435658,76.97609902476742,3.7357062416127262,1006.8788071414916,-0.08755793857214052,-0.6610745414631266,0.48724828332110237,792.5006746238587,0,0,0
2017-10-01,0.8748489806226087,26.603809737130447,117.39236556624682,5.0,31.69383492835119,59.95511820926613,2.133257311962636,1006.4572741738135,1.8838514780375353,0.5741804870000508,-0.15024366894792796,908.7758218574555,0,0,0
2017-10-02,0.8781582671087705,26.3541152935974,79.83199981863393,4.0,30.649620548681952,63.2848325557924,2.4341847414241577,1006.6171212527443,1.4160194122277183,0.09069643042017872,-0.2988532148231789,581.2797826293158,0,0,0
2017-10-03,1.7201181249514328,3.4731253726827767,73.28219983912892,3.0,31.37524102209953,60.692738887455164,2.529808272823117,1010.686483861957,0.3472618973008507,-1.0048438342944306,0.7351449395402129,530.9863538028507,0,1,0
2017-10-04,9.74572440079462,12.344000792854787,53.94793013253708,3.0,31.40778157365883,62.469452503634656,4.542916281871813,1004.8517598006658,-0.6867514887252908,-0.13589958686379136,0.673492769822855,366.41289514880066,0,0,0
2017-10-05,16.061785861479247,27.527628387225263,55.009596391464555,3.0,30.47299972000818,59.74956712519791,2.745439841277873,1010.9118202102436,-1.0011703247850763,1.1050232124471406,0.7855230303694405,384.1581575882524,0,0,0
2017-10-06,11.717177956368328,37.52468821864216,65.59892163719107,4.0,32.75233639291713,59.56308560654652,2.2611896150948803,1006.7855157348597,1.0720286577799787,1.3412758385965573,0.2560974469741957,487.0709065517274,1,0,0
2017-10-07,1.8744065393560583,29.6533703572036,42.872220130681065,3.0,32.70433546886944,60.70192754654538,2.487374126254677,1011.6653600830732,0.23647430263242467,0.5738787660869419,-0.11669121856167622,292.1725916025983,0,0,0
2017-10-08,1.2130204267029048,14.80460492242726,43.21039157676136,3.0,30.97429728657941,60.111063947757465,1.851303962246487,1008.0761749150064,0.43212906305244975,-0.9522747905346961,0.04692241273716258,295.19549703159805,0,0,0
2017-10-09,11.088520418750688,14.17594738480962,53.42075372840328,4.0,29.916382122649665,59.171231481697816,2.6564359404459683,1009.5038856200937,-1.5701273882767735,0.3924855219647106,0.09955693898173583,386.4656487194591,0,0,0
2017-10-10,1.742690487437928,14.044231332891489,53.44332609088978,4.0,32.5847099261961,56.232929968446626,3.864759491964324,1012.4963416569116,0.8346946334023627,0.6806887230873543,-0.21047469172261118,386.66742245848025,0,0,0
2017-10-11,3.985223194106052,16.816434100294636,47.68282488420121,4.0,27.924789731835745,70.7966010844232,2.955731211907019,1007.6089920981321,0.40897830439292665,0.5805663866549777,0.3978852096484469,335.1744576523275,0,0,0
2017-10-12,11.69834334620015,17.4262570277441,43.319382368922106,4.0,31.377823913845944,61.180547907772485,3.2961480631551154,1007.578778698444,-0.9993876159730303,0.6279634309503346,0.4901179096813936,296.16976278097627,0,0,0
2017-10-13,5.178156559510549,20.86172309981672,36.78036097206433,4.0,31.791779415522583,63.263687881419976,2.208141309435941,1006.952547581699,-0.42437232670495406,0.29061046339802465,-0.005471727668392698,237.7176270077701,1,0,0
2017-10-14,5.866623051184482,22.74312295689515,40.77257748389275,5.0,29.596681695340877,54.46497683248853,2.632102191773979,1006.4000482554741,0.23734548392086763,-0.05792987106443496,-0.18265609960004234,273.40394265395605,0,0,0
2017-10-15,3.3139935068447564,14.358773117539755,42.87355056403461,6.0,32.119673946442795,65.9930390891711,2.876449074472705,1007.6095743618088,0.04722011852061927,-0.48669399672321473,-0.5580249395730388,292.1844843104362,0,0,0
2017-10-16,9.495744427351566,18.676360985380775,41.28077457263548,6.0,30.719434058186817,62.872910401848294,2.3189233950632526,1007.2045445877868,-0.26295406722319953,-1.5183484148011972,0.09870515737394753,277.94670271359007,0,0,0
2017-10-17,12.07589124455185,24.88562917874814,51.61397532974941,7.0,29.99239409330133,59.37811080050721,2.9941115353576544,1005.9527956045943,-0.09313944125936477,0.27171341337068067,-0.32155837370332907,370.31490538025537,0,1,0
2017-10-18,7.527442394963392,29.099078066866774,55.15619453060674,7.0,32.104886939559236,59.055423465511225,3.123364542432263,1007.8243921453119,-0.22677964038619683,0.14884227492175084,-0.46460686331961065,401.97870720945036,0,0,1
2017-10-19,11.9171257170552,31.520459356570413,55.37497690146179,7.0,29.236416063853245,64.62891336471033,3.079816323820927,1009.0128739650095,0.13730626089222173,0.44606067425985296,-0.32249238912797334,403.9343969174163,0,0,0
2017-10-20,19.636742551461754,39.081310663480316,69.833562893413,7.0,31.973244935219522,48.54932901798162,2.663457526915996,1006.5906284183609,1.3243427756938413,-1.0700349546343153,-0.6383176694021089,533.1793068509156,0,0,0
2017-10-21,12.614106340691935,44.167974609208855,76.58104618292046,7.0,27.981089564683135,57.40383884709236,3.40865427371054,1007.9108484915243,-2.309992596838168,0.5160133514520483,-0.5027570818149512,593.4948778559676,0,0,0
2017-10-22,4.980438279820433,37.23128717197409,78.24749095589614,7.0,31.156360489453768,59.116134418662554,2.599537030207916,1010.7349661942496,-0.21316523805871582,1.6436360756966217,-0.9460140549594895,608.3911827029484,0,0,0
2017-10-23,6.081918442311607,23.67646306282394,74.83366497085618,7.0,30.817755802728986,60.54070884447449,2.544815020652636,1005.6481020859039,0.15886117923520227,0.06276010462232907,-0.3577406948265963,577.8750843645115,0,0,1
2017-10-24,11.587190148128474,22.64954687026048,74.34496387443279,7.0,30.00080019041803,70.2342828556782,3.619030897579279,1011.6802591971182,0.26639459071838956,-0.04933225536523267,-0.6977879622005989,573.506598454008,0,0,0
2017-10-25,3.0147202017834718,20.68382879222352,69.83224168125288,7.0,31.30184907907471,59.55191820664697,2.089927713498657,1006.9900157086845,-0.33472312318916086,0.2472018848685608,-0.4220851272106201,533.1674965710769,0,0,0
2017-10-26,3.601566437449038,18.20347678736095,61.51668240164672,7.0,30.64497608291519,63.91847981490928,1.732326140847715,1008.5648855221789,-1.5810496042307243,1.6258696197682703,-0.79997322392135,458.8349366141308,0,0,0
2017-10-27,4.982525502741926,11.598812141974403,46.86246535292688,7.0,32.23294814225786,67.1558094443028,2.2334177035761473,1010.5057518382861,0.29519593534269867,-0.8189182093599128,-0.8193296833228139,327.841285944412,0,0,0
2017-10-28,2.8951239906657986,11.479215930856729,37.14348300290075,7.0,31.540585648354902,61.83614472404242,2.986452649325827,1011.0550705259334,1.5546151927477665,0.16256554671512397,-1.1215266102309345,240.96356504046904,0,0,0
2017-10-29,1.5927336613793397,9.470383154787031,33.75577838445966,6.0,31.390146190054185,57.614365409319426,3.524262101998116,1009.0489354065367,-1.380475264424524,-0.6397259378381154,-0.6591500848085055,210.6809648930233,0,0,0
2017-10-30,3.972660710636661,8.460518362681766,31.64652065278471,6.0,31.16497994901438,54.07937601410629,2.3577963884100344,1006.9531482080373,0.7774452123283695,-0.437603776675996,-1.0960714193647865,191.82636696009797,0,0,0
2017-10-31,14.659497991185379,20.22489236320135,34.71882849584161,6.0,30.095341224864235,62.37910431453128,3.843010005493255,1006.7941978490454,-0.29567270081060454,-0.039672246305551474,-1.0240326891166331,219.28964384519028,0,0,0
2017-11-01,1.4446195199931253,20.076778221815132,33.14872781405127,5.0,30.936372328668604,62.20904454104078,2.4835101751207485,1007.8140121808535,-0.05519191124596257,1.077858593290847,-0.924696411741783,271.13765620767964,0,0,0
2017-11-02,0.25474238920145914,16.35885990037993,29.80190376580369,4.0,31.706399474943826,57.83871405866839,2.3978740342360467,1012.2494803124873,-0.9476086596335541,1.4407924805509895,-0.9143291996870175,236.52955315102164,0,0,0
2017-11-03,1.54113238591754,3.2404942951120908,26.360510648979304,3.0,31.11619401668459,59.40467297417906,1.9572288780632257,1008.1591566233025,-0.301010555120289,0.3585137157013651,-1.3879217269339965,200.82241370340185,0,0,0
2017-11-04,0.446877955204414,2.2427527303233794,23.912264613517916,2.0,32.914931261240774,65.72623613816663,3.6380048637363407,1009.4313478770321,1.1700401352290626,-0.3012757784187883,-1.0328946914220687,176.65715365061686,0,0,0
2017-11-05,4.987809567758742,6.975819908880662,27.307340519897323,3.0,31.489727563995835,59.32225100836453,2.3770184357435684,1006.9700555250552,0.5243897177889363,1.994191093310815,-0.7871723219869563,220.40018068191546,0,0,0
2017-11-06,0.9117250821482203,6.346412605111342,24.246404891408883,2.0,31.885250549589763,50.81738153326542,1.6679989468399337,1006.7673995198148,1.5590804448689497,-0.34204358506361615,-1.0883086717313437,189.11453582219576,0,0,0
2017-11-07,0.30335313972313116,6.20288778963006,9.890260039946632,1.0,29.395139791180796,55.508464920314275,3.9417929638532367,1008.8963245375431,1.0596707000799244,-0.4569087314877899,-1.0545851269891957,26.561382818494188,0,1,0
2017-11-08,1.170661231614353,2.385739453485671,9.61630175156786,1.0,32.67941967951911,61.02305043658635,2.7033938188663686,1008.2642787167701,0.3951780110366186,-1.4199544356629816,-0.9593980053070796,23.377570890714445,0,0,0
2017-11-09,0.8712643695177918,2.3452787408552425,10.232823731884192,1.0,30.5452542674905,54.37056218392461,2.946490032917529,1008.395748349209,1.569541073551013,1.116873255395795,-1.0300013312211131,30.54249386598013,0,1,0
2017-11-10,2.4727324324326276,4.514658033564739,11.16442377839928,2.0,29.899182283419183,60.83458012613599,3.4761278950593946,1006.1864928619476,0.39509384286446886,0.7745964738970352,-1.2515707715541182,41.369103119408095,0,1,0
2017-11-11,0.5053541217081117,3.8493509236584975,11.222899944902977,2.0,33.66355771139218,55.18445666684676,2.8358693120276253,1008.7165414429005,0.7451893591173531,1.9342444288931568,-0.995392166787647,42.048685100690946,0,1,0
2017-11-12,1.2474219138193527,4.225508467960058,7.482512290963589,1.0,32.33556743004021,57.460305077140085,3.0521253767816336,1011.6375048341916,-0.26691385818123753,-1.1116186817745006,-0.7271077129666835,-1.4203075609491218,0,1,0
2017-11-13,0.09603225893573655,1.8488082944631672,6.666819467751105,1.0,32.72683130508307,53.47589565211663,2.4997868059517936,1007.3133501347671,0.05989123427328435,1.1665366459832878,-1.2247299449109683,-10.89989861591161,0,1,0
2017-11-14,1.0020369259955044,2.3454910987505597,7.365503254023478,1.0,31.995191954704826,55.98158451583714,2.907431135016094,1010.4642019082074,-0.6276814409702491,0.05610841469290191,-1.0388982084866438,-2.7801305094444153,0,0,0
2017-11-15,0.16315700937133573,1.261226194302543,6.35799903178046,1.0,31.228486184369384,55.61269795795312,2.446697073820985,1002.6129644366974,0.8906255411353677,0.6448801734401091,-1.2711105715577993,-14.488861714651952,0,1,0
2017-11-16,1.0219380612161244,2.187131996582931,6.508672723478793,1.0,30.967451687355812,49.83670225769414,2.4550657110503225,1007.4045971824954,-1.0604732608033791,-1.318221712883577,-0.6679258849633751,-12.737804282987364,0,1,0
2017-11-17,1.2362186886860917,2.4213137592735183,5.272158979732257,0.0,32.44965155827392,53.92145550876318,2.5390218164753287,1005.4101153560143,0.7041153081758952,1.1744654581322378,-0.9011423986727859,-27.107974389908122,0,1,0
2017-11-18,1.4282617015439734,3.6864184514461558,6.19506655956812,0.0,32.944423957768194,50.351165110740766,2.229102674927251,1011.0739852343487,-0.1715859517546435,0.6292134010654644,-1.06267488704597,-16.38238481819492,0,1,0
2017-11-19,0.3759269988361046,3.0404073890661363,5.323571644584871,0.0,31.263440051538396,54.32098138983999,2.7698184637565118,1010.4306184391838,1.0541223841205876,-0.03112802782897402,-0.7965075425504063,-26.510481039495666,0,1,0
2017-11-20,0.871805157072685,2.6759938574527293,6.099344542721819,0.0,34.2604573092157,52.0415444431498,2.7682988676840248,1006.9870186480156,0.6757820898581339,0.5160901501288971,-1.087394061583538,-17.494820221372162,0,1,0
2017-11-21,1.4050707789950692,2.652802934903825,6.502378395721384,0.0,31.082651329039447,59.4645665566198,2.9585417224917148,1009.3695174064161,1.6385815418821215,-0.6123962408337994,-1.0093611296367777,-12.810953943506806,0,1,0
2017-11-22,2.741137984084391,5.018013920152111,9.08035937043444,1.0,29.40728547578862,59.33879291818542,2.8509556715762443,1011.0118955069751,0.6576972220247803,-0.4635520684653595,-1.0781966023704297,17.14910539783586,0,1,0
2017-11-23,1.156217608160998,5.302426371240425,9.214638917379313,1.0,28.948765461243013,57.832277674460194,3.667217593524576,1011.2917635754696,-1.4148362300879167,-0.370755690900317,-0.9398334474572644,18.709637936383704,0,1,0
2017-11-24,1.9947458386354397,5.892101430880795,9.97316606732866,1.0,28.996011783603524,52.140831235551424,3.098769606336901,1008.1183953444995,-0.060257855608380755,-1.4821822893522225,-0.29170260614347315,27.52487693442614,0,1,0
2017-11-25,0.3682008128780846,3.5191642596744885,8.913105178662773,1.0,30.779560789033088,55.62247605477221,2.342840628306204,1004.8728774108525,-1.0548064733353344,0.6894067953626938,-0.7702678048572265,15.205357340841303,0,1,0
2017-11-26,0.6744384107103876,3.037385062223878,9.211616590537055,1.0,31.034072069076686,51.49048559078451,2.7390346648505086,1007.2314465946181,-0.46645185812964723,0.953274891346053,-0.42457193514577385,18.674513902331025,0,1,0
2017-11-27,0.7648390019936192,1.8074782255820576,9.10465043545799,1.0,32.31453679138643,55.594826518774305,3.3148106310509697,1010.227878805115,1.3601055899490495,-0.5610753198110733,-0.7026738452763017,17.431404513581256,0,1,0
2017-11-28,0.7459712471791816,2.1852486598831544,8.445550903642102,1.0,31.3188460492793,59.893713674714625,1.8972078491456421,1012.6268280471965,0.5737804298079264,0.278562412755855,-0.25466226798876046,9.771665640895025,1,1,0
2017-11-29,0.7436195645735799,2.254429813746347,6.448032484131291,0.0,32.53961674712244,60.28249767488049,3.6757368384246636,1008.7510335314226,-0.6290373857208718,-0.21243237970338905,-0.6506417170197489,-13.442536081687548,0,1,0
2017-11-30,2.571706353588714,4.061297165341442,7.863521229559007,1.0,31.42174726430654,59.000379703882686,2.0024081023050684,1007.7565393199689,-0.912345629796359,0.2626191696648244,-0.3326736365291734,3.0075957175734294,0,1,0
2017-12-01,0.13090873609515585,3.4462346542574163,5.999684127018723,1.0,31.503544557899637,61.445029783284255,2.947491635313128,1013.3023662790947,0.029503883588634712,-0.5020617929688234,-0.27657042558336203,-18.944753358661224,0,1,0
2017-12-02,0.15015066415977651,2.8527657538436126,5.781633978300414,1.0,30.6760937377102,59.00599416197574,2.411286663505158,1009.7138343798235,-1.094904134443015,-0.7067401248701087,0.34575960921576376,-20.69384197238454,0,1,0
2017-12-03,0.08059303880656318,0.36165243906146183,5.187788606396591,1.0,33.476238405878966,56.107665814624745,2.3767669594217993,1006.7735331908049,-0.604026249656923,0.8416599088189941,-0.024265075408223175,-27.101970143387426,0,1,0
2017-12-04,0.6318547807236079,0.8625984836899139,5.0548043851265785,1.0,29.340536546112833,59.90917191402158,1.6255786751817687,1008.769481885268,0.2808085243961195,-0.051096468099594075,-0.27521588638502603,-27.79642714790947,0,1,0
2017-12-05,0.340074708947699,1.0525225284778363,4.648907846895097,1.0,31.90644896832146,60.97733828188047,2.9518264563228547,1010.7833853654453,1.0397808324960267,1.6176871606827807,0.09954571599491287,-31.874400498419302,0,1,0
2017-12-06,1.0903593388686772,2.06228882853995,4.995647621190194,1.0,31.230303914873097,56.301687150298314,1.6343114883070602,1008.8568420696342,0.5478853250019958,0.03704797183531197,0.5183217409626707,-26.621328279530452,0,1,0
2017-12-07,0.5809619240778188,2.011395971894161,3.0049031916792988,0.0,32.579070997828325,57.6982831345263,1.541664259653432,1010.4133646556259,-2.06216055773829,-0.7408624322803938,-0.36808619637618967,-50.347952177407166,0,0,0
2017-12-08,0.2538461227277283,1.9251673856741904,3.1278405783118712,0.0,31.45545339970384,55.63563030126763,3.1031482104144095,1006.0945023408233,0.2739300561272338,0.9815527011487511,-0.11587431702893927,-48.82379723330087,0,1,0
2017-12-09,0.2098022024550733,1.0446102492605867,3.1874921166071677,0.0,31.496715749184283,49.29482243209645,3.481089756846311,1006.4020021448749,0.06483021590932013,0.5046401313168158,0.09065281988462891,-48.084248512552044,0,1,0
2017-12-10,0.4038950370918217,0.8675433622745895,3.5107941148924264,0.0,31.11131909008843,59.11367981941941,2.006978939631868,1007.6607747219579,0.3725012568354238,0.5814982909571389,0.1002737039118547,-44.07601023269778,0,1,0
2017-12-11,0.10631721198001086,0.720014451526872,2.985256546148829,0.0,33.43517352710682,52.36296582760281,3.009191933563605,1008.475567500955,1.4545887134860866,0.9524805430943349,0.17539398543134932,-50.59152764895892,0,1,0
2017-12-12,1.2113396097620441,1.721551858833843,3.8565214469631743,0.0,31.48798280040643,58.37987793354562,2.8852422114090706,1009.5846234789855,-1.8569144491242686,-0.5222370350766357,-0.01423539799036383,-39.78974681908545,0,1,0
2017-12-13,0.321982221538386,1.6396390432804073,3.088144329632883,0.0,34.242126257580885,52.74906693768108,2.3524151823035764,1010.1296840421098,-0.5319930826719951,-0.10180264718823005,0.7150890220557636,-49.31594397030107,0,1,1
2017-12-14,0.05959736247869534,1.5929191937790916,2.5667797680337596,0.0,31.865760475600577,54.37290559024143,3.2088165283329984,1013.4225204640086,0.5318156905140192,-0.13715986519023457,0.05960172285516152,-55.77972521707578,0,1,0
2017-12-15,1.4212164966237626,1.80279608064081,3.7341501419297938,0.0,31.515078338438283,56.40585742356425,2.3091530912045255,1007.6541133737771,-1.423434959508548,-1.0325972295324948,0.415073215728194,-41.30688358839717,0,1,0
2017-12-16,0.41029763730864377,1.8911114964110678,3.9346455767833644,0.0,31.28115681752581,63.847022186340006,2.717846886561879,1008.4183354030262,1.328354143248158,-0.21087212012659481,0.7750214055632504,-38.82117833084092,0,1,0
2017-12-17,0.8288381412507662,2.660352275183139,4.359588680942308,0.0,32.27456022088128,56.35068489409628,1.6550644693648682,1007.704336164007,0.33152095143059257,1.0691035663014594,0.552870217141398,-33.55281245038283,0,1,0
2017-12-18,0.25815718344253674,1.4972929620019129,4.511428652404835,0.0,30.660863839251938,53.704414096736436,1.6807086212798201,1010.9264146208079,0.7619255872590636,0.18987048303507761,0.3606913279939088,-31.670328614043893,0,1,0
2017-12-19,1.4622019052782427,2.5491972299715115,4.762290947921033,0.0,31.688653919976677,59.33901473003659,3.108753378243732,1011.0246263085728,-0.5138492953696151,-1.0768490622759903,0.3116259243502875,-28.560184348950468,0,1,0
2017-12-20,0.17608575978352534,1.8964448485042709,4.616394486166173,0.0,31.49600638107297,57.816045411094095,2.7380495263145104,1008.1777356668624,0.7323873209695895,-1.2446715293319481,0.6325480699372077,-30.368981653027603,0,1,0
2017-12-21,0.3398983472859121,1.9781860123476465,4.896695470973389,0.0,31.93996134029329,61.61459752962016,2.3218522738077123,1012.7018580993827,0.9616244003901345,1.3318208469986172,0.5399142783345243,-26.89386197191191,0,1,0
2017-12-22,0.031032062488254367,0.5470161695576581,3.506511036837881,0.0,31.974657018088482,55.098433025806486,3.5520335199491484,1007.7074974075726,0.20959021812345152,-0.072255208204104,0.8173532925112503,-44.129111040935555,0,1,0
2017-12-23,1.4326994717288584,1.803629881502991,4.528912871258096,0.0,32.047407393579505,59.071467250916825,3.545715802469707,1010.837367793001,0.21096080342882634,-0.5179281645612939,0.450192852468488,-31.453562507825282,0,0,0
2017-12-24,0.22134319565963792,1.685074729876717,3.921417925666968,0.0,31.617481205964634,69.57047297344043,2.6708271992265438,1011.6016562112172,0.24330891535355328,-0.2191934119176025,1.0358544781380756,-38.98517229882907,0,1,0
2017-12-25,0.6462325934996881,2.3002752608881507,4.3094933357241185,0.0,33.68113545061115,58.37283813195923,1.533933328430536,1006.5326719727384,-0.7770107382654435,-1.1818462034538657,0.8909537507640429,-34.17388525974077,0,1,0
2017-12-26,0.7354828153258429,1.6030586044851354,3.582774245771719,0.0,32.076210903977504,60.19033193051581,2.340367006570262,1010.0232537255781,-0.13277581221631765,1.1384761196092958,0.9363362802107222,-43.18361390508604,0,1,0
2017-12-27,1.2433256842611087,2.6250410930866064,4.650014170249302,0.0,35.13299536502508,53.64144467225509,1.9077773013730033,1004.0784327271567,-0.13727027920712292,-0.3144423500688237,1.273214445287632,-29.952171038143288,0,1,0
2017-12-28,0.600671173221367,2.579479672808285,4.910786996184758,0.0,31.554406533314246,55.752521033305804,2.4610345538582394,1010.4670978415569,0.3450544779181456,1.0939212221907375,0.8247474376351717,-26.719157852935503,0,1,0
2017-12-29,0.43644814066129006,2.2804449981437322,5.3162030743577935,0.0,32.82709317075927,60.869228948389775,1.8455480994239433,1007.0006251241473,0.8998418222192651,0.04132137155785212,0.7711106196128805,-21.69288442307639,0,1,0
2017-12-30,1.1369041637435016,2.1740234776261254,5.020407766372436,0.0,30.468145669597472,57.86061139263324,1.6895908447145005,1010.0049609066101,-0.9526824737805684,1.1436255796547519,0.8310531085822466,-25.360099852478363,0,1,0
2017-12-31,0.7241915793070562,2.2975438837118145,5.523256150019854,0.0,33.44571951875785,61.891063253979375,1.049758453135132,1010.3424952037636,-0.11250812728761987,0.20535559923446833,0.9323047281559047,-19.12587874964417,0,1,1
2018-01-01,0.36937261773351365,2.230468360784038,5.24639617425368,0.0,30.51396777969082,61.1177667397223,2.500370916112451,1011.0162120751746,1.333309992893076,0.6825861302952608,0.9671122417479066,-22.626366960630794,0,0,0
2018-01-02,1.4863824337174183,2.579946630757955,5.9972957926452555,0.0,32.13819451631361,53.699468170186776,1.0207586579444132,1010.6023504420951,-0.6692294059313078,0.5752744368706695,0.7885418086126597,-13.122818364439617,0,1,0
2018-01-03,0.7771243079252056,2.632879359376104,5.531094416309353,0.0,31.1297672089853,62.29579091286395,2.2078721327612043,1009.1005737983862,-0.7400250155612883,0.4986328530015766,0.49373375607940917,-18.832749322699925,0,1,0
2018-01-04,1.7124563917108333,3.9759631333534236,6.642879634798819,0.0,32.13277620713871,54.1781854856288,2.8166547119704455,1008.3151050918917,0.18207557264807422,0.27834758174616847,0.8594775468608955,-4.818214602621323,0,1,0
2018-01-05,0.25041357479206783,2.739994274428073,6.456845068929597,0.0,31.17125055955499,56.65750929606276,1.9667591156894333,1008.8660620179686,0.7599466714367882,-0.1862805728924679,1.0867862108505217,-7.026125546655038,0,1,0
2018-01-06,1.2381151003219741,3.200985066824842,6.558056005508069,0.0,30.395011239685374,60.480517364570545,1.7491194202121862,1006.9911600856625,0.010283450004593398,1.5323477532582883,1.0249385241070121,-5.64353447193505,0,1,0
2018-01-07,0.06149299861535848,1.5500216737293668,5.895357424816371,0.0,31.11973608545818,66.47269655381044,2.359308353476647,1008.6189245029107,1.1960645313932903,-0.7255495880767207,1.2817492518471847,-13.809634814596484,0,1,0
2018-01-08,1.1308478530114396,2.4304559519487388,6.656832660094297,0.0,33.65817746497338,56.63144923996732,1.9028532109265386,1008.4767106450518,0.7711145843098741,0.003446113874527754,1.4586893025244456,-4.291371356340243,0,1,0
2018-01-09,0.10230953794223384,1.2946503895689985,5.272759764319113,0.0,32.154152067082286,60.452508323172715,2.511411281807291,1007.5811695230684,0.7576380602010556,0.01190870016607636,1.1446156469313367,-21.591960866137697,0,1,0
2018-01-10,0.5852946796179511,1.818452070571591,5.080930136011858,0.0,29.695575249344294,60.830390271003516,1.7803186087048068,1005.8658150194079,0.49870485119168395,0.3219526026748172,1.2824308014063932,-23.989786634774017,0,1,0
2018-01-11,0.7574105797123375,1.445014797272489,4.125884324013363,0.0,33.03350107291116,62.39872638873417,2.337320172302054,1006.7014778002857,2.0948877903114766,-0.3435781167156009,1.1076220341913006,-35.92763731220031,1,1,0
2018-01-12,0.37798594143938347,1.7206912007696387,4.253456690660679,0.0,30.251845438716884,65.03561579776367,2.192164094907893,1003.3297620210752,-0.1846455199794398,0.25179704447167023,1.3197048827524602,-34.33301237958615,0,1,0
2018-01-13,0.4914910012363115,1.626887522387999,3.506832591575016,0.0,32.54066829445649,58.70516032787867,2.393103558704911,1008.4457802665662,-1.8031700628598626,-0.1350740681623729,1.3284919966881057,-43.66564008715273,0,1,0
2018-01-14,0.13775200062609969,1.0072289433017612,3.583091593585757,0.0,32.27439649780934,63.73374568529493,3.38110748442218,1009.6488603789128,1.4438289253654268,-1.2655620139503194,1.0744469312307878,-42.71242028620017,0,1,0
2018-01-15,1.031347109447986,1.6605901113103636,3.483590850022303,0.0,32.36279994392697,64.77538356539557,2.5199030529621647,1004.1713435836158,-0.4119294878611431,0.007641829005477165,0.9815461191695551,-43.95615645469642,0,1,0
2018-01-16,0.6158941614050716,1.7849932714791237,3.997175473485141,0.0,34.094430123810525,65.93470487169074,2.7026830013672845,1009.4260494156816,0.09709239990872974,-0.8804522664241214,0.719454705615315,-37.536468029183254,0,1,0
2018-01-17,0.17474496696501532,1.8219862378180394,3.5866257608322054,0.0,30.339867996312254,60.81757911309284,2.02514067770268,1008.7795093219783,1.1785956163744742,-1.387508609959121,0.7238618088160792,-42.66824401703371,0,0,0
2018-01-18,0.6386265003350071,1.4292656287050605,3.4678416814548747,0.0,32.355077977416634,59.15724083860203,2.5339703793478767,1006.8818024408819,-1.4420335869530327,0.10949865655150798,0.6109047220101322,-44.153017401354205,0,1,0
2018-01-19,0.6576293083048421,1.4710007756048311,3.7474850483203337,0.0,33.26338934858042,57.12614162258981,2.2351344638871087,1008.2237934383269,-1.1264824926955255,0.3903066736156532,0.8096992499532508,-40.65754031048367,0,1,0
2018-01-20,0.5155209762450436,1.8117767848848592,3.7715150233290657,0.0,30.599286908900257,52.24254056042459,2.417810152436883,1010.8914103093645,-1.4411501434069685,0.4213584336836611,0.431302438742742,-40.35717120794162,0,1,0
2018-01-21,0.004678499195200138,1.1778287837450525,3.638441521898166,0.0,30.455910278454084,57.18524095481224,2.7893838705311955,1007.246422502659,-0.7147226610228815,0.45373656561575537,0.5187294773120268,-42.020559046772185,0,1,0
2018-01-22,0.321524996103666,0.8417244715438762,2.9286194085538457,0.0,31.09790273689367,57.27728762307434,2.099876223863709,1009.1418947483264,0.3956729454152942,-1.5460712167524884,-0.06891788559914014,-50.89317048612061,0,1,0
2018-01-23,1.0177087178738995,1.3439122131727321,3.330433965022674,0.0,31.95459154132597,58.81829087440285,2.1611892664068337,1009.6238354410368,0.47176905853149387,-1.0888135423259757,0.9024114767873235,-45.87058192033911,0,1,0
2018-01-24,0.7965743430806236,2.1358080570581555,3.952263341138282,0.0,29.525298507629746,60.30817704661206,2.1081677264427396,1007.5199896604088,0.24864676139569838,1.5788171494509369,0.36682947327463195,-38.09785924500323,0,1,0
2018-01-25,0.7749619613815986,2.589245022336088,4.088598802184873,0.0,32.27192807837672,52.395664219527355,2.0965847419676806,1010.8148506220376,-1.2714892955031298,-0.837767008061629,0.4848503699949205,-36.39369766912393,0,1,0
2018-01-26,0.6114003015036605,2.1829366059658493,4.042369795383692,0.0,29.52822385273106,57.980495428207256,2.5039576663560377,1009.7268765125874,-2.0790930929693796,0.48867282490935127,0.6832644468801252,-36.97154950955386,0,1,0
2018-01-27,1.1220772668268746,2.5084395297121,4.648926085965523,0.0,33.310628447305504,65.83123416041994,2.181627372818295,1008.5465231229335,0.04891822685134404,-0.5495500973326769,0.3407698926930159,-29.389736853606735,0,1,0
2018-01-28,0.24862072279095226,1.9820982911214537,4.892868309561275,0.0,32.21923885050125,62.414729877311295,3.2987903461590133,1013.2537956614248,-0.42459843027450217,0.06373819141405157,0.572841378854493,-26.340515755917636,0,1,0
2018-01-29,0.18976533200044643,1.5604633216182398,4.761108645458055,0.0,34.17836111216492,59.0818082144139,4.007514154728368,1010.8226039989066,0.4134471945449506,-0.5066033618188753,-0.15327347784126072,-27.987480933515386,0,0,0
2018-01-30,2.0686607213708226,2.5070467761621877,5.812060648954979,1.0,32.43626255602809,60.316525153430625,2.059251156899481,1005.9648732177352,0.6317582635991431,0.4492329236957159,0.7014257044698023,-14.850825152956826,0,1,0
2018-01-31,0.21850049729640095,2.476926550667636,5.233986803170756,1.0,31.07330065960569,56.33466572022023,2.576418242934685,1008.2994794839341,0.12441728885281372,0.10941929385335925,0.3184647030594943,-22.076613868847748,0,0,0
2018-02-01,0.0881297549555575,2.375290973622747,4.547154596744715,1.0,30.380888008378196,50.09876895966512,3.0232635943555586,1013.4389238343739,0.6841197768382684,-0.3586318189153869,0.043449313831256366,-30.65370839313267,0,1,0
2018-02-02,0.37066275914137975,0.6772930113933044,4.306417054382434,1.0,31.83348347899193,59.56470947618271,2.2410096115080296,1007.2310404829609,0.20629023670356159,-0.8401376957445683,0.29190737296835345,-33.66848269332489,0,1,0
2018-02-03,0.5345903180531718,0.9933828321500753,3.7189301056087314,1.0,31.4566851738139,46.18312908169964,1.8038243651389767,1009.1183679674714,0.47705823504132,0.21421935799400887,-0.41183373410220975,-41.0153873324003,0,1,0
2018-02-04,1.1282445689932414,2.033497646187759,4.59855395181102,1.0,33.15963064651111,55.08727320070433,3.443363035601271,1011.2147552183019,-0.6342059365828941,-0.9701750392340721,-0.2467720123833581,-30.032872892737878,0,1,0
2018-02-05,0.32230209800504256,1.985136985051422,4.731090717815617,1.0,30.198969654786136,57.321889506774355,2.8121534250055378,1010.1731459982439,-0.16165027244831268,0.3419848336966708,0.1320398330679371,-28.384126719348913,0,1,0
2018-02-06,0.3193025643698366,1.769849231368087,2.9817325608146303,0.0,34.32829879832829,53.34395092549568,2.591673320506251,1010.432611962672,0.17709848699126152,2.10118792722952,-0.7494856059960382,-50.24692502101975,0,1,0
2018-02-07,0.48657829654789153,1.128182958922737,3.249810360066121,0.0,33.28372371608391,65.20338006800858,3.2707724888009793,1010.3266316037046,0.7384756278756769,1.0801360410096097,-0.19543154185846812,-46.904790448298534,0,1,0
2018-02-08,0.26365668132853665,1.069537542246231,3.4253372864391,0.0,31.214102915322922,63.66806781990269,2.8625989530166573,1009.0446740483559,-0.3543670550021149,0.5746783095153303,-0.25429200104455674,-44.71183637549741,0,1,0
2018-02-09,0.06280202633925469,0.8130370042156491,3.1174765536369753,0.0,34.01598525437559,61.27361244670054,2.3716980271460586,1007.572801233448,0.4690505301589014,-0.06848583819291813,0.05437553195186012,-48.55810920556667,0,1,0
2018-02-10,0.0994466518778546,0.4259053595456122,2.682332887461658,0.0,30.40265666460274,51.09783619934665,1.8144805292703023,1009.7815426868558,-0.2392549127238411,-1.5510021016028204,-0.8829133673910686,-53.99459746814286,0,1,0
2018-02-11,1.395500821683419,1.5577494999004946,2.9495891401518355,0.0,31.786861703564245,64.3608202398106,2.1044600020678272,1008.2739692116086,-0.10578795059531733,-1.0578291167201475,-0.13250710006602145,-50.65561865771737,0,1,0
2018-02-12,0.9293863812332257,2.4243338547944653,3.556673423380019,0.0,29.711976525485408,57.68012235050843,3.1233529719255246,1008.1325349788267,0.7465671378216657,1.0262342848821708,-0.720872354760085,-43.070982049828025,0,1,0
2018-02-13,0.46990279151534714,2.7947899944319583,3.7072736505255297,0.0,34.0842329565049,51.395872854387804,2.809710441608386,1011.6674165372204,-1.7937543339487403,-0.631804864099824,-0.7370540754855929,-41.18945088929401,0,1,0
2018-02-14,0.7942431879612202,2.193532360709759,4.014938541938858,0.0,29.192694459369555,54.70436832338633,2.2884590770958124,1008.3131743555363,-1.166825095267285,-0.5594016785312373,-0.9731704015649876,-37.3456248130081,0,1,0
2018-02-15,0.9539705114811798,2.2181164909577133,4.7052523720915005,0.0,29.482417622915904,58.390876769413524,3.460396965419684,1012.0700018647066,-1.3339668576985386,-0.13252038054721715,-0.9799397307411368,-28.72115586898163,0,1,0
2018-02-16,0.2328651699908749,1.981078869433241,4.875315515743121,0.0,30.61043764779724,52.997863820345486,2.3061262768879294,1009.4611465544424,-2.1002545078634745,-0.8496370070772438,-0.6452189996796436,-26.596463827649362,0,1,0
2018-02-17,1.2782360266804802,2.465071708152501,6.054104890545747,0.0,33.35028914222955,54.91854878549879,2.992969825161111,1008.7125012237213,-0.6104379961396591,-0.9814149876413091,-1.0600032461224838,-11.869202239560328,0,1,0
2018-02-18,0.8057774650782319,2.316878661749553,5.46438153394056,0.0,32.83581883819336,56.69668931236229,2.532482477094457,1005.7273560373385,0.6744905097549664,-0.040379258225137465,-0.6302571513888712,-19.236939278066213,0,1,0
2018-02-19,0.5775229406068746,2.6615364323655526,5.1125180933142085,0.0,31.669906877203672,50.07310508615981,3.5602308711760666,1012.8147074506637,-0.2563956597443173,-0.7132235637376291,-1.011961915917609,-23.63296204867947,0,1,0
2018-02-20,1.1728941334498642,2.556194539134937,5.815509435248726,0.0,32.92553269331714,52.981655527763664,2.8522863409592127,1008.9882219409166,0.17801107374766692,-0.5928148638231159,-1.1777599053274248,-14.850106003200697,0,1,0
2018-02-21,0.8327588759731409,2.583175950029846,5.854025123260646,0.0,31.337456783087315,50.32448536764096,2.4281547374502535,1004.9115635102672,0.9802957470397133,-0.6249528209176048,-1.0320364057200468,-14.368908407835754,0,1,0
2018-02-22,0.7896533101894019,2.795306319612373,5.689707921968869,0.0,32.09043628865812,58.384317086207275,2.2931781614623126,1010.776873278229,1.1949175190409225,0.4178881710675749,-0.8387126634933737,-16.421813242723566,0,1,0
2018-02-23,0.15559303238828437,1.7780052185507937,5.612435784366278,0.0,33.81145250360149,50.843741411060115,2.3912355480851084,1008.9086218787078,-0.06222414125352559,-0.18570055239628583,-1.0121854274979416,-17.387216399784347,0,1,0
2018-02-24,0.9861895388600141,1.9314358814376669,5.3203892965458115,0.0,31.153769575197025,55.79528410001564,1.9652206860370116,1007.322581326595,1.2182273006124575,-0.14285757431508295,-0.9513429594494983,-21.035913201734083,0,1,0
2018-02-25,0.7181044972673065,1.8598870685155715,5.232716328734886,0.0,30.426114328602537,49.4459781032631,1.5804371661992467,1010.6750972870851,0.08291399259069829,0.4775567178471066,-0.7999301221105352,-22.131259629819926,0,1,0
2018-02-26,0.18414025509553883,1.888434291222826,4.839333643223551,0.0,32.15755639774071,50.686534701910205,2.5857002827879234,1004.4112488257114,-0.7536584014447159,-0.11363168658635213,-0.7144577790553561,-27.046005077640444,0,1,0
2018-02-27,0.582583901873853,1.4848286542366649,4.249023411647539,0.0,32.535420028171096,49.602330377801,2.080347940703791,1007.7135957905874,-0.5349603169788617,-0.2226030147657383,-1.070628587052042,-34.421074266740476,0,1,0
2018-02-28,0.11464602450418884,0.8813701814735472,3.5309105601785875,0.0,31.653662829686315,52.70028223690993,2.078753918135184,1008.4600428335701,-1.3324828613085147,0.3763602844561367,-1.259137531873436,-43.39285161680573,0,1,0
2018-03-01,0.4051400005055666,1.1023699268835752,3.1463972504947524,0.0,32.88934840051047,55.37170614990507,2.3540222574420513,1010.5174539062159,-0.7993204683602871,0.5345582748461049,-0.9809559684653072,-47.93693967526137,0,1,0
2018-03-02,2.7564613266775084,3.2762473516872306,5.747265544783977,1.0,31.20285177059511,56.35876779978517,2.4386604624088246,1013.0159683819331,-0.32221501926698626,-0.11765879960688336,-0.8811291888671408,-15.801322294874362,0,1,0
2018-03-03,0.144296455226816,3.3058977824098577,4.905372461150778,1.0,31.663178974738916,46.61437153485434,2.4117520063214073,1008.5429317378682,0.7232265174407415,0.06448622049641728,-1.3597030117963904,-26.34842267244217,0,1,0
2018-03-04,0.061679999451764084,2.9624377813560554,4.248947963335236,1.0,32.00901939691108,53.403424211334546,3.4503036104555336,1009.8114151520596,1.5486928480493856,-0.6254321837866624,-1.2098351374933105,-34.59611788292886,0,1,0
2018-03-05,0.1013088175753129,0.3072852722538597,4.16611652581501,1.0,31.88692001457445,51.20879343374362,2.804754080117305,1013.9306145320442,-1.2439633638393361,-0.6885464345316205,-1.156595087440984,-35.73251259565037,0,1,0
2018-03-06,0.3990710852804156,0.5620599023074593,3.9826037092215723,1.0,33.74319484232642,56.700895621243255,3.672015746368638,1008.9920418556255,0.35354472143392707,0.6153180015734462,-1.0153551764097064,-38.11713639390229,0,1,0
2018-03-07,0.8881717830285629,1.3885516858842581,4.7561294677459465,1.0,32.001993311322494,53.18880756694717,2.143932177451754,1009.8262739022583,-0.936489545241781,0.3559536500356974,-1.137286679968911,-28.636573238686175,0,0,0
2018-03-08,0.5013494028463686,1.7885922711553137,4.852338870086749,1.0,31.059151572432135,54.90180951178998,2.8775587852474107,1006.7562829059065,0.4272273796168818,0.3642387507332609,-0.7509744227690275,-27.443786892206333,0,1,0
2018-03-09,0.07788562018366872,1.467406806058567,2.173763163592908,0.0,32.223788943409446,50.85561968124619,2.1772788749925502,1012.510016492372,-0.11797798561895394,0.2246834789804178,-1.3068616623712281,-60.65227226872817,0,1,0
2018-03-10,0.8779094177390612,1.4571444407690652,2.9073761261051536,0.0,32.897005737700205,60.812266634229786,2.070647284615529,1007.7001581806223,-1.6478152432627773,0.03696262065196286,-1.2755575181274825,-51.55707466854387,0,1,0
2018-03-11,0.09266016475352355,1.0484552026762202,2.938356291406913,0.0,32.56854417944834,49.627171297364825,3.6946519752142852,1009.4669439327406,0.8354672924116359,0.5571295126582154,-0.9364322403555427,-51.172988318514065,0,1,0
2018-03-12,0.2509733628122019,1.2215429453047533,3.088020836643802,0.0,32.4909451609502,53.33719983840417,1.9464374377332738,1009.415940018232,-0.5445006415278579,0.7480870088182271,-0.8665735164906965,-49.3174750135014,0,1,0
2018-03-13,1.2406257720115421,1.5842592995772342,3.929575523374929,0.0,29.387344360402377,54.64925555530909,1.0682859974369108,1009.1371245810437,-0.48051021453619913,0.7289824041525181,-1.1534831395877114,-38.88403591372126,0,1,0
2018-03-14,0.5216899394107413,2.013289074234452,3.563093679757107,0.0,27.99509689774557,53.83154238701763,1.982556813871551,1008.2017509811903,-0.962777170160721,-0.08062233275678947,-0.9062341421231789,-43.42760991651609,0,1,0
2018-03-15,0.5423895830500569,2.304705294472307,3.604133859960795,0.0,33.2699849153909,52.00381466967817,1.202332202322041,1009.4179028424284,-0.5888549490188,1.1095941839270704,-0.817204396272333,-42.91880136544924,0,1,0
2018-03-16,0.08007006174697578,1.1441495842077407,3.6063183015241025,0.0,32.09901498601061,47.91720489603422,1.8365316987273625,1012.146741056795,0.38510139662542553,0.18276854538585696,-0.7754522198026569,-42.89171906363672,0,1,0
2018-03-17,0.2815652479690674,0.9040248927660668,3.0099741317541087,0.0,31.454406178060648,52.843403061583835,1.8921269068604514,1013.0891967580599,-0.17031990684276496,0.5059009540526388,-0.5972522904142488,-50.285083601801375,0,1,0
2018-03-18,1.0913255835525633,1.4529608932685731,4.0086395505531485,0.0,32.45665280021424,51.373149597754164,2.428495458281394,1008.6682584283527,0.29579580205423295,0.2256703126679038,-0.7567522509710148,-37.903814752157146,0,1,0
2018-03-19,0.6758288692329445,2.0487197007545417,4.433495056973891,0.0,34.1828484712543,63.37894642373695,1.177568423002232,1008.1744816811962,0.3257296685359593,0.1976053659873393,-0.17620861532067617,-32.63653489222892,0,1,0
2018-03-20,0.906883295839266,2.67403774862474,4.099752580801614,0.0,33.463558193507,65.22074589449625,3.1248977350191427,1007.5277396320471,1.1885954899753504,-0.5886015922002558,-0.37624296443298466,-36.77421228272486,0,0,0
2018-03-21,0.46678664239162887,2.049498807463806,4.0448492837825025,0.0,32.83172336324477,55.27149940604585,1.281864841325714,1013.8185596928867,-0.3085075357779414,0.5610806706758609,-0.651161389263295,-37.454893187790105,0,1,0
2018-03-22,1.101576483415581,2.4752464216464425,4.604036184148026,0.0,30.243198675356325,50.54489994849078,2.3306759057781345,1009.2154184183507,-1.3291720351611587,2.2762355159261114,-0.3754573925996867,-30.52219759195115,0,1,0
2018-03-23,0.07923693818031154,1.6476000639874882,4.603203060581362,0.0,30.4251074371642,59.263365350898525,2.212833512777876,1010.9905922266433,0.9605001749147848,-0.2998360598320666,-0.31655226525498253,-30.532526503586293,0,1,0
2018-03-24,0.3889624891539163,1.5697759107497755,4.7106003017662115,0.0,28.143648007407236,53.20007830810747,2.9025366153112393,1010.237504755719,-0.2983393548875292,0.05679577233995853,0.00872587287702864,-29.20103540377553,0,1,0
2018-03-25,0.7735168518461683,1.2417162791803626,4.392791570059816,0.0,32.37153342476091,53.927039415418086,2.618252364310888,1012.9586386590453,1.0031332001196394,-0.35696421147780993,-0.3915383845558982,-33.14116918226691,0,1,0
2018-03-26,0.04330374960014696,1.2057830906001983,3.7602664504270185,0.0,33.03669263776766,54.598792890542775,3.119450152126921,1008.537655100868,0.3450394018642234,-0.39041592124954766,0.004648617635773816,-40.98309843395251,0,1,0
2018-03-27,2.0701388428094676,2.8869594442557496,4.92352199739722,1.0,33.15086382599014,54.795826622490274,2.190454424183648,1006.9907926451692,-0.11802377718301044,1.2355595824949384,-0.12188813115215363,-26.561271667188073,0,1,0
2018-03-28,0.5289085476907286,2.64235114010031,4.98564390269632,1.0,32.430217221109515,56.42314501950498,2.1284783615696234,1012.3305287544531,0.3138983046416656,-0.5383768141819718,0.29578257371259453,-25.791095793985967,0,1,0
2018-03-29,0.03531552304778529,2.6343629135479483,3.9193829423285242,1.0,31.268920959803786,52.60129787428143,2.655000990402373,1010.609467201771,1.7559113041136696,-0.37926437869308904,0.3010944321647976,-39.01040164525835,0,1,0
2018-03-30,0.5155924319889306,1.0798165027274111,4.355738436137143,1.0,30.694626114647825,54.50242433656423,3.0248475270871467,1009.8048251855947,1.8692824761483777,-1.269994258985041,0.0831637568067136,-33.60054707218141,0,1,0
2018-03-31,0.09481459698127719,0.6457225520179597,4.061590543964504,1.0,30.329103846794954,61.2418240224496,2.9023678570196965,1011.7468623289616,0.062443021619500834,-0.6060893796337979,0.023790975923745364,-37.24733814553734,0,1,0
2018-04-01,0.24567190751143275,0.8560789364816073,3.533745599629768,1.0,31.1301025098033,58.48440709563292,2.660280290635517,1009.7728134082382,0.14417153398536778,-1.3667199143626783,0.2711800725440361,-41.94394806802265,0,1,0
2018-04-02,2.1965416285821853,2.537028133074862,5.686983478611807,2.0,29.989940543179554,58.82728276946845,2.6067892639156405,1011.6746397774028,0.9686161417197471,0.5054437593695431,0.1541370910975672,-17.814554995252895,0,1,0
2018-04-03,0.6969461293707959,3.1391596654643807,4.313790765173135,1.0,33.817232989646605,50.69527357283658,2.445418288274679,1009.2926839461676,-0.7610949294906124,2.2397577774698476,0.6734325673889262,-34.66764815817399,0,1,0
2018-04-04,0.45412898548468805,3.347616743437636,4.239011202967094,1.0,29.53557712434274,62.54756366545808,2.7131498612441227,1010.4723264187147,0.2997633353564296,-0.29334303492041774,0.32629774223730545,-36.43120596684787,0,1,0
2018-04-05,0.14740890637337975,1.2984840212288304,4.3511045862926885,1.0,31.083022710989667,55.84272435485187,3.6881524292424857,1009.7963229200515,-0.02327656315847076,-1.33340634639219,0.257647695893959,-36.02301596499243,0,1,0
2018-04-06,0.6533103093277,1.2548482011857345,4.488822463631458,1.0,28.648191519831357,63.175120878338255,2.3216477336208334,1008.2633078111969,0.28251739031179823,0.7199997315437866,0.2954247940392131,-35.317030374745556,0,1,0
2018-04-07,1.1297099541825195,1.930429169883566,5.523717820832701,1.0,31.774074104451874,58.95046829331544,2.2484976657057083,1008.4791157362439,-0.7500319253544652,-0.5815399671441255,0.15707376030208287,-24.184478103032863,0,1,0
2018-04-08,0.6798606009086903,2.462880864418876,5.957906514229958,1.0,31.3555601049746,57.31261124772351,2.2025582429830557,1008.141666546693,-1.4306107439780722,1.0394775444428324,0.6480561152541435,-19.13854520161967,0,0,0
2018-04-09,6.144097620494892,7.953668175586069,9.905462506142666,1.0,30.859390803539227,52.10684350288739,2.700815417428409,1009.3266953058207,-1.8656850923921626,-0.22562323823195576,0.35092688372906766,26.738058594551305,0,1,0
2018-04-10,0.2825182861122451,7.106476507515794,9.491034662884115,1.0,30.053000726192504,68.82948027424248,1.194144601096789,1008.028374202734,-1.005645701690647,-0.5054525512662246,0.8757647075042954,21.921776822684137,0,1,0
2018-04-11,0.25717007506351464,6.683785981670618,9.294075752462941,1.0,31.362343868457245,61.95726546138951,2.386154740674359,1009.6334377496382,-0.41280775644539974,-0.1423660445965492,0.32143667737221177,19.632814762100523,0,1,0
2018-04-12,0.6870966591860113,1.2267850203617372,9.833763505275572,1.0,30.596652052614647,63.187818243664864,2.9955798733049464,1009.5722413542621,-0.26387242798388566,0.6062214087489498,0.7179343876557601,25.904807169593752,0,1,0
2018-04-13,3.332005306892706,4.276272041142198,12.512458502840579,2.0,31.167282253521243,67.74853656618718,2.1514532862376288,1009.2180959746828,1.7435080461865653,-0.18193650460452515,1.0130164274428908,57.0353166153968,0,1,0
2018-04-14,1.404794021130177,5.42389598720886,12.787542569788236,2.0,34.09929930131977,59.39827443549412,2.579214540443269,1009.2493521397784,0.9953940329165684,-0.3973797622349644,0.22449668432369363,60.23221180215319,0,1,0
2018-04-15,0.5697821424859337,5.3065814705087835,12.677464111365477,2.0,31.599945400884177,66.60495945356018,3.7327930405388354,1007.8297333738498,-0.8658820047074646,-0.15906528238309747,1.30186982890549,58.95293271557402,0,1,0
2018-04-16,0.4146180328427801,2.389194196458857,6.947984523713367,1.0,32.104911389798225,57.834551034532815,2.6661516875422064,1008.3412610721326,0.3129376072058613,-1.017484147600708,0.723266955900274,-7.6323330892579815,0,1,0
2018-04-17,0.2660337874590215,1.2504339627877017,6.931500025060143,1.0,30.70864661268189,63.127466591829965,1.1236557897827033,1005.8417226474282,-0.3663704127152926,0.3176252818351841,0.8945871138910739,-7.823908032093948,0,1,0
2018-04-18,0.5434496393322436,1.2241014596340114,7.217779589328872,1.0,30.260687585089915,57.993420517358715,1.6212611426205754,1008.6330537109076,-0.25592745423608565,-1.4293812750759283,1.0292490685152358,-4.496904141128653,0,1,0
2018-04-19,0.7217513693013428,1.531234796092574,7.252434299444205,1.0,31.326756499806475,58.655893148604996,2.3165898117014705,1007.0743583200333,0.1667930844738438,-0.3552971634924123,1.092257461909122,-4.094163709102015,0,1,0
2018-04-20,1.7569738391997616,3.0221748478333144,5.677402831751259,0.0,34.864393705427695,60.830498129680336,1.9848962176275664,1009.028552909661,0.557254005277854,0.6075081670645947,1.0007244608375154,-22.39842456262324,0,1,0
2018-04-21,1.5900111009658648,4.068736309466935,5.862619911586947,0.0,30.956498525783037,55.87171732349113,2.529221686035345,1007.5627381139071,-0.30533263549561385,0.24243862634617344,1.2002513150242313,-20.245920429606876,0,1,0
2018-04-22,0.5397164240655947,3.886701364231188,5.832554193166608,0.0,31.864910223345333,61.999357571361784,2.290446149185901,1005.1576074970434,0.9574663794609227,0.47225645838911223,1.0963904024374465,-20.595329799516485,0,1,0
2018-04-23,3.9230631139537646,6.052790638985191,9.340999274277593,1.0,30.199139377507827,60.24179665655235,3.1668346822537403,1012.9032158976546,-1.0277444035281638,-0.05203653817504729,1.419577928111993,20.178137443633588,0,1,0
2018-04-24,0.4689850647096248,4.9317646027289515,9.543950551528196,1.0,27.50151644487213,52.789573435381655,1.812392894249034,1008.4322456622291,0.0057051561260415985,0.9357969447884135,1.1196525163051707,22.53673991955223,0,1,0
2018-04-25,0.0923497618474386,4.484397940510794,9.09285067404339,1.0,30.253133433930262,59.82726362271831,2.3426921332488586,1011.453522685282,2.337906353936249,0.7397593574158337,1.4868905959938241,17.294273341682512,0,1,0
2018-04-26,1.2251003468100252,1.786435173367055,9.596199651552073,1.0,34.69189063692985,59.62194100275465,2.597546854920073,1007.9002370768277,0.2007717683627476,0.3569128033981397,1.224590055839512,23.143953918647526,0,1,0
2018-04-27,2.074330217387954,3.3917803260453843,9.913556029740267,2.0,32.192443711249254,62.723000323250666,2.6718724286561395,1011.9054280980062,1.2898930559455555,0.7420366218508345,0.5483879152513007,26.832117646826383,0,1,0
2018-04-28,0.9973529601129639,4.29678352431091,9.320897888887364,2.0,33.65619118010941,63.20652931026282,2.5552749177017633,1006.7757623800985,0.08236816035588736,0.6003388435228615,1.650021129807306,19.944528776602414,0,1,0
2018-04-29,0.14957033177682214,3.2212535092777066,8.930751796598594,2.0,30.872086169729815,65.85057994407481,1.0204277085400886,1009.1656753707913,0.5226993857968171,-0.3515708106775122,0.8480023200851095,15.410437877011685,0,1,0
2018-04-30,1.0116231513821943,2.1585464432719466,6.019311834027022,1.0,28.059333753375256,63.41301697629625,2.5171670093597993,1006.8826975788858,-0.051104874953422384,-1.0751191293530669,1.3567575672109953,-18.424922004614142,0,1,0
2018-05-01,6.932453236038653,8.093646719197636,12.482780005356052,2.0,29.20418165918267,62.18621154138735,2.6636548695938496,1012.8845958795624,-0.15336682304778398,0.3362897006740991,0.9778203663433809,40.30728177907261,0,1,0
2018-05-02,8.448715887457837,16.39279227487865,20.839146130966448,3.0,31.31220892949193,64.7781886965728,3.272573345066717,1007.7545874855031,-0.7015341570528777,0.43687138466514297,1.2216484928051479,111.70710049404511,0,1,0
2018-05-03,6.04074160487855,21.421910728375007,25.654787389034976,4.0,31.089033669341124,62.48171052156031,3.187889678460645,1009.6944727353526,0.3872712230617979,0.8723775929108524,0.7665591050961755,151.4564751849963,1,0,0
2018-05-04,14.82160129201324,29.31105878434959,38.40205846366026,4.0,30.741780948820573,66.59569998386525,2.8986141999149924,1009.0142975074062,-0.7663834702671911,-0.7490570200362349,1.0745214611786102,262.10647472525153,0,0,1
2018-05-05,1.0270682544735488,21.889411151365305,38.431773758020846,4.0,30.014025646619245,64.27519678056545,2.9420059703624575,1008.1573300118188,0.5990267126820863,-0.7251448474217307,0.8313613136986027,259.07458640250513,0,1,0
2018-05-06,0.8046791043730667,16.653348650859822,39.08688253061709,4.0,32.071976225554636,62.60132329479541,3.5655373528568033,1009.1351538962817,0.976758304001319,0.3679202130462163,1.2632227696660236,261.6330735018477,0,0,0
2018-05-07,10.29190209094901,12.123649449795591,48.3671614701839,5.0,30.054488920428746,64.36508752967585,3.444285157576418,1010.6497694296297,0.32987826651350693,-0.056933591082469315,0.9492722955838964,341.29172392364666,0,0,0
2018-05-08,3.073717998833516,14.170299194155557,44.50842623297876,5.0,31.187317882257872,66.40756123921851,2.9193066946757003,1009.4060288160103,-0.2576238602001227,-1.5086092884569027,1.042133468213377,306.7985937885542,0,0,0
2018-05-09,17.14250303120315,30.508123120985644,53.20221337672408,5.0,31.029833695075737,58.51476250897934,4.041358465894606,1008.4956769119343,0.40856902137782647,0.30008653100335264,0.2331775022881658,384.51212241437395,0,0,0
2018-05-10,0.9653129908886108,21.181534020925245,48.12678476273415,4.0,30.240470843322996,65.01669890541224,2.3771896985848073,1009.1380394283933,-0.2778057499917714,-1.4819383319911639,0.716463580946954,339.1430030237088,0,1,0
2018-05-11,14.33251377183655,32.44032979392828,47.63769724255745,4.0,29.522559792574704,57.647467372907926,2.0428416284630666,1011.6503277739913,0.8419924129186344,-0.756205241498701,0.8018779404196716,334.77106288170427,0,1,0
2018-05-12,2.2621385216058774,17.559965284331003,48.87276750968979,5.0,30.15811214261795,68.16571389353832,2.747604689186026,1007.45299946849,-1.6482654757936113,1.0813450982880857,0.7143694458023404,345.81132266408696,0,0,0
2018-05-13,4.794158595050569,21.388810888492962,52.86224700036729,6.0,33.37944475980694,66.20610047758967,2.5298215760434126,1004.8662617116655,-0.3020466313067816,1.4599032142456922,0.8559489312142926,381.47317215207926,0,0,0
2018-05-14,0.4310297407224112,7.4873268573788225,43.00137465014069,5.0,32.313801272602745,69.67333149829497,1.2749027076381454,1006.2295563928708,-1.791730795611598,-0.9725250947775694,0.479477779736691,293.3271003660664,0,0,0
2018-05-15,18.718169113080737,23.943357448853682,58.64582576438791,5.0,32.18491848782486,58.83282684860897,2.362679007324172,1006.3634358260423,-1.3455547472044846,-0.2635132299301554,0.5366830804978517,433.172426620342,0,0,0
2018-05-16,3.730214144169827,22.879412997972942,45.23353687735458,5.0,29.655325074545352,68.42057954668877,2.9602585856018675,1006.6169547945603,1.2274760068325186,0.034098018462964785,0.7717070899827572,313.28033826732576,0,0,0
2018-05-17,26.401151695506446,48.849534952756976,70.66937558197242,6.0,28.74360928187645,65.34355578373632,2.719290845865793,1006.6788255733035,0.8056664837745173,1.4249815420652545,-0.14282775080089932,540.6506139147095,0,0,0
2018-05-18,13.566367428988007,43.697733268664244,69.90322923912387,6.0,32.291466166092164,62.53684957804207,2.2882306463024684,1008.160778904764,-0.6475322099563113,-0.3942951582595213,0.5233091441630374,533.8020524348759,0,0,0
2018-05-19,4.3329309532236255,44.30045007771804,71.97402167074162,6.0,32.02304842866001,61.052099552880435,2.7795028050526467,1008.6486104120411,-1.3522531104368074,-0.3815072184266225,0.24046722345361013,552.3128100887984,0,0,0
2018-05-20,3.029104761638741,20.92840314385034,70.2089678373298,6.0,30.948522831385667,57.72398632342956,2.8279509808648857,1008.6292672458583,-2.6680759540574863,1.2389804467702896,0.0428262571694637,536.5350415121146,0,0,0
2018-05-21,11.26355218398279,18.625587898845122,81.04149028059018,7.0,30.23761842141325,57.327199337546325,3.183152123635808,1006.8887578956869,-0.48914595713937115,-0.29983132217460645,0.3011732887881011,633.3666672541599,0,0,0
2018-05-22,3.6087384126740196,17.901395358295517,65.93205958018346,7.0,28.706851748101048,60.12597214258322,2.369207106001847,1009.992278262063,2.178373511022662,0.5777613671731661,0.4693618056037194,498.3038740385848,0,1,0
2018-05-23,1.4852360853231714,16.357526681979945,63.68708152133681,6.0,31.970734886159995,57.85251552903585,3.278421567628877,1009.1652786192336,0.39139584431728264,-1.1817143720899421,0.3672452768726525,478.2360757642696,0,1,0
2018-05-24,5.49924636055359,10.593220858550746,42.78517618638395,6.0,32.41696342498236,68.38616938984372,2.0997217087633966,1011.0496136874558,-0.5036150574445406,-0.136986195273861,0.018309819606081953,291.3945081339107,0,0,0
2018-05-25,5.443711315573554,12.42819376145028,34.66252007296949,6.0,29.80564486414242,56.48802559408594,2.452081341799197,1009.7274280128364,0.41857218855027567,-1.3276774706611238,0.21549135227826585,218.7863043729448,0,0,0
2018-05-26,9.267414901517604,20.210372577644712,39.59700402126347,6.0,29.688734822994622,62.948216185158394,3.7735034142794297,1007.5741009745725,-1.4048625176949987,-0.8443470247645636,0.158051746507188,262.89552320116076,0,0,0
2018-05-27,1.09309723900475,15.804223456095874,37.66099649862948,5.0,32.493860959042415,63.359956812684494,2.1397808327606924,1010.5531370865708,-0.2675910264278719,0.6713610841218107,-0.1361474405287875,245.58960421069384,0,1,0
2018-05-28,12.929318856260917,23.289830996783238,39.32676317090761,5.0,29.857764015979217,62.53109819829004,2.35884710574052,1008.6957130953954,0.08952972571416465,-0.03992431286937011,-0.3425614543871226,260.4798475338418,0,0,0
2018-05-29,10.68231282712547,24.704728922391105,46.400337585359054,5.0,33.24705855502903,62.782248978143514,2.002240856962412,1009.6396196540172,-0.07749058663894366,-0.2552845924423797,-0.3825641479673789,323.7103383033134,0,0,0
2018-05-30,5.077102692600055,28.68873437598641,49.99220419263594,6.0,30.603701803018097,65.57294067490244,2.2577476633318594,1009.5000316624875,0.7117255095210725,-0.5989996991847341,-0.06806620054491913,355.8179369584704,1,0,0
2018-05-31,1.2767254089712585,17.03614092869675,45.76968324105361,5.0,30.215187874416785,59.32135679070162,2.837125388136265,1007.9794824401288,0.31018070361244715,-0.17652485859302622,-0.3409837864070965,318.07293614142145,0,0,0
2018-06-01,22.902640670209006,29.256468771780284,63.22861259568906,5.0,29.311157694315884,70.75376626443784,3.8963032363642784,1006.7730364982935,0.6014934162971973,0.2408905336805549,-0.643890547016851,295.2635625563694,0,0,0
2018-06-02,10.382802707534388,34.56216878671462,64.34400040170584,5.0,28.706722064507503,68.70334690631306,3.4611949805473055,1006.3506754758208,-0.6195350540076835,0.7863329651694095,-0.8542788364172571,296.3507132957656,1,0,0
2018-06-03,10.3511479617569,43.636591339500264,73.602051124458,6.0,30.824703833503882,76.53717459140837,3.277563951126109,1005.0518464946837,0.8080338675694932,-2.100117347277442,-0.27448712912459033,343.5682705334363,1,0,0
2018-06-04,17.98099019368565,38.7149408629769,78.65372246188272,6.0,30.48814068802267,78.7451716993414,2.726713528986525,1002.7266992131982,1.4660432528615923,-0.6654089394102478,-0.667032817510892,366.95554117870637,1,0,0
2018-06-05,2.0602057505106317,30.39234390595315,70.03161538526788,6.0,30.771355302468294,66.00255983994839,3.0360995875493417,1005.3382998185377,-0.8731345676862714,0.12727699375120458,-0.49399806745009256,312.87712731055296,1,0,0
2018-06-06,1.0766811073208897,21.117877051517137,66.03119379998873,5.0,29.50633412958882,63.111021885123066,2.544756381425938,1006.9456479951579,-0.7989260901431038,-0.0790904927698287,-0.31114591747150117,284.9818224084245,0,0,0
2018-06-07,6.3100986516424635,9.446985509473953,71.06456704265993,6.0,28.609110194985423,71.81265381672935,3.9143136355892323,1008.5412025961211,1.2022059026882097,0.32270099402138,-0.9908650034263389,308.26542935574275,1,0,0
2018-06-08,67.66964965728435,75.05642941624768,115.83157602973527,6.0,29.235316882218303,74.50620222779673,3.956021779846836,1008.0199317927254,-0.17220958802555425,0.21403222890124307,-0.7154317433460892,561.8827463689902,1,0,1
2018-06-09,57.088994184892684,131.06874249381946,162.53776750709358,6.0,28.652030984418747,77.87829501907304,3.448109301059581,1006.0838462425396,1.2634392528599012,-0.2438942903947258,-0.785161713255962,826.48606114069,1,0,1
2018-06-10,19.515729830596992,144.27437367277398,171.70234937593366,6.0,31.301241611073273,73.25584596545315,3.7372484509892705,1005.3628318726419,-0.3982821407029655,-0.42148255678974167,-0.683602195453037,878.4059172515715,1,0,1
2018-06-11,25.30796736744122,101.91269138293086,179.02932654968924,6.0,30.65118970593517,76.34042544501493,3.9981174046668464,1006.2633762691912,1.3095410186436403,-0.19640119178840074,-0.5023953755812091,919.9152415211845,1,0,1
2018-06-12,13.578340368910846,58.40203756694901,190.54746116808943,6.0,29.119874199017037,75.71430875731016,3.533103193268033,1004.8321381790772,0.11833723512490697,0.9189938798581943,-1.1756896893656785,985.1686159371399,1,0,0
2018-06-13,13.107277395392774,51.9935851317448,202.57805745616133,7.0,27.95094155313735,76.04886009040983,4.3085442710539645,1002.7796644842886,0.2324059409904257,-0.5856063463245715,-0.7294164181331029,1053.3252254960055,1,0,0
2018-06-14,8.116971312074389,34.80258907637797,204.38493011659327,7.0,31.405182056102475,73.93834739221556,2.8581022429134895,1003.8058894885638,1.408246219502914,-0.05024537851516439,-0.6398338790624631,1063.5616519781865,1,0,0
2018-06-15,38.27572196116398,59.49997066863111,174.9910024204729,7.0,29.439364282379152,64.46598181219173,3.263175723828439,1009.0616842582091,-0.32559342969975413,0.1466737711987368,-0.9673879941013218,897.037033795102,0,0,1
2018-06-16,63.986896515384686,110.37958978862301,181.88890475096488,7.0,29.065772048341703,69.54135973445011,3.191732559829943,1009.9302626433077,-0.8470098863324625,1.2482807438995664,-0.9753931565662344,936.1155320388397,1,0,1
2018-06-17,14.820427270565702,117.08304574711434,177.19360219093358,7.0,31.41752030022367,71.07906183709383,3.860720717076214,1007.9442435665949,-0.4037077872255189,-0.24024660658905062,-0.8537530753447877,909.5153622981188,1,0,1
2018-06-18,14.859119476111381,93.66644326206173,166.74475429960376,7.0,28.534078153887833,69.39770651615912,2.6118930630628623,1006.4824750880682,0.40710055557882485,0.7670453248087687,-0.886538000114209,850.3197888604634,1,0,1
2018-06-19,15.237559895144255,44.917106641821306,168.40397382583717,7.0,28.801508830755782,69.76454259057455,4.3411626249272395,1004.0797851427484,-1.4091831649624629,0.9855835226120178,-0.838529450899736,859.7197200620499,1,0,0
2018-06-20,45.31001477492195,75.40669414617756,200.60671120536637,7.0,28.92494396489106,76.15186184039193,3.8094424889555403,1006.2971121675737,0.5737238123860093,-0.0510034119925186,-0.8521361854315245,1042.1570112609404,1,0,1
2018-06-21,29.90556917099901,90.45314384106518,222.39530906429096,7.0,27.40480965231855,65.877898917696,4.522554544229291,1007.688460459331,-0.4848941858559689,-0.16857518326141002,-1.2432257587078643,1165.5953614097396,1,0,1
2018-06-22,3.08575257129198,78.3013365172129,187.20533967441898,7.0,29.690036004213457,73.32859001758132,3.4480351326276777,1008.0809361040076,1.0330313946602072,-0.2632429376385729,-0.7523637932417663,966.2345860446866,1,0,1
2018-06-23,83.97158412036693,116.96290586265788,207.1900272794012,7.0,28.1807238500673,71.51068917076846,3.142186281268255,1007.8270096149854,-2.1548342744104243,-0.20465850739406588,-0.7073469511870354,1079.4532925521237,1,0,1
2018-06-24,0.1327037705018121,87.19004046216067,192.50230377933732,6.0,28.448996067381557,66.21178131697306,3.8666415145150865,1008.7643723353627,-0.7079091975937518,0.6833918884614663,-0.9485516701170974,996.2433325524714,1,0,1
2018-06-25,57.82847053729209,141.93275842816078,235.47165484051803,6.0,28.2617968214548,64.30295792937912,4.090716907407073,1010.0844638890986,-1.5178213361106918,0.18480798180441113,-1.3615704507302786,1239.6764270681956,0,0,1
2018-06-26,38.15110271770544,96.11227702549931,258.3851976630792,6.0,28.426108207991607,62.69145829260979,3.043725356375583,1005.8581095803862,-0.7436065197275573,0.18823176733589553,-1.0066285850754702,1369.4878972873448,0,0,1
2018-06-27,12.083346508039416,108.06291976303692,225.15852939619666,6.0,28.07352624299499,71.66501401884061,2.2738199561083166,1011.636711500104,0.22289931099804883,-0.900178808303868,-0.9162336600694398,1181.2497583138684,1,0,1
2018-06-28,12.55616513076861,62.79061435651342,207.80912535596627,6.0,29.59410634128509,68.67305819782172,2.3766186255219437,1002.9512622264571,-0.1613039629047794,-0.7739920619001877,-1.2349010391173016,1082.9606520273085,1,0,0
2018-06-29,14.577966719162617,39.2174783579706,219.3013395038369,6.0,29.030176163137128,66.1607456912168,3.629208816166697,1005.186189211519,-0.22803981205321344,1.714757459821584,-1.0197738552380877,1148.0671799073843,1,0,0
2018-06-30,4.025186707495111,31.159318557426296,139.35494209096512,6.0,29.315217886108492,61.35836650641073,4.396491493381962,1006.9471502696649,-0.1432663842420547,-0.14226058023095167,-1.2602012180256692,695.1490315767426,0,0,0
2018-07-01,90.99280331451669,109.59595674117438,230.21504163497997,7.0,30.87631926318602,83.02901881544811,3.4856796783943436,1005.7893351851475,0.1830494165579491,-0.6198175964626882,-0.7313540337422361,857.1788582396064,1,0,1
2018-07-02,30.616714110048008,125.63470413205977,203.00328520773587,7.0,27.363230302599906,80.39594780320073,4.102763072093297,1004.4741443477265,-0.907682437748797,1.144879332471438,-0.8142813259224544,743.3186950906671,1,1,1
2018-07-03,6.221212303392004,127.83072972795667,171.07339479342244,7.0,28.427942627269694,77.17886534533217,4.057113146689987,1003.9087098328904,0.6361646768091457,0.2254468389468417,-1.237168423869296,610.4304573932085,1,0,1
2018-07-04,92.84182320288774,129.6797496163277,251.8318714882708,7.0,28.58726539520915,77.50724803365034,5.418502118364062,1008.7657422696433,0.5963993733469355,0.4625239334916173,-0.70526102406179,932.0105870589091,1,0,1
2018-07-05,34.1318268825737,133.1948623888534,273.40753324007585,7.0,27.4930166820288,80.24173016605747,5.621400329881598,1003.8227478874637,0.3465341438904909,-0.11043766022522689,-0.7722117890630391,1014.9084288087159,1,0,1
2018-07-06,34.937532406783134,161.91118249224454,293.76709892769634,7.0,27.964334740301833,83.52754841316859,4.520854490998711,1002.9662153978196,0.5008800984761369,-0.25493847246144336,-0.5915991288786308,1092.901796325514,1,0,1
2018-07-07,107.49080036647605,176.56015965583282,397.2327125866773,7.0,27.60999342250618,79.85917801380276,4.804983098182041,1007.8445746996223,0.26677620072779357,-0.1356690979978323,-0.7789801363679877,1506.0590401895615,1,0,1
2018-07-08,23.998938262874407,166.42727103613353,330.23884753503506,7.0,27.864597710134852,76.27305599377928,4.7883022746190695,1006.3295633685217,1.8315659724579607,-1.1061905362389015,-0.8397595957771771,1235.875051775976,1,0,1
2018-07-09,11.559054618070205,143.0487932474206,311.18118804305726,7.0,26.75989245105139,80.92300871665762,3.497989936247746,1006.7715795235803,-0.07838475394725891,-0.07034192753591799,-0.7884207022434248,1159.016156601001,1,0,1
2018-07-10,47.61752457066292,83.17551745160749,352.57750031032816,7.0,26.88912012272703,85.59691575406937,4.685296687290671,1005.1536567520703,-0.27637489650111907,0.23682646163409388,-0.6847337629396922,1325.966081722709,1,0,1
2018-07-11,10.815616512639359,69.99219570137245,270.5512936200798,7.0,27.604707110735088,82.04195837355819,3.6544189952490966,1002.3243124809442,-0.6781748223216401,1.4803705870750032,-0.4982689135307103,995.1571686838104,1,0,0
2018-07-12,17.170455181869077,75.60359626517132,253.58992191937514,7.0,24.82035085474739,82.35721056939666,4.163261380643181,1004.953404011133,-0.9290364035200531,0.0687992520041724,-0.41721755687544737,926.7525311617161,1,0,1
2018-07-13,31.77095295956414,59.75702465407254,250.42334247215615,7.0,29.675517861810235,80.69459042835771,4.95002510507903,1002.0764508539543,-1.1200246088409678,-1.867341633768244,-0.45171761477509076,913.9818235152978,1,0,0
2018-07-14,64.74160880091989,113.68301694235308,207.6741509066,7.0,30.606217181337563,78.42177681115169,4.314742873513264,1005.2372412425049,-0.7999175819078267,-0.07518834622769714,-0.4584512955992122,741.5757820108266,1,0,1
2018-07-15,16.20897994288111,112.72154170336512,199.8841925866067,7.0,27.81950632003338,78.4650508005137,4.927680742665375,1005.9772138052391,-0.06361234348686419,2.1916033064866447,-0.3879679305918266,710.1591439821213,1,0,1
2018-07-16,22.562257989148584,103.51284673294955,210.88739595768507,7.0,28.512672804290187,77.42975509218897,5.045740943222291,1006.7368439620835,0.30086561564794306,0.6930929879880319,0.38024442671539993,754.5346904568935,1,0,1
2018-07-17,18.661571596339122,57.43280952836879,181.93144298336128,7.0,29.094496694209475,86.88852231171718,3.2120226608316345,1004.6347899447927,0.046027852696945606,-0.6487111550468709,-0.3851765304958236,637.7563129608596,1,0,0
2018-07-18,78.82430879936274,120.04813838485042,249.94013527008468,7.0,25.726478320729203,84.28337012312012,2.9595643403007736,1006.147649884329,-0.6889817496867416,0.4728852115444454,-0.27720274939176237,912.0330652374286,1,0,1
2018-07-19,22.26709469161342,119.75297508731526,255.03677477982902,7.0,28.880605079536974,85.30891813936924,4.963438350927821,1003.1741665518288,0.8101661076179669,-0.5936107399117923,0.7409641959798063,932.5876397374594,1,0,0
2018-07-20,88.21726280082487,189.308666291801,311.48308462108974,7.0,26.984000243930865,84.5044387913356,4.987627300008872,1006.5410251478763,0.6654714050708528,-1.0830460156374861,0.07821897272716415,1160.2336952738087,1,0,1
2018-07-21,14.735792693395577,125.22015018583384,261.47726851356543,7.0,30.788029877882362,83.69347506921416,4.420139647810988,1006.0153288093782,-0.1436834766798153,-0.2786954905872578,-0.31648112323741256,958.5619328013428,1,0,1
2018-07-22,15.58384592665841,118.53690142087883,260.8521344973427,7.0,27.31745255814061,80.9249907731036,4.50151248819143,1003.3606248493186,-0.5876245301982409,0.07322115139108896,0.29464625668606265,956.0407884896082,1,0,1
2018-07-23,63.27281838310493,93.59245700315888,301.5626948912991,7.0,28.852471068579106,81.60467605543658,4.802011496878805,1005.7557412828725,0.4935851287468196,-1.4977244019467166,-0.08833396791933379,1120.2250995352904,1,0,1
2018-07-24,38.96011708347959,117.81678139324289,321.86124037843956,7.0,27.331237853634594,82.28275804711464,4.790828224840266,1006.7625867025434,0.16917622873749402,-0.9193274324309088,0.4212129856947932,1202.0884458951787,1,0,1
2018-07-25,101.49452490221344,203.72746036879792,344.5314564812902,7.0,30.656385815001407,93.66070746860503,4.083672488473916,1004.9426511879614,-1.303314533473543,0.008268450545883781,0.19538044347875408,1293.516659510627,1,0,1
2018-07-26,4.841125499270034,145.29576748496302,327.10548728894685,7.0,26.863725652284312,87.68631807542371,4.839693019232877,1003.3205657924314,-0.0611822303859644,-0.32653854079116335,0.19157984687650076,1223.2383160424563,1,0,1
2018-07-27,26.761962778466785,133.09761317995023,265.6501872665888,7.0,29.212140258397127,85.68883303733183,4.058298989176819,1005.121048973553,0.23583223086694294,0.3158490169168726,0.7562974422488554,975.3911727794898,1,0,1
2018-07-28,36.19859888817645,67.80168716591324,287.1129934613696,7.0,28.458364991571507,89.9579763885868,4.412313538528108,1005.7954998688256,-0.8097253078389784,-0.9717346618468492,0.5469915982639753,1061.949943135307,1,0,1
2018-07-29,34.83261816011839,97.79317982676159,306.3617656948296,7.0,28.147049902468606,89.8322452547051,4.386196351337941,1003.307053513326,0.1708590535536987,0.5712909988426406,0.6987727937053207,1139.5795895229564,1,0,1
2018-07-30,24.83480423225107,95.86602128054588,267.92375154397575,7.0,27.901626317601462,79.13692293050272,3.7505194188549114,1002.9873294345439,-1.3093402367320102,-0.9470072776481561,0.6129839473418434,984.5603804958314,1,1,1
2018-07-31,31.033439071740492,90.70086146410992,259.99707353223664,7.0,26.647198431363172,83.33593604384184,3.820390506303756,1005.7400087397751,1.2025674900109538,1.314187441550104,0.44031555029341596,952.5923565815365,1,1,1
2018-08-01,23.64217813585285,79.51042143984438,182.14472676587607,7.0,23.960537121531075,84.93560381412368,5.606648204098049,1006.2830608376294,1.1231549865534887,-1.3726066275026534,0.7497364435799586,638.6164792310003,1,0,1
2018-08-02,13.498579929483368,68.17419713707667,190.8021811960894,7.0,29.085164907985043,87.92974968950857,3.731051426364603,1008.6706517503721,-0.22726560087266828,-0.8740434163067301,0.942831040468872,673.5316996867957,1,0,0
2018-08-03,69.28175827655633,106.42251634189252,233.32197669417894,7.0,26.896641201656784,84.02025088523745,4.488158438022474,1005.99939644467,0.32710890405516585,0.3338966424254634,0.7158646295996209,845.0125946217005,1,0,1
2018-08-04,165.31573833149307,248.09607653753272,362.4391161374956,7.0,29.218456157293623,85.66278269084818,4.614062383909116,1002.6247414626774,-2.1689297692198877,1.3313866011981106,1.172138743516621,1365.737644302846,1,0,1
2018-08-05,64.04566414011387,298.64316074816327,391.65216211749106,7.0,28.073392831220712,83.7103421931715,4.2336531032600115,1008.4726988934194,-1.0407128942387995,0.2520344288929366,0.9716708839714889,1483.5528691820257,1,0,1
2018-08-06,44.06121717958559,273.4226196511925,410.87857506482555,7.0,29.26137544956695,89.43985986716535,4.669076839247045,1006.7000653907974,-0.26440102813691685,0.4502863361459129,0.8470235697667174,1561.092341326126,1,1,1
2018-08-07,29.01911447248436,137.12599579218383,408.86425046556946,7.0,28.703665484292046,79.57676937398683,4.463572837672761,1001.1916005054311,-0.9649197192841733,0.014029521338446786,0.889428340996369,1552.968638450242,1,0,1
2018-08-08,29.491090665713422,102.57142231778337,414.71316299543,7.0,24.1304427034679,83.64425200996484,3.7440319491587264,1002.946566502351,0.642956834367593,-0.8211187632921547,0.890844321530424,1576.5571045580232,1,0,1
2018-08-09,26.436451581323734,84.94665671952151,427.65103464727036,7.0,28.441869818885976,77.17950813269144,4.588273254512301,1003.9162833668055,1.7975668776731946,-0.39211067859150345,0.5710607271470828,1628.7351026744582,1,0,1
2018-08-10,8.720600432236246,64.6481426792734,367.0898768029503,7.0,27.099870276278505,81.22290368303823,3.939359024382541,1006.309665270325,-1.0589532474863719,-0.9695277759850214,0.8859604652892487,1384.494004527487,1,0,1
2018-08-11,68.78990424978319,103.94695626334317,270.5640427212404,7.0,29.212031618314228,86.85922016126072,5.310584388030047,1000.5180695884821,-0.7537170636766735,-1.0229679742214974,0.9855800013459951,995.20858537693,1,0,1
2018-08-12,17.5939563161054,95.10446099812484,224.11233489723193,7.0,28.4087064493303,86.58416859944148,4.523658044359402,1004.5866861754788,0.21190353147893728,0.3213991354557972,0.8451964588763076,807.8704212205764,1,0,1
2018-08-13,66.36923671849003,152.75309728437864,246.4203544361364,7.0,28.42517260929063,84.49789957952865,3.8460907623779996,1006.2069764642542,1.4500045336496588,-0.8985423856703694,1.0496424221132536,897.8379083626196,1,0,1
2018-08-14,195.48152169465757,279.444714729253,412.8827616583096,7.0,27.19987604214723,90.08144375337505,4.471556610398338,999.699686176518,-1.100136881285913,0.2556432053786891,0.9835771505663283,1569.1751579681445,1,0,1
2018-08-15,32.84514780175097,294.6959062148986,416.2368187943472,7.0,26.303367287187875,91.49693645860035,3.7112702146833794,1006.1452536791534,0.22413251007624777,-1.041458201776878,1.181681846798022,1582.7019567829784,1,0,1
2018-08-16,33.45638017288049,261.7830496692891,423.2567473859039,7.0,26.974974213580044,85.75214137142984,4.420850326025307,1006.3615867378397,1.6391689657317978,0.23710641609340374,1.1609961680566425,1611.0130910007656,1,0,1
2018-08-17,20.205286199826464,86.50681417445796,434.7414331534941,7.0,25.061166789995454,86.73052852470929,4.130764204229245,1003.2771139586474,-1.4865832333613407,-0.39094605517037007,1.0408947226897307,1657.3304396710103,1,0,1
2018-08-18,45.30538249424816,98.96704886695514,411.25691139795913,7.0,26.75453472777348,82.96165411671895,3.7700601769930766,1002.725171441442,-1.152962286161249,1.1252924269205156,0.6581086372817676,1562.6181589419482,1,0,1
2018-08-19,14.435694120597184,79.94636281467183,408.0986492024509,7.0,25.531193216783578,89.24739280335308,3.7625180413069645,1003.2489601239503,-0.38124594581475446,0.258975116463252,1.4453126500555404,1549.8809944899422,1,0,1
2018-08-20,90.20950281798744,149.9505794328328,431.93891530194827,7.0,25.568178830877848,80.74232087702732,5.727143432927002,999.9913123327866,-0.4685295715698699,0.9886263143953132,0.9568010018871137,1646.0279801077768,1,0,1
2018-08-21,14.286514796305239,118.9317117348899,250.74390840359592,7.0,27.744086342255475,92.71897987632883,4.321018247050164,1004.2139467150171,0.7313411589782801,-0.6045173731401541,0.9636321385614398,915.2746550579943,1,0,1
2018-08-22,24.536029254820313,129.03204686911303,242.4347898566653,7.0,28.328684471444326,89.90342068218578,4.007139379251633,1005.1963617847897,0.21749374783875425,0.04491467219533383,0.8867677355459044,881.7642614200028,1,0,1
2018-08-23,16.955205511115345,55.77774956224094,225.93361519490014,7.0,27.53650508389348,80.42045180926276,3.9032317181840424,1002.6062822893068,-1.5974658536779154,-0.7848697264930227,0.8358387730476202,815.2155829673088,1,0,0
2018-08-24,31.10481267439204,72.59604744032774,236.8331416694657,7.0,26.88270925986502,83.28684661197764,4.548882539770702,1006.5507777730395,0.4638693626107298,-0.3308841941955345,1.3265440886288944,859.1730040303797,0,0,0
2018-08-25,125.06521695870097,173.1252351442084,316.59297613391857,7.0,26.254644529004285,87.9783714080181,3.8830852572971954,1004.985709449614,-0.5197849986200854,-0.20968337819570326,1.2667264237722689,1180.841714653383,0,0,1
2018-08-26,46.9217489645825,203.09177859767556,349.07903097790387,7.0,27.136945766828187,84.29395593073563,3.6094120978929025,1005.2691204711106,1.1470024952471152,-0.5806865765497115,1.008160021224794,1311.856873411644,0,0,1
2018-08-27,12.931162075284352,184.91812799856788,271.8006902352007,7.0,26.42990369841994,87.41562089119846,4.246734239886611,1004.0774945312426,-0.5648287827932277,-0.9724022870765561,0.844264961561495,1000.1959429107279,0,0,1
2018-08-28,45.14110958909584,104.99402062896273,302.65528502799134,7.0,27.493052917168946,84.18224943940638,4.242201424538351,1006.1385676308747,-0.5729537547920122,-1.1308138589221224,0.9973098140250651,1124.631478546343,0,0,1
2018-08-29,34.51952232940018,92.59179399378041,312.6387781025712,7.0,25.450871472428314,91.30023269328836,4.015961891093294,1007.1240977589749,0.4870184497240783,-1.871798492565918,0.8297701473600005,1164.8945679368437,0,0,1
2018-08-30,43.54528137877242,123.2059132972685,339.22885397022833,7.0,28.5628605656268,84.98491907224229,3.7314075103653574,1004.0675549679866,0.686633834103243,-0.8450771708027663,0.7300523236115798,1272.131443203041,0,0,1
2018-08-31,58.43323123538769,136.49803494356033,366.55727253122393,7.0,26.78717238523281,94.87383650948047,4.031599917547055,1006.1709457120453,0.40328942754258323,0.5019951173374756,0.8260222772149377,1382.3460295409682,0,0,1
2018-09-01,6.1143970421904745,108.09290965635061,247.60645261471345,7.0,29.774766153012404,75.90600655026174,3.190595442069311,1007.9767992376089,-1.5170375856463274,-1.2787988256106264,0.5928061250365175,1273.731282857201,0,0,1
2018-09-02,5.620755775207805,70.168384052786,206.30545942533877,7.0,30.490117286500798,68.42965245312809,3.1073593552187684,1007.3393169112331,0.48423099593542596,-1.0944982770026441,0.7255919027606039,1045.5319046986995,0,0,0
2018-09-03,32.2883633566425,44.023516174040815,225.6626607066969,7.0,29.70702572732053,82.03669397361908,3.638277901601727,1009.6058473629101,-0.9308772465069591,1.432718856986332,0.6709670362027861,1160.9777439585998,0,0,0
2018-09-04,7.966626424875417,45.875745556725754,188.48817754247648,7.0,30.366783998054444,78.22330327411453,4.80811465044305,1005.2794684026572,0.21174850042943716,-0.5091968398786032,0.726118962165338,956.1561706811444,0,1,0
2018-09-05,6.160239451534291,46.415229233052244,160.12889466461058,7.0,26.35471152462143,74.46962666642085,4.2714369628609274,1005.8283628464519,-1.2813609918591542,0.25683680733186864,0.37429844675112167,801.2751115489408,0,0,0
2018-09-06,10.908340559890103,25.035206436299845,127.49195384572828,7.0,28.55800716343169,76.24652875479921,4.637529542231617,1005.1886229360659,0.4016899327887573,0.5138537172003957,0.6586819523145557,622.1599533636999,0,0,0
2018-09-07,18.280409397222407,35.34898940864683,87.339132007563,7.0,30.79231382612185,67.76997930693209,3.1317630752380845,1007.8921887740523,-0.7259390138766353,0.5300209038250242,0.20515052647268534,400.46527909661245,0,0,0
2018-09-08,5.5756234306033665,34.764373387715914,86.80035839597589,7.0,29.96092784625984,65.39037340798339,4.477190803141223,1006.0966745369692,-1.1543711852344696,-1.2178513844864478,0.23783512004373103,397.4129796256403,0,0,0
2018-09-09,20.098397966701985,43.95443079452779,101.27800058747007,7.0,31.83585506438918,72.33833709304746,3.608743350480009,1005.334801363414,0.6424381228341596,-0.1848477439195922,0.19681834953350683,479.4327717083462,0,0,0
2018-09-10,0.9947190917440201,26.6687404890494,69.9843563225716,6.0,31.634139164570954,77.5486068521942,4.064195955690367,1009.5808155416586,0.21748006950907617,-1.2945818156147137,0.008094178551363573,302.1457409772575,0,1,0
2018-09-11,12.405052455365523,33.498169513811554,74.42278235306169,6.0,29.66743548084802,74.78669601354859,3.7470002354874015,1009.8442602788277,-0.5525791212536074,1.9570542871282588,0.47622823650201346,327.29063510989084,0,0,0
2018-09-12,6.342612915992842,19.742384463102418,74.60515581752024,6.0,28.8952364261784,78.66389883104854,3.2664175309324204,1005.9955025822476,1.3060609641189578,-1.2759002112124802,-0.07443088312286439,328.32383053207644,0,0,0
2018-09-13,2.1093178125965366,20.856983183954934,65.80613307022668,6.0,27.906192294323343,77.14343531781455,3.9040764318221357,1004.1258152874472,-0.3965871794127682,-0.8382721750958562,-0.06189514566933123,278.474966558354,0,0,0
2018-09-14,68.85598085729491,77.30791158588433,116.38170453029917,6.0,28.581874500867784,73.0240733906774,3.7633361928295943,1009.9414812241465,0.028896906573841197,-0.8324806838732037,0.3713394057265851,564.9993743832903,0,0,1
2018-09-15,7.900696697868391,78.86599536775987,118.7067777975642,6.0,28.676460820732018,76.39661262754512,2.411465961010771,1007.434464781462,0.24202210291074083,-1.1973283813783044,-0.14068204279315955,578.1715486528115,0,0,1
2018-09-16,26.33608044023401,103.09275799539735,124.94446027109623,6.0,28.41745762328273,77.85216673492562,3.397903321990632,1007.3444500896217,-0.5576993407157522,1.0820751278052363,-0.10060194308496932,613.5097213186352,0,0,1
2018-09-17,9.028406802845502,43.26518394094795,132.97814798219773,7.0,27.962333645779665,70.78771681233975,3.9958203726054764,1006.7761516307904,0.42402266405993644,1.9379583208667968,-0.36193814101914523,659.0227535518161,0,0,0
2018-09-18,2.2719222387706686,37.63640948185022,122.84501776560288,7.0,29.81021371514799,71.2688838373278,3.6388308285748416,1005.1465779018567,-0.480107112448252,-0.3805992954500939,0.04427841211518499,601.6158068598756,0,0,0
2018-09-19,1.9496681620526253,13.249997203668839,118.45207301166265,6.0,31.623302042016256,72.55809722258535,3.7540604432571865,1005.8432359928288,-0.3704744899945883,-1.0563385174755282,-0.0067979103867013835,576.7285765648295,0,0,0
2018-09-20,2.8320560557616714,7.053646456585008,119.17481125482777,6.0,30.554565968139492,62.146673929829234,3.0215235643715395,1007.8070458899065,1.2263783758230071,-1.789540398980817,-0.08759392339544941,580.823085853742,0,0,0
2018-09-21,9.158838418163809,13.940562635978148,59.477668815696674,6.0,28.796618411038676,72.65762750400269,3.6261042245013173,1005.7815411645569,-0.9365274472611897,-0.1952869748176812,-0.19095606060791784,242.62249034062143,0,0,0
2018-09-22,1.7798242777652435,13.770718751690765,53.356796395593534,5.0,30.667646879258122,73.99767826870354,3.4145722939439453,1007.3665201643712,-2.171502297836541,-0.2530923385291551,-0.3589454851419351,207.94607848976221,0,0,0
2018-09-23,1.9989087316724554,12.93757142760155,29.019624687031975,4.0,29.733317706191563,71.19314232430452,3.350305919896644,1006.6112078524008,1.449843295510705,-0.5210369010881156,-0.5592768362306472,70.0693623080288,0,0,0
2018-09-24,46.577754609819365,50.35648761925711,66.56897249400583,4.0,29.19102040130555,71.68837850270667,3.0648240038384835,1004.6847532477158,2.294395157346303,0.17710020318098274,-0.681443691183181,282.79665997384797,0,0,1
2018-09-25,13.70848218809837,62.28514552959024,78.00553244333354,4.0,29.103634676710765,71.33121037158362,4.021295273456405,1009.5051849705695,-0.36474233890439867,0.3161385142523891,-0.2032696700949954,347.5878916383771,0,0,0
2018-09-26,6.098467619973513,66.38470441789129,82.15433190125442,5.0,28.96809029943356,63.072783950815925,3.679659010365918,1007.6564090831299,-1.7431542365581667,0.25846660635032054,-0.3809674154343903,371.091972235937,0,0,0
2018-09-27,1.5358741620559573,21.342823970127885,80.8581500075487,4.0,30.159499064449307,76.68829040834088,3.6191065256221155,1007.1823156301379,-0.2794355785763494,-0.25289989757478976,-0.790151473796683,363.74874824843084,0,0,0
2018-09-28,2.0669963300438843,9.701338112073397,73.7663079194288,4.0,29.44354460780412,68.91792186954815,4.702848658153455,1007.5861880109753,-0.2576006548566023,-0.8812974636594095,-0.6496211160256382,323.5715283767644,0,0,0
2018-09-29,15.804652538711442,19.407523030811326,87.79113618037498,5.0,28.228214576009343,67.60389389379796,3.7566573623689865,1003.3599447378795,-0.17093145692003134,0.5326664782453727,-0.7753262581201923,403.02600602881523,0,0,1
2018-09-30,40.453103201053494,58.324752069808866,126.24533064975603,6.0,28.160413539876636,74.89295183311626,4.192675873244545,1005.699426529822,-1.0020492377296635,0.010011007537224365,-1.0209077319640687,620.8795068522846,0,0,1
2018-10-01,6.187725042292029,62.44548078205701,85.85530108222868,6.0,31.184639837824427,64.04550690112453,2.917867189855662,1005.454117167264,0.5216050282288297,0.7106860198677203,-0.730719951674549,626.8668536448715,0,1,0
2018-10-02,0.5457420826978536,47.18657032604342,72.69256097682818,5.0,31.35648596598668,60.76753849968989,2.5422092805119885,1008.4276933356566,0.4720566377574775,0.6320604395777851,-0.9128919322717054,517.4605315214565,0,0,0
2018-10-03,5.06637914191114,11.799846266901065,71.6604724987658,5.0,30.317988561986596,62.33862736429863,2.118625100332388,1008.7899001080131,-1.344965057837376,-1.1374096552376924,-1.0785425738263168,516.4897768790349,0,0,0
2018-10-04,10.455845514179286,16.06796673878832,80.58044385088911,6.0,29.17156639218535,54.24008156171867,2.8989415701176724,1008.4576680248775,0.6292770585253991,-1.1473777659660827,-1.238988000794178,604.4802164447591,0,0,0
2018-10-05,1.820314830811805,17.342539486902275,80.33376235165704,5.0,32.507725427949275,58.41825203240785,1.156013770545099,1010.324718616037,1.8474164837513019,-0.6044325749924228,-1.2862701511919994,610.5301935873528,0,0,0
2018-10-06,5.265333400619917,17.54149374561105,69.79444321356551,5.0,32.21042071736803,64.60782234052733,2.9175877388537175,1005.5080241544681,0.15476429919335388,-0.8450123266325344,-1.0115276015070807,524.5745606825274,0,0,0
2018-10-07,3.7363967720369757,10.822045003468741,33.077736784548996,5.0,27.974047162667198,56.8477828042143,2.9433465291159213,1006.7646063897658,-0.30359264586165546,0.6042014207808806,-0.9604619302924275,204.61996933229534,0,1,0
2018-10-08,7.713565198782849,16.715295371439787,34.60357694103982,5.0,32.631790356669036,55.02509037440009,2.6235669454107566,1008.9490845390951,-0.1278028929667692,0.2810477407903342,-1.1756325248363795,218.25941330754674,0,0,0
2018-10-09,1.832223463332179,13.28218543415205,35.89005832167414,5.0,30.463808147763874,60.24994759171774,2.698687676763775,1008.6783441230796,0.5537310902717051,0.8793471950282487,-0.8087892504380251,229.75923564589755,0,0,0
2018-10-10,2.9170727074510916,12.462861369566163,33.740751887214095,5.0,31.022356176068094,59.866908145636735,2.0034057824835476,1005.8354828208402,-1.5576044449564965,0.31718945392873465,-0.9995299220881936,210.54664343972212,0,0,0
2018-10-11,3.442853546072561,8.192149716855877,26.72775991910737,5.0,32.34988654810377,62.42889949134248,3.5854696653614386,1010.357011902395,0.147951632679572,0.16691966549869522,-0.8475575257934532,147.85769752295832,0,1,0
2018-10-12,3.205060587270963,9.56498684079466,28.11250567556653,6.0,33.06992856531077,53.837190509578015,2.551756919653288,1010.9810579605054,-0.3514175545165291,0.9597838242753364,-1.0430818591717808,160.23590246457496,0,0,0
2018-10-13,3.1179861404680356,9.765900273811603,25.965158415414646,6.0,32.160385663093834,48.768419283179654,2.170851845476983,1008.9693147531311,1.6630425116604408,0.3757818717880388,-1.1966314166735461,141.04082326466053,0,0,0
2018-10-14,2.95152709605198,9.274573823791023,25.18028873942965,6.0,31.093816962560876,63.21559438627182,3.0809041324590973,1005.4869296226249,-0.1567554604244621,0.054480770750175045,-0.9707352919798803,134.0248944152775,0,1,0
2018-10-15,2.3962171064454814,8.465730342965541,19.862940647092284,6.0,28.830477303205896,54.3474204322291,2.8205611579932035,1008.4907635817316,1.501098850007568,1.1843624271445483,-1.3112626325671781,86.49326333726064,0,0,0
2018-10-16,13.715189675915449,19.062933878412956,31.745906859675557,7.0,27.91964971045146,57.3825643031086,2.5391066226024486,1008.8158747586812,-0.9933666280038065,0.09214470652223206,-0.8539916634530769,192.71477758098376,0,0,0
2018-10-17,1.0806967173050737,17.192103499666047,29.90953086952954,6.0,31.985796778664398,50.191201331085274,2.475687474002539,1007.7139419705699,0.5285332501225131,-0.24347248393433732,-1.2133446590259769,176.2994621702938,0,0,0
2018-10-18,4.174028394535013,18.96991478775558,30.640705717991988,6.0,32.63521674807236,64.20744492279364,2.7507242776742165,1010.6282984705783,0.28746023741210597,-0.6702586070221197,-0.7366842847098517,182.83541440571818,0,0,0
2018-10-19,0.7306280126461275,5.9853531244862594,28.166273143367153,5.0,29.615871458856827,60.77120792994464,3.561597075640223,1007.9945685508845,-0.7821425230783041,0.562420367236329,-1.035059949124614,160.7165284080187,0,0,0
2018-10-20,9.922737745662065,14.827394152843251,34.971024748561184,5.0,30.37868231339587,61.53307431072677,3.035835339610929,1011.9914343773339,0.1596565031732464,0.9896404334739751,-0.6660835087772263,221.54401934127628,0,0,0
2018-10-21,4.665231466284769,15.318597224593006,36.68472911879397,5.0,29.976202020290458,60.194403667133656,2.73346252501451,1009.6128691261927,1.0912669531484405,-0.04046992114674405,-1.1907686304362117,236.8627764525649,0,0,0
2018-10-22,27.467323098007864,42.055292309954744,61.75583511035636,5.0,29.938914161145487,51.07899895013473,3.265567818751747,1008.700202373964,-0.29141253385794064,1.046332499023871,-1.0551429360821492,460.97271622236747,0,0,0
2018-10-23,1.2932753677146671,33.42582993200734,49.333920802155575,4.0,32.261319921478844,56.108537174655055,2.7706266279959486,1009.860027431233,-1.522766384252787,-1.5760120255772607,-0.7633215112717462,349.9335594985504,0,0,0
2018-10-24,18.598965848166937,47.35956431388951,66.85218993301743,5.0,31.06209664988519,58.810255136397835,2.9950388588202133,1010.9588516316695,-0.015806543829701317,-0.04436269984633184,-0.5361365313133699,506.5288944275292,0,0,0
2018-10-25,1.7019005002154195,21.594141716097067,64.38006203869784,4.0,30.435524628076156,58.013141600948835,2.8447841325110055,1009.8215517714311,-0.8121807853132613,-0.03207592968354896,-0.37975688838874627,484.43060990487334,0,0,0
2018-10-26,3.124175495831276,23.425041844213677,66.77360952188299,5.0,34.47690229274461,58.99331254620784,3.1079757441273106,1008.0667551100014,-0.3081068447974942,-0.5815954979258776,-0.7512584646693534,505.8264662533453,0,0,0
2018-10-27,1.0396428175182328,5.865718813564971,57.890514593739155,4.0,28.748185005419508,62.279792529095666,2.487620988794841,1007.015401658969,-0.07342899271660888,1.9070888303854987,-0.2650044752342226,426.42072045235244,0,0,0
2018-10-28,29.580326727319868,33.74414504066942,82.80560985477426,4.0,31.523449778124192,64.08960181122943,2.070501775181458,1006.1834649329556,-1.5350869944139656,-0.05295410615100893,-0.757462544102951,649.1360845128233,0,1,0
2018-10-29,8.599651182012726,39.21962072685087,63.93793793877912,4.0,29.28780466478902,55.1145732288876,3.298216383567882,1003.8099637422965,-1.4540925053886102,-0.32618461728354664,-0.36884622776625636,480.4784745089753,0,0,0
2018-10-30,6.459497666316977,44.63947557564961,69.10416023738144,5.0,30.535962643238154,59.83318988099879,3.6570644840067814,1008.5168782245678,0.43386015197297273,0.020769690746804015,-0.8355893913093382,526.659196195798,0,0,0
2018-10-31,1.4979822949173844,16.55713114324713,52.00317668413188,4.0,30.964468002277837,63.67955834151418,2.0989788430631853,1007.5054527914183,-0.47044682655271236,-1.6022509908206637,-0.4496485122587866,373.79396578223106,0,0,0
2018-11-01,0.7448599475298122,8.702339908764216,51.04613613144627,4.0,32.54133130612371,51.5116899870076,2.5747667670429024,1008.2473871623365,-2.3082699076385103,-0.6078943402759321,-1.0930648035498285,479.1327579966201,0,0,0
2018-11-02,0.4500509423616694,2.692893184808909,48.372011577976664,3.0,30.99324264540915,55.320814059037836,2.197869648972394,1010.7007620960517,0.7063596329473216,0.7865919755563233,-0.7394158086640373,452.3424460641509,0,0,0
2018-11-03,0.5798422408668499,1.7747531307583742,47.91221100132528,3.0,30.845169961719,59.07612061122595,2.997218977755418,1008.6470880151139,0.24513277974681585,-0.5031562839462198,-0.29230901059715797,451.2859461330739,0,0,0
2018-11-04,0.9428556265183777,1.97274880974694,19.27473990052379,2.0,30.96817816169567,56.27105480435132,2.6151792034519907,1012.260005101094,-0.6424873416328356,-0.6631001302402173,-0.6857861237344743,122.76206405876601,0,1,1
2018-11-05,1.9285518959580923,3.4512497633433625,12.603640614469157,1.0,29.846963537812936,60.14114183573181,4.463675134412928,1007.8172388374808,-1.1851471899524173,1.0476205092115203,-0.19853355292075592,49.52082741091033,0,1,0
2018-11-06,0.01767131102343207,2.8890788334999447,6.161814259175611,0.0,32.24413102156294,58.25620471809234,2.2863316713686546,1007.1011064418942,0.7522271066829035,1.072203520761463,-0.025309018350196777,-21.055909119084575,0,0,0
2018-11-07,0.17427601064617407,2.1204992176277413,4.838107974904401,0.0,31.752765417729254,55.88541239757239,3.389567164740039,1006.5850730604203,0.31441556030438667,0.41359237772891344,-0.3231288478160318,-32.15230714075762,0,1,0
2018-11-08,0.20301800699645747,0.39496532866610623,4.296266034371046,0.0,31.96813343847565,52.28659076501704,3.4479701497656414,1010.1497704381071,2.144342054415666,-0.36409386723093384,-0.38530195651876264,-38.449334485505375,0,1,0
2018-11-09,2.2038117015658036,2.5811057192084776,6.05002679357518,1.0,31.26153709508827,58.41327428042259,2.787350237984999,1010.9214934347455,0.37816973885244365,-0.19157685209305883,-0.20643384840060564,-18.06796746547827,0,1,0
2018-11-10,2.0411532118754576,4.447982920437761,7.511337764583788,2.0,31.08886815478845,57.65584437559583,2.489441754181877,1007.7789077209857,0.34893282713581336,-0.6433199692599673,-0.2738925640572399,-1.085311721695651,0,1,0
2018-11-11,1.2367285202075902,5.481693433648894,7.805210658273,2.0,33.004737772157775,53.96386889586381,2.524094381048978,1006.9336496704229,-0.1502351370977086,-0.7958184952229159,-0.0021950674732940482,2.329938204545895,0,1,0
2018-11-12,0.5125209454287765,3.790402677511867,6.3891797077436845,2.0,32.789398356854406,60.52917667741364,2.473314673818356,1011.6033157339608,0.7350982804807119,-0.8355331906467459,0.10410748090525243,-14.126494842543694,0,1,0
2018-11-13,2.206675066922247,3.9559245325586563,8.5781834636425,3.0,33.33961811929272,63.155669484087355,3.147171590002845,1006.2380951496834,0.5625766811233384,-0.49444352542816605,0.057316313183131046,11.313057686524216,0,1,0
2018-11-14,0.9062532769166294,3.6254492892676957,9.310160729912955,3.0,31.8805293907288,56.81838679984739,1.943609984308335,1010.6672148544113,1.1265525077086755,-0.827776792547796,0.6072297583735922,19.819746660990972,0,1,0
2018-11-15,2.296919616689681,5.4098479605286,11.404062339606178,4.0,33.252627031152166,55.187726162270195,2.370601378708223,1007.8210520856702,-0.4691906267735563,-1.2509640948345193,0.06302802544503378,44.154067626383075,0,1,0
2018-11-16,1.5697796705157117,4.772952564122065,10.770030308556086,3.0,30.776381603026,56.49465763189221,2.297880187920855,1009.5635901770497,-0.3918667256495661,0.1755221358031246,0.6442268735232134,36.785651233516916,0,1,0
2018-11-17,0.07502256152379143,3.9417218487292263,8.80389965820442,2.0,31.077704798036716,51.447623180473336,1.4314751098805847,1010.7872776344285,-0.4311928538207821,0.18767646471474966,0.08863388538117167,13.936223120912222,0,1,0
2018-11-18,0.6182649503735911,2.2630671824131365,8.185436088370421,2.0,33.032038353789325,67.00520265566324,2.982540708412407,1009.7060796756887,0.7117215490610903,1.3606342067426533,0.41863649295736655,6.748735922816186,0,1,0
2018-11-19,1.5708584460395911,2.264145957937016,9.243773588981234,2.0,32.53968745219891,58.01134626386651,3.1049433913909645,1008.317357621231,1.3485369962670588,-0.5346706946837622,0.746481244064053,19.048227126391694,0,1,0
2018-11-20,0.5555535828191127,2.744676979232337,7.592652104878101,1.0,30.952266728953727,56.46290862789109,2.086660702418021,1011.3617936044368,-0.4129564438343706,0.23688047169861648,0.782416264711439,-0.1403154302505994,0,1,0
2018-11-21,3.3787541531785372,5.505166182037284,10.06515298114001,2.0,29.894135768206986,54.538192185898886,3.0852712365478077,1009.3692010271247,-0.3822963550137821,0.2501700634198413,0.4418430792347234,28.59390476025086,0,1,0
2018-11-22,1.835555489444897,5.769863225442589,9.603788853895225,1.0,31.07334740884512,58.21710983149539,1.5169971299325897,1015.4773356450194,0.2826695014828193,-0.20307004890042646,0.7313180085207487,23.232151991009008,0,1,0
2018-11-23,3.2386423904364894,8.452952033059965,11.272651573816002,2.0,30.400081480846733,57.013997171089336,2.4815644644764214,1005.7795401330659,-0.2211853500116113,0.5954668709997409,0.7416599847892623,42.6268746874968,0,1,0
2018-11-24,0.579295337233011,5.653493217114439,11.776924349525222,2.0,33.77320217411872,65.05105609667241,2.3914366801417275,1005.752949982426,0.8568482878259011,0.6201833494805715,0.543231469544299,48.48729120440047,0,1,0
2018-11-25,0.38610039949975755,4.2040381271693,11.54475979865139,2.0,32.422954199562234,55.12563860416088,2.519840987594716,1010.638487556532,-2.026599561557142,0.261928876158032,0.8719620770586627,45.78918606345373,0,1,0
2018-11-26,0.25937411668741117,1.2247698534202223,10.233275469299208,2.0,30.286605690293108,54.839399158844344,2.516718864706218,1008.7916664353335,-0.7440345422252052,-0.20451176403823645,1.2211405632912988,30.547743741713635,0,1,0
2018-11-27,1.7373930402231208,2.382867556410332,11.415114926703216,2.0,29.895909953703562,62.41945692878035,2.4209667646221136,1010.2755154458152,-0.7041747005653013,-0.28602408684362807,0.9086543695445018,44.282515496460746,0,1,0
2018-11-28,0.10467306001465596,2.1014402169252304,8.141033833539336,1.0,30.269258715336203,59.924583906673625,2.2345280133053436,1006.8717329324744,-2.0883204111475306,-1.0942031190376473,0.9650900864565644,6.2327141978006155,0,1,0
2018-11-29,0.1058311666779937,1.947897266915813,6.411309510772432,1.0,30.576541964781715,59.60333160209319,2.401968181480302,1008.9462574828365,-0.8672745999319237,-0.6447342228941534,1.0217705085760813,-13.86931287787567,0,1,0
2018-11-30,0.49880789733031305,0.7093121240230054,3.671475017666256,0.0,31.12551674731851,61.469439879972,3.2851245060158094,1009.6719900002604,-0.8236405042613335,-0.49760601912135033,0.5160840875938792,-45.71035623858361,0,1,0
2018-12-01,0.6029211266871736,1.207560190695523,3.6951008071204186,0.0,33.04497964855527,60.20256972488627,2.060095029425123,1008.0048360827294,-0.1809941890669473,-0.8991774099435473,1.0212614338086556,-47.51655041195274,0,1,0
2018-12-02,0.18901113111416673,1.2907401551316962,3.498011538734828,0.0,30.13149091342782,58.60053971209787,3.760530407282344,1009.4008090719343,1.0016693024942374,0.3519391733501314,0.6740961873410071,-49.005769914521004,0,1,0
2018-12-03,1.281302995137493,2.073235252938876,4.51994041718491,0.0,34.68996670410719,53.480062227867656,2.026227727742518,1006.5327684758357,-0.22055458607163214,0.9573022951896081,0.8000308177502884,-35.38182826776473,0,1,0
2018-12-04,1.499640456496164,2.9699545827478664,4.282187833457953,0.0,30.163994229761908,54.19089107145221,2.5513619295206116,1009.6941967460834,-0.9277323482440385,-0.7264499458633201,1.5042808315812135,-37.3751840206547,0,1,0
2018-12-05,0.749771977487518,3.5307154291212175,4.927286750930815,0.0,29.511947737789587,56.58535332883359,2.7500503012724016,1011.5853220452834,-0.05125908709217609,0.22675314859570972,0.9137989051237162,-28.42311041862421,0,1,0
2018-12-06,0.2573722928940857,2.5067847268778105,5.078827877146907,0.0,33.84824131677488,54.77104656110184,2.232272856158398,1006.7558752652841,0.9442562592972145,-0.8272889116237683,0.8023746934044267,-25.590074876142594,0,1,0
2018-12-07,1.114845074428428,2.121989344810074,5.694865054245023,0.0,33.334372401093766,61.38644521730304,3.236744326841085,1006.6471995821844,-0.8783629345034144,-0.2439377367513297,1.2828209728095212,-16.99830334730392,0,1,0
2018-12-08,0.7739536490680279,2.146171016390584,5.865897576625876,0.0,31.229326244463227,51.81256992315589,2.7344534693972666,1011.125373516084,-0.8195173955293037,-0.5522636633422207,0.7619439899233769,-14.877873820289064,0,1,0
2018-12-09,0.5752784490761574,2.464077172572656,6.252164894587867,0.0,32.018479802496365,57.53421484131581,2.2843849839200976,1006.6153675445034,0.5026940633468011,0.48151651888515323,0.8881142487480973,-10.089003172029646,0,1,0
2018-12-10,0.42227841282879675,1.7715105109730245,5.39314031227917,0.0,32.053811328064846,59.685901009104725,3.2300852631973527,1010.4965973626717,-0.1993825041577205,-0.5430305390737427,1.3102523404981328,-20.7390308007099,1,1,0
2018-12-11,0.04965727779418921,1.0472141396991859,3.9431571335771958,0.0,31.67601196156301,59.45300355257245,1.7980313310595282,1009.0831428761201,0.5827362216385269,0.8093283309653174,1.0036220318049718,-38.71565362656091,0,1,0
2018-12-12,2.8434914553825177,3.315427146005546,6.036876611472195,1.0,29.669543207463363,60.18444641730617,2.0680362876493708,1008.2314361043268,-0.012282112615767084,-0.19657661892975922,0.5944079101126045,-12.758107421818277,0,1,0
2018-12-13,0.0935193814300531,2.986668114606802,5.873023700008163,1.0,28.009860505589273,58.570515965411744,2.7448686585271087,1011.6232602918273,0.6314972832806104,-0.5196829676758646,1.1096428592756329,-14.789525462780166,0,1,0
2018-12-14,1.9793270735186541,4.916337910331267,6.737505699098389,1.0,30.301997906069243,56.58350898471667,2.8882062546191842,1010.6541816565671,-0.9315703026365768,-1.0026442098761306,0.8603629637487731,-4.0718377918828494,0,1,0
2018-12-15,0.9171906070806516,2.990037062029401,6.880742657111012,1.0,34.027230737241354,65.39877941740355,2.6008995304637343,1009.4870037323418,-0.010876185709440695,0.20256360823627984,1.3273156897671552,-2.296012522502647,0,1,0
2018-12-16,0.27326187558057485,3.1697795561799227,6.57872608361543,1.0,34.08219346513935,57.749368128855856,2.3310110060763938,1005.1087158680376,-0.18962101292684114,0.7161747217809442,0.7707717167410814,-6.040358049149553,0,1,0
2018-12-17,0.22657200954186793,1.4170244922031365,6.383019680328501,1.0,31.118042811032794,65.68470269338604,2.256459958604736,1010.2655722909384,-1.0943018316937176,0.21865700522949938,1.1622446527929378,-8.466689780557944,0,1,0
2018-12-18,0.04565529191952417,0.5454891770420092,6.379017694453836,1.0,30.143464649788886,59.09632820189048,3.0861669549556963,1007.0559677349422,-1.4071301530818197,1.7910653331315392,1.3177070433925495,-8.516305660024658,0,1,0
2018-12-19,0.50291818439347,0.7751454858549043,4.038444423464789,0.0,31.873984268943158,58.619228286048376,2.5515631890922075,1008.5850280928026,0.6171741317471956,1.1438299619763346,0.6326949391764282,-37.53429945944553,0,1,0
2018-12-20,0.042013371503607067,0.5905868478166434,3.9869384135383426,0.0,32.09918823497586,58.462997742873284,1.883983135930043,1008.9967169245896,-0.3158571439961803,-0.2460222117736125,0.7661670166774832,-38.172861428516875,1,1,0
2018-12-21,1.3444839883693172,1.8894155442664364,3.352095328389006,0.0,32.32562188833371,60.22282644194506,1.8493849814534085,1012.3986147796214,-0.9200522534825966,-0.2544219470456554,0.8781529664917056,-46.04352838725053,0,0,0
2018-12-22,0.6335169481064318,2.020014307979398,3.068421669414786,0.0,27.94677440534939,56.7501186174547,3.3154031869268206,1008.5276798971079,-0.08656104323099903,0.3757573755882826,0.5307767223408052,-49.56046185786755,0,1,0
2018-12-23,0.4691904225615438,2.447191359037335,3.264350216395755,0.0,35.90547321867725,59.42337015901268,1.976069432177206,1006.422526296521,1.0152169716143724,-0.6704153443405482,0.774504269137274,-47.13137603009477,0,1,0
2018-12-24,0.5341165667833704,1.6368239374513882,3.5718947736372573,0.0,33.070079096583115,64.75166697089865,2.5709650396213517,1011.6288742763988,-2.0526640608347306,0.9330306452259894,0.6103365093318573,-43.3184955850795,0,1,0
2018-12-25,0.6586993163763125,1.662006305721269,4.184938798094046,0.0,31.207605376086494,62.705174154791436,3.2178702602127034,1010.2898335884132,-1.3469748209129937,0.289280417474867,0.5628789618826773,-35.71808934232089,0,1,0
2018-12-26,0.3339284639542809,1.526744347114006,4.015949077654857,0.0,30.47874587909683,62.80560758029421,2.7325907738381594,1010.3568720503055,-0.8305977977057408,0.20516712868682624,0.5920338458518326,-37.81319258931221,0,0,0
2018-12-27,0.38666438614171517,1.3792921664723508,4.360600092292965,0.0,32.86684253303347,53.113546743447415,1.9527409547684131,1011.662668007769,1.315060980048296,0.5495629342166531,0.55147977582837,-33.540273159831315,0,1,0
2018-12-28,2.1528338563792992,2.8734267064753376,5.168949960302947,1.0,32.17816702237038,53.69921845485797,1.7979099422602345,1012.0852915289558,0.2543282846273669,1.3782639066952473,0.5268514521903712,-23.51850125103552,0,1,0
2018-12-29,1.2327678407281075,3.772266083249164,5.768200852924623,1.0,31.61362104457034,58.6908060039521,3.5292594830782797,1007.3783942864873,0.6905855164151041,0.13676428175000416,0.28689308869505736,-16.089099701454813,0,1,0
2018-12-30,0.8819650720396994,4.267566769147148,6.180975502402778,1.0,32.12628304841916,60.803466232509365,1.7826276442088713,1006.4797340464813,-1.0261448272136076,-0.09043229669710749,0.2471779757996504,-10.971596067802796,0,1,0
2018-12-31,0.2733480776402843,2.3880809904081333,5.920207013259692,1.0,31.326807115407565,55.787288080526224,2.07536485902972,1010.4999602397555,-1.0075822877434737,1.2069756986580629,0.30450427964221294,-14.204555486262226,0,1,0
2019-01-01,0.017680978175542313,1.1729941278555682,5.279188675058922,1.0,32.0625724631793,54.88516936449322,2.6235187111825873,1008.5275216417206,0.4030323450504394,0.7740403327929083,0.2701109709407504,-22.21646832222602,0,0,0
2019-01-02,0.7909158689014172,1.0819449247172859,5.736176080006058,1.0,32.516873282509984,62.87027656009158,2.2686894585659774,1008.6907624065195,0.0524468978419019,-0.25678387230697786,0.11786926289342327,-16.386754082765258,0,1,0
2019-01-03,0.5325765393302616,1.3411733864072632,5.8820882331946045,1.0,31.980608914889913,60.37910179252036,2.7442996509492414,1006.9809579047554,0.49386493697771394,0.004149158927216069,0.2541454933358555,-14.445408189913886,0,1,0
2019-01-04,0.3772311188055779,1.700723527037299,4.106485495620883,0.0,31.907255948825764,60.39346516954138,1.5193532527571523,1010.0509767203911,-0.16890389183560692,0.15630473275103887,-0.3354851782171236,-36.522551831475745,0,1,0
2019-01-05,0.44600298897592733,1.355810647111809,3.319720643868703,0.0,33.44996947767073,54.93510274128604,2.2737768976680295,1009.7237989248327,0.25032935380916427,0.2894503556839863,-0.11973136685889253,-46.23945172680561,0,1,0
2019-01-06,0.10254653754970298,0.9257806453312504,2.5403021093787066,0.0,29.264015323989238,54.76362189298425,2.8066297764173997,1008.7200662560072,0.14230717641459825,-1.0852798807512911,-0.06261085996741407,-55.864524363795454,0,1,0
2019-01-07,0.15419282265535125,0.7027423491810237,2.4211468543937738,0.0,30.382930101193274,60.140307446052105,2.8086603742222525,1006.5009467662294,0.6999906501764328,-1.2339876862412482,-0.26219454590667485,-57.23645946592152,0,1,0
2019-01-08,1.234904877048626,1.4916442372537224,3.6383707532668574,0.0,31.537150251548507,56.708691776914755,2.056544562229453,1011.176432863825,0.7263074537500236,-0.7099120176019631,0.3037455303088736,-42.02144363821544,0,1,0
2019-01-09,1.0868667735609845,2.475964473265004,3.934321657926424,0.0,30.47815067507414,54.172035256789336,1.7869905012531686,1009.460230926807,-1.4578847949525928,-0.7717907544090739,-0.15390720712347106,-38.322126115130274,0,0,0
2019-01-10,1.656773128677467,3.9785447792871196,5.05851824727363,0.0,30.94551973763356,52.92492191055495,2.528244392463193,1011.0120815262545,-2.0225416998067702,-0.515059211178002,-0.16900949442814142,-24.26993003501174,0,1,0
2019-01-11,0.7754462112748348,3.5190861135133287,5.456733339742887,0.0,33.30280378722114,53.98522339664205,1.6125389406374415,1005.21454027079,0.9015708578863565,0.5077685136720035,-0.3879309747863146,-19.292333932634424,0,1,0
2019-01-12,0.7401445782213714,3.1723639181737155,5.750874928988331,0.0,31.291405927634262,59.690152675238465,3.170578885590213,1009.1022444873072,1.068952583935743,-0.13514332505979068,-0.32416516910496257,-15.615632431703174,0,1,0
2019-01-13,0.15229297699372457,1.667883766489973,5.800621368432352,0.0,28.939069852375514,49.27121480077676,2.494461786556446,1007.7095449563737,-0.9185607175620037,0.15711568400815062,-0.6761428657910354,-14.993813500762421,0,0,0
2019-01-14,0.18587816132374282,1.078315716538881,5.832306707100744,0.0,30.907286870107086,58.352081390899556,1.9819295822786884,1009.0650279286177,-1.6738518658910657,-0.9794427280338094,-0.4657439498569263,-14.597754131740711,0,1,0
2019-01-15,0.3011640594896803,0.6393351978071898,4.898565889541798,0.0,31.5813237349625,52.39936666862339,1.7673156835802128,1010.6977418297784,0.08913133890648083,-0.36931376233675617,-0.7071958754232732,-26.269297330397457,0,0,0
2019-01-16,0.07198394801222738,0.5590261688256927,3.8836830639930406,0.0,31.555530636613934,54.6828062772298,2.020182528536445,1009.6658680711272,0.8377544037154765,0.46980612939587235,-0.5904894143154324,-38.95509676983276,0,1,0
2019-01-17,0.16809842314113677,0.5412464306430866,2.395008358456711,0.0,32.27841770906006,53.39598814221765,1.4628578874052236,1009.03258283333,1.6178350701908832,0.4759619665414414,-1.2077043709916389,-57.56318459000349,0,1,0
2019-01-18,0.5306117728560786,0.770694144009485,2.150173920037955,0.0,32.16410929583274,53.88084951790104,2.6968839701348575,1009.0229675950269,0.46466781489130593,-0.5796590625503264,-0.8945609550863513,-60.62355816561082,0,1,0
2019-01-19,0.28007344087621483,0.9787836368734724,1.6901027826927981,0.0,31.305608753238698,55.12791251282874,1.918308573439503,1006.1923854921013,-0.33454502692712546,0.1293299091036429,-0.2895233438702184,-66.37434045230263,0,1,0
2019-01-20,0.5788421334079089,1.3895273471402447,2.1166519391069825,0.0,29.82970962963147,54.000738515195906,2.6398195850655064,1007.3681403151071,-0.8038175594263764,1.7590782827858658,-0.4888276566421852,-61.042575136040824,0,1,0
2019-01-21,1.2309370832864535,2.0898526575706193,3.161710861069693,0.0,30.882370338882488,53.70092945812386,2.722543958489293,1011.0182803921483,0.010306162503588975,-0.01407834340451051,-0.4054404953106774,-47.97958150498494,0,1,0
2019-01-22,0.5743792077414216,2.3841584244358263,3.434926009321434,0.0,30.62807811190456,61.217388845055396,2.979614867141559,1008.089996514631,-0.26933823349673075,-0.5545495569139564,-0.4247746939890633,-44.564455652733876,0,1,0
2019-01-23,0.7479975594980794,2.5533138505259965,4.110939620807287,0.0,31.100819967414317,55.506474545362074,2.5511250862088017,1011.0527170925592,-0.9135611151559345,-0.1390099114897282,-0.6375816444335192,-36.11444262881571,0,1,0
2019-01-24,0.04057661739624723,1.3629533846357904,3.983417815062397,0.0,32.46760124053612,54.11973153048478,3.0751571507099738,1010.4874304958382,1.8438800857769582,0.07374168602146644,-0.9506826755126374,-37.708435561900956,0,1,1
2019-01-25,1.212044437738251,2.0006186146326197,4.664850479944569,0.0,32.06570914056433,51.607042655028806,3.2316827888557267,1010.582532010635,1.606651561864918,-0.12093470455243951,-1.1258311390916047,-29.190685630029773,0,0,0
2019-01-26,0.03840027192207274,1.291021327056613,4.423177310990428,0.0,32.65357329041343,53.85292761312934,2.554945630305861,1009.599208713607,1.0224438151998856,-0.025083760541201434,-0.6062113978056378,-32.211544072074325,0,0,0
2019-01-27,0.2572376886099695,1.5076823982703356,4.1015728661924875,0.0,30.962248806131164,52.18459767292373,2.5911324729470446,1008.2151479921152,-0.8287653580282148,-1.1547574375494718,-0.9003795543187861,-36.231524884471675,0,1,0
2019-01-28,0.11070964579547467,0.40634760632755906,2.981345428701509,0.0,33.6116703667737,59.27707858020512,2.06553224864275,1008.7278891036996,0.769517391867551,-0.770104380068761,-0.31381179984761864,-50.23410748890099,0,1,0
2019-01-29,0.017949661517342837,0.38589699592282917,2.42491588247743,0.0,32.44193920881048,51.36959568950628,1.8074417076764626,1010.1526574330294,0.5756637685481116,-0.11946818965719803,-1.0464957427104697,-57.18934749087651,0,1,0
2019-01-30,0.544824899386629,0.6734842066994887,2.22174322236598,0.0,31.657093845753817,46.822863969937856,3.1692612335985326,1005.1738573882886,0.3982910617836477,-0.13221437601794936,-0.4769535742541817,-59.72895852070824,1,1,1
2019-01-31,0.8099344136499828,1.3727089745539969,2.9911010186197156,0.0,32.34465050930423,54.68011811745917,2.763462755475683,1011.2387603187034,1.1246987403393995,-0.4529514198880005,-1.0213381698266146,-50.11216488232586,0,1,0
2019-02-01,1.6923516333680961,3.04711094640475,3.4714082142495606,0.0,30.55297141719948,54.24621277274853,2.8125564824718334,1008.0987521426138,0.5718340285751496,-0.14161086886114957,-0.6570602396337883,-44.09359741495161,0,1,0
2019-02-02,0.6258572713547654,3.128143318372887,4.058865213682253,0.0,28.546780095338335,53.23133995812856,2.046033284663122,1008.8436556538109,0.666012812673902,0.04881188433136429,-0.5727735427024274,-36.761283487542215,0,1,0
2019-02-03,0.16669004486050518,2.484898949583409,3.9683175699327893,0.0,30.649661080985233,57.51394655404157,3.374811950889762,1008.8591745691938,0.5732156550349892,0.7115307652196203,-1.255481843145221,-37.899653086402715,0,1,0
2019-02-04,0.2721647199575144,1.064712036172827,4.129772644094829,0.0,32.54547573782196,43.2705809510069,2.2632906940195983,1008.927268496202,0.3067122672018953,-0.07936938818084072,-1.1207069275657886,-35.88961464314496,0,1,0
2019-02-05,0.025758122693847363,0.4646128875119091,4.137581105271333,0.0,31.611338453247473,60.175574668132825,1.919354621031213,1006.6344121090699,-1.6052500167427652,0.3192825642386026,-1.2543313095442268,-35.79916752801634,0,1,0
2019-02-06,0.30773039615763353,0.6056532388090374,3.9004866020423377,0.0,31.3074677359339,57.98231729916406,2.056254573604512,1009.2720722009967,0.0752589696695015,-0.4332802411471368,-1.2971281698958963,-38.768427344079,0,1,0
2019-02-07,0.46203336249285215,0.7955218813443752,3.552585550885207,0.0,30.312059898594104,52.46077059264485,3.3431740187539605,1010.0688234779764,-0.5005727629642127,0.45767657887878554,-0.8133772146758829,-43.12205408089374,0,1,0
2019-02-08,0.77828245162349,1.548046210274018,2.638516369140601,0.0,28.760879841399774,52.66134324098969,1.7338304731165395,1005.3189544198616,-1.1518568618760185,0.3005842380898854,-1.0167785417568551,-54.542021241199464,0,1,0
2019-02-09,0.983156758528663,2.223472572645047,2.9958158563144988,0.0,33.49381986682363,56.676420307013785,1.9497855426887196,1006.6575527766724,1.5136349573707415,0.6926536025438557,-0.9390216723803216,-50.07808296233509,0,1,0
2019-02-10,0.7544183855975286,2.515857595749724,3.5835441970515216,0.0,31.207983359146674,57.1447721214617,4.13956463988114,1010.611524781707,1.556095806797133,0.5707683699555902,-0.7946074080064505,-42.73527075025781,0,1,0
2019-02-11,0.14334791504418307,1.880923059170417,3.4547273921381905,0.0,30.897682823026855,51.02918202436294,2.9650816905173407,1010.2766019997509,1.2232985402660508,0.4709884983049169,-1.3766868909858594,-44.34464968041495,0,1,0
2019-02-12,0.09150056563482094,0.9892668662765749,3.520469835079164,0.0,30.558731223754304,49.123053337194804,1.9606255414672886,1009.536701363898,0.22969207517028717,-0.07873392692622422,-0.5665065317847965,-43.52329331656595,0,1,0
2019-02-13,0.9204426368533162,1.1552911175323626,4.1331820757748465,0.0,33.255367466360205,63.0897256247202,1.751590633515141,1007.7711005688843,1.2155626088573912,0.19595138163557455,-0.9485887768806593,-35.86834355214312,0,0,0
2019-02-14,0.01637131438794536,1.0283145168761247,3.6875200276699402,0.0,32.73292713501406,59.08423684168321,1.3968407327135848,1010.2870698388427,0.010847862541642989,0.8508071427612212,-0.6986744160691339,-41.43624372381156,0,1,0
2019-02-15,2.3935789819252697,3.3303929331665736,5.30281655797172,1.0,30.144900747787588,56.0226150612155,2.458727536455343,1006.8337458968342,0.18251754920800145,-0.5216596555222356,-0.6444894936302932,-21.25545905388691,0,1,0
2019-02-16,0.18858297298699173,2.598533269300249,4.508242772430049,1.0,33.12939614874387,56.6535425575835,2.8372712613957045,1008.751762263035,-0.9841242334157847,-0.5027262229574925,-0.42239404859620644,-31.182504750807695,0,1,0
2019-02-17,1.3602317002350286,3.942393655147332,5.114056087067548,1.0,31.29593741119315,57.60576422198742,3.311737974662996,1006.6472798539571,0.357292174048956,0.1451451183602896,-0.7543722296450008,-23.613747049960914,0,1,0
2019-02-18,0.23631496685294645,1.785129640075009,5.207023138876312,1.0,30.644276934500805,56.920967030105736,1.2640689000243541,1008.7073636432958,0.05434733558197539,0.3322237522123628,-1.2198851184752562,-22.452258729547157,0,1,0
2019-02-19,0.8278445772227475,2.4243912443107645,5.943367150464238,1.0,31.087978656166353,47.07749547249783,1.6052301471787558,1007.144263570105,-1.172386905151018,-0.6592851994112037,-0.6333857998656531,-13.252709506180599,0,1,0
2019-02-20,0.0968466165475685,1.1610061606233046,5.119771130158491,1.0,30.40241984696207,54.217477569909796,2.328728702182292,1010.3594266898331,-0.04607740063493722,-0.05981005073064669,-0.5541844778970928,-23.542345885014367,0,1,0
2019-02-21,0.4916333910105034,1.4163245847808614,5.595033206781049,1.0,29.64980805383462,53.142719197744825,4.073061082237858,1009.7786944357878,-0.07175660747112762,-0.07519901938302784,-0.8177550638206843,-17.60463633746201,0,1,0
2019-02-22,0.6590274077139511,1.247507415272065,3.86048163256973,0.0,32.585619349394946,55.17213706988828,2.932000550160919,1007.9719310959232,1.6178050499801762,-1.7722240924827766,-0.4754203912870519,-39.275339617866926,0,1,0
2019-02-23,0.09419460513458822,1.2448554038590847,3.7660932647173264,0.0,31.19004919503887,58.70442714301758,2.624138912975462,1010.9615057300256,0.8047919956620686,-0.1756751914070078,-0.5540701246654003,-40.454585218437316,0,1,0
2019-02-24,0.11927016659443493,0.8724921794430164,2.525131731076733,0.0,32.3631293447863,47.97211763434332,1.6655048944064847,1007.2775994982504,0.010300895182319414,-0.12585426627877302,-0.7495953031765081,-55.9585976547059,0,1,0
2019-02-25,0.28969446075240934,0.5031592324814746,2.5785112249761957,0.0,31.90113466126429,51.122732814005346,1.1284678692631758,1008.935455097132,0.2239085788209747,-0.1282343542584153,-0.19484973034199113,-55.29169838762621,0,1,0
2019-02-26,0.36366391339564275,0.7726285407425292,2.114330561149091,0.0,32.26699355357746,53.151078638847345,2.423768860076727,1007.8922887509087,0.039791140293778254,1.1327314196618146,-0.4513471588495905,-61.090961772961016,0,1,0
2019-02-27,0.7793923243772004,1.4327506985252947,2.796876268978723,0.0,28.634654470113002,56.726937776588336,2.340837355229266,1010.3352363228547,-0.18262258631599296,-0.9726386388071003,-0.35874776455669555,-52.56354423773131,0,1,0
2019-02-28,0.7079408412561986,1.8509970790290842,3.013183719224418,0.0,30.2855716485831,59.53807592402834,2.2397745363916544,1010.157163560439,-0.9741844776494581,-0.6596980569636902,-0.31874128457879564,-49.8610967341183,0,1,0
2019-03-01,0.5461367452130623,2.0334699108465033,2.9002930567235294,0.0,32.28172521888461,64.02900363140697,2.1790661987807898,1011.3270373724733,-0.13594668984623634,-2.089756638655467,0.16045614479033593,-50.98809387640589,0,1,0
2019-03-02,1.0838439031270288,2.337921489596332,3.88994235471597,0.0,29.699851589531672,55.698398970976875,1.9583139871065847,1009.1328876088556,-0.6714884309872621,-0.38473333293931256,-0.10350152826888956,-38.82807111788364,0,1,0
2019-03-03,0.6891329458429784,2.319113594183112,4.4598051339645135,0.0,32.00690567865915,60.379321449873515,1.8207411231492103,1003.6562414365449,-1.1252839850308318,-0.31651484330080076,-0.018068711925166434,-31.87248384915209,0,1,0
2019-03-04,0.737572203966228,2.5105490529362777,4.907682877178332,0.0,29.537628149296022,59.71207672052154,3.2410310783073624,1008.2079523558947,0.46009963309278123,-0.407981741067405,-0.09245711349118568,-26.42924445824706,0,1,0
2019-03-05,0.11767738407752044,1.544382533886769,4.66169634786021,0.0,31.507636138214597,59.741520198756454,1.8754094214612402,1011.8009830710337,0.35213819393991147,0.8861418715870081,0.1889096013157755,-29.588405772987684,0,1,0
2019-03-06,1.1583778256337551,2.0136274136775456,5.040681849116765,0.0,33.738601112832505,58.169914663356245,2.2416375641094475,1008.3985252453906,-1.6080367602312702,0.6884940178695707,0.46578753260902117,-24.999279634900994,0,1,0
2019-03-07,1.0365361131455018,2.31259132285682,5.369277121006068,0.0,32.5690547227863,56.36767177793448,2.3838795359407636,1005.5319504261927,-0.1104161737456145,0.062285379413843316,0.3452919762040022,-21.034882225222102,0,1,0
2019-03-08,0.573187556364328,2.768101495143627,5.396327932157333,0.0,28.893577234905,53.86433873289603,2.8310946003892403,1009.7923129392997,0.8961312473099312,-0.2964904428318898,0.40934658564799664,-20.69951127999849,0,1,0
2019-03-09,1.0032852355830262,2.613008905092898,5.315769264613332,0.0,32.67233452736468,53.683091210293604,1.896228194652637,1009.9268224716371,0.9533013650066887,0.8209517344854911,0.44275723343760165,-21.69826271592069,0,1,0
2019-03-10,0.45296510550123803,2.0294378974486342,5.079601424271591,0.0,34.03574807874344,58.48792269637941,2.9941672122706278,1007.67455744007,0.9232531585967149,-0.015806287868681306,-0.0011896755196417752,-24.626227848054054,0,1,0
2019-03-11,1.7636695826377078,3.2199199237220144,6.1056988029430705,0.0,35.40043697554846,57.32600835873688,2.0595265824384965,1008.5393672122505,0.03502188621131382,-0.6546160311347663,0.17645152347121573,-11.90486264195265,0,1,0
2019-03-12,0.5215030987157763,2.7381377868547645,6.509524517581326,0.0,32.14972059377819,56.427100884608194,2.3101880978166145,1007.4583829145942,-0.760540795172236,-1.3729989419876414,0.3946243219129762,-6.898306244567201,0,1,0
2019-03-13,0.43682888664719943,2.7220015680007257,5.787975578594771,0.0,29.57442666788253,60.545352363697035,3.3931855507663555,1009.9241410598255,-0.9753289446222545,-0.35305159511654616,0.31341930692932174,-15.84393631605944,0,1,0
2019-03-14,0.6939663848394483,1.652298370202466,5.445405850288717,0.0,32.09316373055623,56.991208366829895,1.8257897715112625,1009.0853946113574,0.31014441427532174,0.603714893738087,0.27623817759939756,-20.091052343174354,1,1,0
2019-03-15,2.072387608094056,3.203182879580746,6.944605902018445,1.0,33.71906159900008,53.75020811685003,2.839869226834869,1006.8851203070515,0.3413520309286467,1.8212309516344718,0.12014205632177993,-1.5042478434367865,0,1,0
2019-03-16,0.24571928592516,3.012073278858707,6.187039952360578,1.0,31.2226911096716,56.77545812510852,3.0100929202061937,1008.9663367124165,1.1585980004445589,0.04928827695158074,0.29555232401710213,-10.896410140725205,0,1,0
2019-03-17,0.6510254610704799,2.969132355089738,6.38510030792982,1.0,32.94496705335761,61.910341951023014,2.593265080714658,1007.6640717311556,0.9899816853078752,-0.6122844120962435,0.6101011884018205,-8.440894545013593,0,1,0
2019-03-18,0.26863874993334796,1.16538349692903,4.890069475225461,1.0,30.309170362893262,54.75062534972276,2.3368079060593594,1011.6134248502482,-0.11900579087805489,-0.9479721666273712,0.6968435068959759,-26.976009839663607,0,1,0
2019-03-19,0.4362375521308394,1.3559017631347094,4.804803928640523,1.0,32.005909115699616,59.32392791392677,3.6827488204197643,1010.5921715211916,-1.1197852909747825,0.44156391704447906,0.5537004210360412,-28.033116289939542,0,0,0
2019-03-20,0.16570479969130492,0.8705811017555345,4.533679841684629,1.0,27.999203240083848,58.89871325224213,2.39901916271885,1008.7634127823477,-0.2871959373098081,-1.4116928419074148,0.8071386554524705,-31.394462491605452,0,1,0
2019-03-21,0.7192938673024049,1.3212362191245912,4.559007324147586,1.0,30.15414502675062,55.839236987375635,2.529772899390145,1009.1294310796868,0.1955080753294722,0.4402760811239106,0.7119627846667851,-31.080457056195826,0,1,0
2019-03-22,0.47842139816754253,1.3634200651612944,2.9650411142210724,0.0,31.47604565512743,58.73802814647248,2.2054103350439465,1010.8083128117048,-0.1818749208504637,0.6541692850103299,1.1235469213775806,-50.84215482889094,0,1,1
2019-03-23,0.9844398359057978,2.1821551013757876,3.7037616642017106,0.0,30.975915138515017,52.91172216388992,2.497975513798296,1008.6710169005116,-0.5201046972698903,0.34902356258629125,0.8383538431272176,-41.68363430550449,0,1,0
2019-03-24,1.2369628442152603,2.6998240782886427,4.28969904734649,0.0,29.663750069335983,60.23610096406699,2.9857971865943362,1010.3486221454507,0.227596333472909,-0.17572933755084597,1.0779882385004682,-34.4192911799593,0,1,0
2019-03-25,1.4022987346362976,3.623701414757398,5.42335903204944,0.0,30.785095884003088,54.08630035352132,2.2421431948237576,1011.6428106345801,-0.4535619672695494,0.4519525228374517,0.9770650783697052,-20.364384711314212,0,1,0
2019-03-26,0.2814513570296456,2.9207129358812454,5.2685728369482465,0.0,31.94613162917722,62.88042321166841,1.142208122612229,1008.0999278828878,-0.5652594753528366,0.13675069690263997,0.5952419006363022,-22.283395282508334,0,1,0
2019-03-27,0.6952831729990373,2.379033264665023,5.798151210255979,0.0,31.36389593936772,59.083867095459496,2.715468509060556,1011.9465767830712,0.2803075508730956,-0.6224990734884734,0.9396748785639037,-15.717780719859986,0,1,0
2019-03-28,1.479512219180548,2.4562467492092734,6.558369562134122,0.0,31.56992715914124,56.482924315338416,1.7603257347051755,1011.4227260043269,-0.36179332211628434,1.4803298579000206,0.6670437401716064,-6.2927344312282685,0,1,0
2019-03-29,0.16401912546677636,2.338814517646404,6.243967289433356,0.0,32.50937088564206,64.14360310837002,2.8524522645459673,1009.4309214457021,0.21969395008051693,-0.28134350368841304,0.9595184819830853,-10.190635562048007,0,1,0
2019-03-30,0.5328076919218354,2.176339036569202,5.792335145449393,0.0,31.00418678029548,54.994726197957,2.4065315603344417,1008.184473998008,0.24588362056691043,0.6206018403599276,0.8078207934678323,-15.789887213848619,0,1,0
2019-03-31,0.17929112008646553,0.8761179374751195,4.734663421320598,0.0,33.3874635975947,56.84704204480257,2.973191861357373,1009.4085163699733,-1.0254861009824172,-1.9348914261565717,1.0940816307829726,-28.90270530547066,0,1,0
2019-04-01,3.4155928938301923,4.127691705838536,6.747957580514493,1.0,29.973917806092604,52.28471898944212,1.8981855018046339,1008.4087169216713,-0.433117011478871,1.0211767062247432,0.664408384719702,-4.589916898851805,0,1,0
2019-04-02,1.5358735126765755,5.130757526593276,8.002379736161423,1.0,34.058100872917905,65.68369215667643,2.1460590402543644,1007.4218291935646,1.2939992459248162,1.1750109957236654,1.0019929054303485,9.093870611972713,0,1,0
2019-04-03,1.894845176320955,6.846311582827766,9.201941739483342,1.0,32.91715138132655,68.27380093838171,2.26317014695895,1009.80691388584,-1.0458715614608585,0.023867029701310577,1.1366613904957896,22.140099725254984,0,1,0
2019-04-04,0.5536339122571782,3.984352601254751,8.27606343255997,1.0,30.86050040591747,54.277885478215275,1.5778224409847037,1007.0064747954652,-1.904989004073478,0.4470168277902068,1.2126306860856273,10.485480210855501,0,1,0
2019-04-05,4.193394092959374,6.64187318153755,12.30543840005257,2.0,30.953851112711067,56.63715129714375,3.1340438877841876,1008.2394202722762,-1.6756606379182604,0.44681214528605023,0.7838225535363874,56.41843935165127,0,1,0
2019-04-06,0.6562802365157661,5.40330824173236,12.4289109446465,2.0,31.64832712689101,60.63350617200104,1.4919380128881619,1008.2630954853984,0.026198951919002282,-0.5142268557125794,0.965426868079753,56.958872512086266,0,1,0
2019-04-07,0.4839378404424912,5.333612169917674,12.733557665002525,2.0,32.19703660045535,58.35337124584497,3.1255799333418666,1006.3913515120637,0.02782555022942902,0.43769784435147224,0.9901852472440543,59.60482511203355,0,1,0
2019-04-08,2.5429881314968354,3.683206208455135,11.860952902669169,2.0,32.89126488396142,61.09336506048742,2.7218308497591552,1010.0340681758593,-0.10584976988260884,-0.6469043758980444,1.3111761637158286,49.46383077674546,0,1,0
2019-04-09,0.4707734658347033,3.4976994377740724,10.795852855827295,2.0,29.482069551413463,58.798932490081405,2.347871363149249,1008.437810061476,1.0927708460356516,-0.48700553891626086,0.531455832461275,37.08574850195241,0,1,0
2019-04-10,0.6991605534751301,3.7129221508067114,9.60016823298147,2.0,31.971316969520327,61.1924518255463,2.6742614517358283,1011.1867364924212,-2.405550989792644,0.901554514569839,0.648623883625453,23.1900748700013,0,0,0
2019-04-11,2.2457981463040344,3.41573216561391,11.292332467028327,3.0,28.39577734518678,57.97037788538984,2.6578317355531547,1008.4084431290795,0.3563404869877413,0.7797261525601622,1.5494220741744704,42.85559659596531,0,1,0
2019-04-12,0.15054751828331214,3.095506218062519,7.249485892352265,2.0,31.110676618464904,60.58462703838497,2.226935015608148,1008.1169472183078,1.405294381623216,-0.5651004016926341,0.7493215046554224,-4.128428683243952,0,1,0
2019-04-13,1.729414225306615,4.125759889894004,8.322619881143115,2.0,33.39437480393702,54.25520986634117,2.6460816511708423,1007.2204616475258,-1.0150026884025427,-0.5868610748008325,0.3116139528834061,8.343020214459509,0,1,0
2019-04-14,1.0562878029146268,2.9362495465045964,8.89496984361525,2.0,29.374244653528685,57.80093101215221,2.905901759665165,1008.9190711051041,-0.3418258606109056,-0.5164772819661377,0.6030712002036234,14.99459716862576,0,1,0
2019-04-15,2.129084896460169,4.914786924681453,8.481066608578583,2.0,29.119964398190255,51.039995681258816,1.9003821426623504,1008.9292393522215,-0.6776027255057588,0.5861116531723927,0.018526526211780303,10.184412142084787,0,1,0
2019-04-16,1.5219781201279172,4.707350819502755,9.532271262871797,2.0,31.668010438001748,58.1495369412023,2.674908733958706,1010.1839986576716,-0.8049114414697759,-0.7999878246483177,0.7308180124956534,22.401008824310402,0,1,0
2019-04-17,6.759006939822903,10.410069956411032,15.59211764921957,3.0,33.301298128476226,57.726753954127986,0.8913967048066032,1008.9694527168514,-0.293635804520736,0.28537011122876205,0.8308078439961735,92.8256392289658,0,1,0
2019-04-18,0.9888828826323236,9.269867942583186,14.33520238554786,2.0,31.81445093015403,62.60570457865184,1.3094318226149237,1012.6178703862496,1.2847367553160542,0.5974774485074357,0.3562809903710973,78.21837243529394,0,1,0
2019-04-19,0.4398255702118249,8.187715392667094,14.624480437476372,2.0,28.69243224300041,58.755014191905126,2.805907753488819,1009.6700096096687,1.6536480079387683,-0.0705963602344801,0.4205479221656321,81.58022331275858,0,1,0
2019-04-20,1.0843679954492669,2.513076448293458,13.979434207619024,2.0,29.002517520369796,60.23448257515571,2.21649422344844,1007.0725119620504,-0.30234530253613295,0.8080509574919422,0.7215139867883978,74.08380518012028,0,1,0
2019-04-21,0.9600751566555874,2.484268722316722,13.883221561359985,2.0,31.495742304735767,57.86063735541395,1.9551288590588494,1006.9201611169133,1.7145541926580232,-0.24344813559183398,0.0039043174532932823,72.96566791705175,0,1,0
2019-04-22,3.609729600637278,5.654172752742174,15.363866265537094,2.0,29.707957911620507,49.57565165185347,2.435376478420792,1009.8114539781736,0.03201882928616238,-0.17108448079513153,0.060560941483021935,90.17301104165665,0,1,0
2019-04-23,1.1098296184240988,5.679634375717007,14.951717763833276,2.0,31.5502581101025,50.65843506741324,2.2296207696304253,1007.0158279280307,1.578321924030973,-0.7817969849054852,0.2822141729321861,85.38321868492046,0,1,0
2019-04-24,0.3966362206986307,5.11619543976005,8.589347044709003,1.0,31.633290457208297,56.911978406991814,1.8740270838671722,1009.9195384264245,-0.0839687846881426,0.8137418780961643,0.09840170589823505,11.442795475319013,0,1,0
2019-04-25,2.0707787403739504,3.5772445794967225,9.67124290245063,2.0,30.673236783713786,59.453367505848945,1.4837623553949792,1010.4609688152628,0.11795204344152987,-0.6132163575830963,0.15937715095371158,24.01607061467483,0,1,0
2019-04-26,0.31891387276490235,2.7863288338375263,9.550331205003706,2.0,33.89955331016292,56.65758962091755,1.2862972801148214,1010.5043544513705,0.3289270253785511,0.2798174541720474,-0.1374537135885792,22.610892816194188,0,1,0
2019-04-27,0.12246333845168235,2.512155951590578,8.588426548006122,2.0,32.18555138554259,54.92732751159965,2.9104671937108737,1007.2842814838451,2.860968311430782,-0.05705285370074781,0.17715149422560092,11.432097903803816,0,1,0
2019-04-28,0.1304354784549466,0.571812689671574,7.7587868698054825,2.0,33.05512452894643,57.056864217035745,2.2136920310685695,1010.5074666491569,0.7661570173603102,-0.8422264504893301,0.030972807491645417,1.7904231844664376,0,1,0
2019-04-29,0.9065403960869197,1.1594392129935913,5.0555976652551236,1.0,32.647711760214854,57.00753246087721,3.0489213509159114,1009.429479163281,-0.6365380769563173,-0.4872825150586566,0.15007596851413582,-29.62474619560241,0,1,0
2019-04-30,0.8847917662556375,1.9217676407975464,4.830559813086662,1.0,31.148794311904766,61.07503781392826,2.207601663793124,1007.754650624965,0.8720980832482722,1.1062977912325873,0.007336057051727948,-32.24002825980222,0,1,0
2019-05-01,2.3590636974665413,4.150395859809141,6.792987289854573,2.0,30.484148112155005,64.73333105938033,2.9670894648210284,1007.916336077534,-0.3256492833759074,0.16132603410758442,-0.04650150981957085,-10.553621732836364,0,1,0
2019-05-02,0.6449488376419388,3.88880430136416,5.367157387122562,1.0,30.339706212469814,58.456701425596634,2.6788648285782855,1009.0515617071579,-0.44077516461108823,-0.8073202730934735,-0.5148581481179427,-26.59658928608942,0,1,0
2019-05-03,1.0842202232240545,4.088232758332577,6.132463737581714,1.0,31.709917417530434,61.54588855526473,2.780775530634461,1006.9921261639483,0.8177412239029002,0.24426262987895347,-0.08476773432178676,-23.053049012549145,0,1,0
2019-05-04,8.397729765849455,10.12689882671549,14.407730164979487,2.0,29.845863015709483,62.20073958728216,2.8099295796855865,1008.7466051543937,0.027977028994037506,-0.1168912252756361,-0.34462498558140847,47.621821689045035,0,1,0
2019-05-05,4.365421551941367,13.847371541014917,18.64271623846591,3.0,33.17142038287849,62.76422605418734,2.486683439220116,1010.8053416474031,0.25071832306062547,2.7632371217953455,-0.35674257361656886,82.18073535735468,0,1,0
2019-05-06,1.4483598943017129,14.211511212092576,19.184535736680697,3.0,29.712157238888743,68.30479913203659,2.0163345855913226,1009.9385591746732,0.012586699678763216,0.22809907307381794,-0.1052392550364889,83.72653269076767,0,1,0
2019-05-07,4.632560241185486,10.446341687428607,22.93230421161055,4.0,31.056639365245932,60.34930632170635,3.213786540663225,1008.3508332883582,0.30292481394489124,-0.3044998776530916,-0.5982432237572921,113.93022139596445,1,0,0
2019-05-08,6.76392584892649,12.84484598441373,27.337166363070498,4.0,30.435661127165766,66.30654347222907,3.7102355686342365,1008.6247148356584,0.3824693076925343,1.1360223342296834,-0.1303762604252236,153.30516527718783,0,0,0
2019-05-09,7.758458979964319,19.154945070076334,34.45067650539288,5.0,30.125263623888955,56.928680293754624,3.7496367393034173,1007.2347448516176,-1.7432702394348738,-1.4728289338342764,-0.15539692085480183,216.89264044020115,0,0,0
2019-05-10,4.527420428935611,19.049805257826463,37.89387671110443,6.0,33.797659857479154,58.46913644551456,2.422145546678216,1007.2854446070116,0.5999154017485803,0.07545612510487797,-0.3750692650994576,247.67131414438825,0,0,0
2019-05-11,5.496054513945233,17.781933922845205,34.99220145920021,6.0,30.141698186052643,51.28062678944761,2.3142050385366004,1005.4363048081261,-0.8838174778472706,1.5955427957448582,-0.8534321795891935,221.73331738610256,0,0,0
2019-05-12,15.214889927226777,25.23836487010766,45.841669834485614,6.0,30.329764610640694,59.56776862774444,2.421538024617807,1008.6552556362532,-1.2980692220034702,-0.09295942748780325,-1.1979849755042151,318.71642235713557,0,0,0
2019-05-13,1.0533408798116985,21.76428532098375,45.446650819995604,6.0,29.826587226191847,63.49053170099248,2.6486050520327282,1009.4317553169064,-0.052570119472814196,-1.3866408357184632,-0.4228276099635579,315.1853580484817,0,0,0
2019-05-14,3.3874262439839815,19.655657051022498,44.2015168227941,6.0,30.813831125994586,49.97676986874784,2.7226309148432204,1008.0757398658028,0.07558290298300885,-0.3167343715284782,-0.703677839492992,304.0551388546385,0,0,0
2019-05-15,3.781882533982405,8.222649657778124,41.21947350785001,6.0,30.614545349750323,60.324265304256826,2.1553504183646206,1006.6240745887907,-0.6241555481150527,1.1636144327672295,-0.9545540290290324,277.3987341500365,0,0,0
2019-05-16,4.996079978881811,12.165388756848238,38.45709450676751,6.0,29.189419881044067,63.10128608208557,1.8662659853917605,1008.3222893959825,0.747928671901177,0.3008556770566169,-0.5092240853231403,252.70590281813136,0,0,0
2019-05-17,10.541598363835488,19.319560876699743,44.47127244166738,6.0,30.162256453943375,61.521735710019236,2.784072877223442,1010.6184343620895,-1.2079576497338163,-0.6710848876100143,-1.0498878327202246,306.46647705083166,0,0,0
2019-05-18,5.101838621426038,20.639516964143375,44.07705654914819,6.0,31.609935423927638,54.74944687827181,0.6358620327810778,1009.8196251176573,-0.36624937389530304,-0.5481942457432192,-0.9698454192222566,302.942591827798,0,0,0
2019-05-19,21.217361195875498,36.860798181137056,50.079527817796915,6.0,32.19415585322083,63.1519169947637,2.6937134017295175,1008.150204284965,-0.5263867214397007,-0.4477602169198507,-0.7592271216285316,356.5985204868514,0,0,0
2019-05-20,7.180588137583116,33.49978795488469,56.20677507556833,7.0,30.789975122181765,59.012858061339394,2.1872589282723642,1011.8886328631758,-0.041928543305405436,0.28895830724319693,-1.192745933867299,411.3698183448709,0,0,0
2019-05-21,0.9825868411330335,29.380536174591686,53.80193567271738,6.0,30.838966970944586,61.914681284090506,3.2222002092867084,1013.060948721834,0.2509778561825149,1.0705569063509226,-0.9627896392166408,389.87302383128394,0,0,0
2019-05-22,3.8854437424688926,12.04861872118508,53.90549688120387,6.0,30.250981163558706,59.75076597500924,3.3826884195820908,1007.3390014338659,-0.9071036546611903,0.8419384102393368,-0.6813229472274763,390.7987546787465,0,0,0
2019-05-23,6.764542319214544,11.63257290281651,55.673959221536606,6.0,30.05295588128906,61.19146709122374,3.396854949467764,1007.7606655573258,0.6518544097106054,0.3648097456873028,-0.9160749133856606,406.60699180679825,0,0,0
2019-05-24,1.9089212374487443,12.55890729913222,47.04128209514986,5.0,29.46897202219487,64.7213184706362,2.5462393645446206,1009.4512544786672,0.056702131501229755,-1.0653158080459866,-0.6692518543971768,329.4397239767394,0,0,0
2019-05-25,6.788253743981885,15.461717300645214,48.7276972177057,5.0,28.57706502809556,59.3740758032956,2.073021086140957,1006.559900679185,-1.7027516279807196,-1.0623460111947531,-0.7069363547043147,344.51454323960195,0,0,0
2019-05-26,7.341659624027315,16.038834605457986,34.85199564585752,5.0,29.772948920280943,60.60748650011078,2.265352103199032,1009.7316997602579,-1.762732296357328,0.42660161697101073,-0.9945750567768376,220.4800214048969,0,0,0
2019-05-27,3.359150963773113,17.48906433178235,31.03055847204752,5.0,32.02204827830681,62.99709762601845,2.9266739032278433,1008.385899988263,-0.011087363636380111,-1.0763768783463155,-1.5837928245899013,186.32029765178962,0,0,0
2019-05-28,0.7487389076166785,11.449549495417145,30.796710538531165,5.0,30.162190544254045,58.23442429825562,1.766588808294289,1008.8722074211088,-0.19887058600771867,-0.18045361685488343,-1.2760639795885562,184.22993728582568,0,0,0
2019-05-29,2.0021613920979116,6.110051263487742,28.913428188160182,5.0,30.271948106858435,55.44162937801155,3.5902371869974252,1007.1674700201141,-0.09307810221717015,0.2433203569489416,-0.8057163467132393,167.39532718712414,0,0,0
2019-05-30,18.66293786151441,21.41383816122904,40.81182373046005,5.0,30.244694984429586,61.21676060634301,2.555729474240603,1006.785392097529,-0.025184210877196182,-0.9100751962901511,-1.377966718698805,273.7547637927342,0,0,0
2019-05-31,2.3925900035665264,23.057689257178886,41.295492496577836,6.0,32.49896499619592,65.03982788970917,3.054211696784764,1004.6294203013844,0.20300385555916264,-0.8194098674870909,-1.062874983677747,278.0782658384625,1,0,1
2019-06-01,8.23726177539144,29.292789640472417,42.74450052798739,6.0,27.948270893873257,74.95754401520995,2.4035221924164043,1009.2597554271422,0.8528846488634697,-0.07529685165425493,-0.884352034111765,179.21548023956632,1,1,0
2019-06-02,12.107720737954274,22.73757251691228,47.51056164191435,6.0,29.63588116636312,73.40734116748689,2.916788645203499,1008.2817534110028,-0.9999944108258024,0.4029202300192431,-0.5863599788190943,200.98469106279268,1,0,0
2019-06-03,35.73022931602248,56.075211829368236,79.88163999416372,6.0,29.1521539056189,59.9382969175691,2.3289703732646814,1007.7991960247848,-1.0547744336107154,0.8492150163310055,-1.0793451181132054,379.1438543643958,0,0,1
2019-06-04,12.516882121449902,60.3548321754267,91.64978320799695,7.0,29.343104047749804,66.78142718853333,4.0850915569392,1007.2141368851014,-0.9839914720986442,0.4856427478164415,-1.075412781080215,440.58177024221754,1,0,0
2019-06-05,12.35003859265518,60.59715003012761,101.99766040855421,7.0,29.59009706258016,67.41543553807324,3.376255016733497,1002.4395398801238,0.26002500045183624,0.058925275993755626,-0.9037810242042685,493.97349174873017,1,0,0
2019-06-06,11.603093095288624,36.47001380939374,94.93781564232842,7.0,29.328037408992426,70.25195912734367,3.81516083272025,1005.2351676984823,1.120452640781801,-0.5969558028456395,-0.7763217956751699,448.74572000737555,1,0,0
2019-06-07,29.73657007921941,53.68970176716324,122.28179571798131,7.0,30.358237133928416,76.58303422383455,3.510426070056554,1006.1262040969744,-0.38820549441555946,-0.8567255966756154,-0.8733260652589038,598.4250003299659,0,0,0
2019-06-08,17.642761504054576,58.98242467856264,131.68729544664444,7.0,29.20704623346903,66.33965896283951,3.753462893005925,1004.6407263790039,-2.2515298597436892,-0.4087016706633181,-0.5405858208603334,651.709721831933,1,0,0
2019-06-09,18.69231458513731,66.07164616841133,138.27188929382746,7.0,31.690133443413107,78.56122350880449,3.269912744413393,1003.5388102946341,-1.533593576349338,0.32794846798445376,-0.9683499579201453,689.0132420565393,1,0,0
2019-06-10,8.241171305736923,44.57624739492885,110.78283128354192,7.0,29.310278407170713,68.72944480402828,3.350250506974165,1004.8278966847809,-0.7497330505164105,0.2692989653018743,-0.7018133568375494,533.2802302352015,1,0,0
2019-06-11,16.133921411230325,43.0674073021046,114.39987057332235,7.0,26.863152856976754,67.4917303536455,3.4173384093729635,1006.6756071209937,-0.5019559987456933,-1.679921588580098,-0.5815817766719409,553.7717444319721,1,0,0
2019-06-12,22.927571473468735,47.30266419043602,124.9774034541359,7.0,30.141640994018353,73.51451755614124,3.7157568536148458,1006.6760679802542,-0.36754976452925375,-0.6285416226140024,-0.751836536930013,613.6963534364702,1,0,0
2019-06-13,28.246723999587903,67.30821688428699,141.62103435843517,7.0,29.796942019980825,74.71367440062376,3.7316489133893254,1008.2206909146063,0.03472301068282536,0.9636060412849248,-0.39873308635674715,707.9870623941722,1,0,0
2019-06-14,63.550193511922814,114.72448898497949,175.4346577911386,7.0,29.293569537083822,73.29701501244826,5.159239991062915,1010.3008732751258,-0.2805716977402024,0.06337203824331154,-0.5264250723463194,899.5504624858424,1,0,1
2019-06-15,3.9050979267303387,95.70201543824108,161.69699421381432,7.0,28.88460665074753,68.13617278686921,4.481339137086273,1007.8215205496948,0.9444056494890665,-1.1336071304823887,-0.3197181580503565,821.722851096449,1,0,1
2019-06-16,18.557015644683,86.01230708333618,161.56169527336004,7.0,26.28753979957343,72.97121909358876,2.4051225891247263,1006.2711603825755,-0.6084155751132319,1.8846569452785211,-0.42007338663466226,820.9563456932701,1,0,1
2019-06-17,12.22390536999283,34.686018941406196,165.54442933761592,7.0,26.522424805445183,67.06725363474649,3.3865145739021556,1009.8277375352294,-0.7760861635279888,-0.023153385851811717,-0.3247221755479982,843.5196205380441,1,0,0
2019-06-18,49.98177396411128,80.76269497878714,199.3922818904969,7.0,31.554533401313602,67.50967451759001,3.2288403564992105,1003.739664243241,0.4309879846684155,0.3074671674507264,-0.5258528302833114,1035.2769379322008,1,0,1
2019-06-19,33.23665636535123,95.44233569945536,209.70136678237938,7.0,28.428302848277987,70.45069780288834,4.240456149144508,1002.845232236008,-1.3820778629335073,0.31961980483610763,-0.4732446359655003,1093.68071585482,1,0,1
2019-06-20,1.3293245771837974,84.54775490664633,182.7839673599753,6.0,30.59987509119022,68.84274631531038,3.282929083097779,1004.991047675042,0.35072253478800197,-0.29407637292814887,0.04372426627826542,941.1863058651998,1,0,1
2019-06-21,6.182308529260004,40.74828947179506,125.41608237731246,6.0,27.003759910080483,76.10050605088594,3.750951187126508,1008.0490872197354,0.09229786535364018,-0.5820589454571155,-0.049510795939086166,616.1815891947587,1,0,0
2019-06-22,11.55453629470948,19.06616940115331,133.06552074529162,6.0,27.78240487910156,68.6768693133244,2.070140882490437,1006.8905582671581,-0.13269824092635069,1.6973399880527524,-0.40950024330253565,659.5177440874202,1,0,0
2019-06-23,1.6133099724016655,19.35015479637118,116.12181507301027,5.0,30.198103818251532,70.9978671819913,2.5642173738225416,1004.5561671435526,1.4294484964343361,0.8025646956942005,-0.053439197641371186,563.5270297176756,1,0,0
2019-06-24,17.412810785228253,30.580657052339426,121.3107204882457,5.0,29.104505042639044,66.90077003090363,4.727753768119985,1005.2783796498076,-0.5599867007652461,0.6575497608869413,-0.6366907566477722,592.9235942732273,1,0,0
2019-06-25,5.891719728741046,24.91784048637099,77.22066625287547,5.0,30.00074053340226,75.83575421897561,3.502524499583457,1004.3524795126347,1.8542683534716706,0.4610313533745686,-0.13119003037206764,343.14141058140376,1,0,0
2019-06-26,62.637872550443895,85.94240306441321,106.62188243796814,5.0,29.228920900315398,70.11892151612085,2.8733018465770974,1004.3524346757034,-0.20288830430528937,-0.8026539122893477,0.30805574572020245,509.70732004259827,1,0,0
2019-06-27,24.926105337663344,93.45569761684831,130.21866319844767,6.0,28.957265743007877,76.81085206914233,3.618100383392032,1009.3790538080707,-1.1493148004732054,1.022024153392219,0.09180704357767913,643.3895195469348,1,0,1
2019-06-28,8.645575770235858,96.20955365834313,132.68193043942352,6.0,28.29594513317228,76.80618039544987,2.840542488587,1006.3289668697679,0.06292762289534277,-0.6745061264093994,0.20748640204069332,657.3446003727117,1,0,1
2019-06-29,4.8883715394252105,38.46005264732444,126.01576568413925,6.0,27.576402774315127,68.9252223705017,3.302353735521099,1009.7723975724924,-0.9686206802868913,0.2266294385205166,-0.5217215499745683,619.5789587036072,1,0,0
2019-06-30,12.843350703315632,26.37729801297673,137.24580641505324,7.0,31.211788298242627,72.60185844634188,2.6008070971121,1004.9851239322265,-0.6765802630321502,-1.311511924371655,0.18795886563148012,683.200202663555,1,0,0
2019-07-01,68.78477264867318,86.51649489141406,188.61776827849815,7.0,29.775248704720614,82.29011507833191,3.792950147353093,1005.6851135482449,0.357329970013942,-1.6326870805180158,0.4233562768782348,689.418463852435,1,0,1
2019-07-02,19.401670568987598,101.02979392097645,202.12771911874472,7.0,26.126831819496925,86.57652644039379,4.016380864353975,1005.2098373130042,0.5000238797851123,0.2546329621224918,0.506831266783104,739.7875667125543,1,0,1
2019-07-03,24.789108201146043,112.97555141880684,164.27895476944687,7.0,26.035305213329053,84.05270839378775,4.9386024666311785,1006.3845153558325,-0.5599509302288324,-0.6472794137559266,0.6816133386780913,583.0287109303118,1,0,1
2019-07-04,45.78628474033473,89.9770635104684,185.13913417211825,7.0,27.094133556747853,82.55067451087277,4.544610482639047,1005.2592758330997,0.8886646305417606,-1.5913340570378187,0.4376147494222803,663.0410366021997,1,0,1
2019-07-05,29.6562891968414,100.2316821383222,206.1498475987238,7.0,28.057624976947196,84.5522956980791,4.649297299594408,1006.5742386323249,1.0417569822190205,0.4324876023576605,0.49640750108431203,743.660460893448,1,0,1
2019-07-06,51.97338761140865,127.41596154858479,253.23486367070723,7.0,27.326470464999446,77.42463435805132,4.250718087210763,1005.798644226952,1.292671580906962,1.6960646168406315,0.2507748478986777,929.4366645166631,1,0,0
2019-07-07,38.781165168002794,120.41084197625287,279.1726781353944,7.0,28.280344047485592,84.26530523826918,4.7598923370509025,1002.8367991225873,0.47647206641314993,1.1116482068640494,0.5768551700325455,1029.926920394646,1,0,1
2019-07-08,27.03437357744486,117.78892635685634,237.42227906416605,7.0,27.51206742948287,86.61209669857546,3.742071316423207,1006.1199751004036,1.2270858408771288,-0.20585430821253803,0.35483541024392506,861.5489751868586,1,0,1
2019-07-09,2.953371975737508,68.7689107211852,220.973980470916,7.0,27.420532358109856,84.29987078929513,3.8265593110401483,1004.6155102690982,-1.692718585176652,0.0070762453575565765,0.2484371903369264,795.2135441273703,1,0,0
2019-07-10,7.090125328663693,37.07787088184609,203.2749975984336,7.0,30.959326187616597,88.12592000262838,4.510737520903279,1003.4029932819473,-0.2861158937656163,0.7101650054271307,0.4770933789283137,723.8341457352215,1,0,0
2019-07-11,38.22227458835961,48.26577189276084,195.71098744645852,7.0,26.84573140390535,84.52045219951134,4.098694444012845,1006.0502485224958,-0.7803047306910836,0.8977024158679255,1.161233703418527,693.3287490144007,1,0,1
2019-07-12,8.496667087932591,53.80906700495592,174.5513653375497,7.0,29.876941606093148,83.16359021194265,4.257875369011453,1006.4598939104874,0.10730327501465288,-0.27482857506055897,0.7496771075358141,607.9927098068954,1,0,0
2019-07-13,26.6131642537963,73.33210593008853,149.19114197993736,7.0,29.60662425089199,80.91483363717948,4.167701711280394,1003.9306712286788,-0.5143042972770636,0.027342172579659436,0.9030197442704091,505.7157880538771,1,0,0
2019-07-14,5.884015059189943,40.99384640091886,116.29399187112449,7.0,28.28674686535729,83.37306210306063,5.018253126766038,1004.1700716714884,-0.14954205775475915,0.24049184541162916,0.7477925699389634,373.042696017943,1,0,0
2019-07-15,53.099236782869966,85.59641609585623,142.35885507654962,7.0,24.884431385109444,92.12498475365285,5.049514637636475,1002.304271982062,1.6939573921836446,0.4431010562230655,0.45394158455489925,478.1614064083303,1,0,1
2019-07-16,10.809221316091977,69.7924731581519,150.21470441690406,7.0,27.62449644264693,87.1243297298456,3.8904834216909028,1001.5525796943282,-0.15274781677834046,-0.10646115360901354,1.1582383906766658,509.84378069017015,1,0,0
2019-07-17,7.123494390723314,71.03195248968528,150.2480734789637,7.0,26.860443295785014,81.7867643736183,3.2102612698947124,1004.3649335897605,0.37241308547119256,-0.09606819605499542,0.40093957776122213,509.97835698711833,1,0,0
2019-07-18,4.493152185993725,22.425867892809045,116.51895107659779,7.0,27.609142924155446,81.1573854137793,3.839284737496567,1006.2267865923,-0.2090423969318117,1.1038658638035106,0.8221571494557731,373.9499488733839,1,0,0
2019-07-19,53.18791674599828,64.80456332271535,161.2102007346635,7.0,26.092862446795746,79.13519479987907,3.7280067900883767,1003.7692102745021,0.0681419591611503,0.967616561954309,0.9611029642138521,554.1882448799745,1,0,1
2019-07-20,25.846394596144076,83.52746352813611,160.44343107701127,7.0,28.639777084808856,82.41316783099117,4.765231882508596,1007.3711171194186,0.005415012392464313,0.38192845874887066,1.0432727264849222,551.0958888240983,1,0,1
2019-07-21,73.12965144729826,152.16396278944063,227.6890674651196,7.0,28.959994994094274,88.19304732019532,4.818481364093826,1004.4319553391371,0.4034916593758435,1.375287256018343,0.8118851974530501,822.2952625091887,1,0,1
2019-07-22,11.029819702717058,110.00586574615943,185.61965038496666,7.0,29.219049979032498,82.76543053275921,3.6475383682063645,1004.439271739212,1.0487767819924592,-0.30915660978113363,0.5387989333275762,652.6307284777745,1,0,1
2019-07-23,5.701715582773966,89.8611867327893,180.51214465164867,7.0,27.045965753200434,81.29317914753479,3.813480022896242,1004.2807234454675,1.4826545978429966,1.2983787589035045,0.7997223390787795,632.0323308661518,1,0,1
2019-07-24,23.434327150675582,40.165862436166634,196.8229774116009,7.0,26.097820813273298,81.76239243304985,3.3787762256760883,1006.5679551572701,0.2786580737182502,0.4340123548284404,0.811426910711476,697.813366876446,1,0,0
2019-07-25,94.90638150083984,124.04242423428943,287.23620672644705,7.0,28.07336993919788,87.7266895484866,4.346809992142807,1003.0750494978878,0.5305921974320419,2.616820897771672,0.8008824225274986,1062.4468580596574,1,0,1
2019-07-26,2.507786592117436,120.8484952436329,236.55607657256618,7.0,30.03952000714702,85.87436358986258,4.2392330215787055,1004.5689602232483,-1.0357780582670102,-0.9539855414259822,1.229142239592386,858.0556098798437,1,0,1
2019-07-27,31.531509051764186,128.9456771447215,242.2411910281863,7.0,27.678161444597727,82.2993784592605,4.7396559684925075,1003.8158190094189,-0.07908906817405852,-0.5514762017738732,0.6726543294771213,880.9834839026835,1,0,1
2019-07-28,34.047442533023116,68.08673817690476,203.15898211391118,7.0,28.21423187669572,84.48729564876709,4.564461654764811,1003.7902660554194,0.8462605183952301,0.33503826256043817,1.0377155338308954,723.3662592160329,1,0,0
2019-07-29,83.48449441937542,149.06344600416276,275.61365683056954,7.0,27.252123131903986,94.41381989727219,4.63230466066286,1004.8643663444954,0.7793717745754379,0.31778724238319356,0.9854908410697434,1015.5735080300174,1,0,1
2019-07-30,11.0509681554312,128.5829051078298,280.9629094032267,7.0,26.876157667884712,90.92144627142117,3.3409816541577086,1004.5971066010267,0.19044875951554519,1.5601111873400149,1.1665574728761876,1037.1468624558004,1,0,1
2019-07-31,1.6715921313283646,96.20705470613503,259.2001743838795,6.0,28.50260227018508,91.17813460742661,3.890387256073797,1006.6940968620116,0.7977545636111572,-0.5346997466396272,0.8708291985356351,949.3784893102492,1,0,1
2019-08-01,16.190343058921595,28.912903345681187,180.4841359419613,6.0,27.432522481864368,78.8100785579413,4.8355212608750735,1004.7816949640746,0.44169003809443697,0.7239348149551075,1.0767736192208093,631.9193726887454,1,0,0
2019-08-02,50.735409878999285,68.59734506924927,228.71175922884314,6.0,28.145948032279843,84.54240697291564,3.9430372069515647,1005.8000988654026,1.0802756324333895,0.9299704037455966,0.8081023167421091,826.4197437497854,1,0,1
2019-08-03,26.894089527530216,93.81984246545112,224.07433970460917,6.0,28.29152555632662,82.87064290455646,3.289643353347726,1005.1120477882454,0.26042324126140004,0.5637182657765181,0.9292956035007507,807.7171878957721,1,0,1
2019-08-04,37.93944355638021,115.56894296290974,227.96634072796627,6.0,28.067539530933253,86.33184596367428,4.750976625952145,1007.3278547248113,-0.3201284840139312,-0.768797073539456,0.4119699551723078,823.4134961859382,1,0,1
2019-08-05,6.978714481117794,71.81224756502824,151.46056078970864,6.0,28.36201340328162,87.59757005449246,3.9198238810205073,1004.256795580679,0.30225713123972126,1.1262070442033585,0.0927128993102121,514.8682772397475,1,0,0
2019-08-06,29.41073383689754,74.32889187439557,169.82032647117498,6.0,26.386807930274653,86.45457779654312,4.903765074205278,1004.2618600160129,-2.6375349382674984,0.983459945052331,0.8089250609819294,588.9125903172753,1,0,0
2019-08-07,27.038238335418157,63.42768665343352,195.18697267526477,7.0,26.30137485725322,81.59264327227689,4.255134045524964,1006.1421579824321,0.3445971627465445,0.47966761583230194,0.7823852602026392,691.2154151925705,1,0,0
2019-08-08,4.567322502493143,61.01629467480887,183.5639521188363,7.0,27.52134570688862,82.3610935960359,4.099851212288505,1004.2322834090879,-3.283571542693305,0.16347814976716332,0.7514346622466882,644.3401670048717,1,0,0
2019-08-09,33.08593266962842,64.69149350753975,165.91447490946547,7.0,27.555030107773035,86.75220303142399,5.084097412703172,1005.6981935569728,-1.5511170666648764,0.18088640803549705,0.45734370979377403,573.1604232751046,1,0,0
2019-08-10,16.515987833417075,54.16924300553866,155.5363732153523,7.0,26.8497639987313,88.29487556789951,3.484589506546849,1009.0093344544006,0.40659174084688576,-0.06298863379150219,0.9152090330614661,531.305890688937,1,0,0
2019-08-11,193.64955706166512,243.25147756471063,311.2464867206372,7.0,27.918416371119328,84.64120937275872,5.126715585807805,1003.0389737315745,0.42977640354011576,0.5126281074021135,0.38033583624039013,1159.2795039557639,1,0,1
2019-08-12,28.589110251734024,238.75465514681622,332.8568824912535,7.0,28.852520359306435,85.02453281590631,3.8825692807015977,1007.5580953639334,-1.0461859021259374,0.024907882355982045,0.5515235383759607,1246.4334980714991,1,0,1
2019-08-13,94.23928758977215,316.4779549031713,397.685436244128,7.0,29.243532579953662,84.68851095156447,4.363604794218757,1003.9151165934755,-0.640891837691045,-0.6788199802821131,0.5445842064328538,1507.88485936457,1,0,1
2019-08-14,28.965267090809483,151.79366493231566,399.6124649995194,7.0,29.5581825778448,86.13797122315862,4.3692749952845,1007.2089101142537,1.233486889752719,-0.8388733158620737,0.7740098799046287,1515.6565010591933,1,0,0
2019-08-15,21.04493517900511,144.24948985958673,416.09007767603134,7.0,25.740293627858723,86.52141586091011,4.009910983891654,1006.0359710638407,-0.4356271184154086,-0.6016290029218337,0.2124046671258956,1582.110154823496,1,0,1
2019-08-16,54.645557056639575,104.65575932645416,437.6497020630425,7.0,25.952817952946987,85.83422591522559,3.8089152639829873,1005.8816783112023,2.0186282811626866,0.17770579403956144,0.07480111754853994,1669.0593896689738,1,0,1
2019-08-17,5.048667140468578,80.73915937611326,426.18238137009405,7.0,27.175512405320475,82.74406598920957,4.044289564650068,1004.5293548595444,-0.0017278678587115343,-0.02156466914816586,-0.19073441549288908,1622.8120737565368,1,0,1
2019-08-18,14.404501845634503,74.09872604274265,246.93732615406338,7.0,27.69341711354911,84.22293543501196,3.657445267753472,1004.3501826396526,0.36723255919314013,0.17227503463099939,0.5170291247652687,899.9228377892002,1,0,1
2019-08-19,44.30756799332364,63.76073697942672,262.65578389565303,7.0,27.247230750738996,83.22493628072752,5.443359263797969,1003.5014748803595,1.455186958648747,0.40065050683688885,0.17902768983936246,963.3148454164566,1,0,1
2019-08-20,0.39201094848714485,59.104080787445284,168.80850725436798,6.0,26.80732089388321,80.33386395597553,3.9775042956168187,1004.8123853991281,0.1179244045740776,-0.5018567407335032,0.1314504961465819,584.8319576900983,1,0,0
2019-08-21,30.448042006344657,75.14762094815543,170.29128216990316,6.0,27.15483041986246,81.80898625461381,4.9615512306871175,1004.4700479211591,-0.9021095826217211,1.1725281346762784,0.7418154238130739,590.8119386971665,1,1,1
2019-08-22,22.335092664165156,53.17514561899696,171.5814396550632,6.0,28.257655307544287,85.27356032546874,4.88248665317494,1005.1449213800361,-0.09875470652486111,-0.21416866163797954,-0.011530026460733839,596.0151001322245,1,0,0
2019-08-23,28.338409762713173,81.12154443322298,145.27429236113682,6.0,25.719544530629936,79.09129519859009,4.483940721403269,1002.2619093416661,-0.03204966257108184,-0.3467415878252072,-0.4735158192959164,489.9192662200047,1,0,1
2019-08-24,22.743364762665255,73.41686718954358,162.96898998333347,6.0,30.861715997760726,85.7532979027954,4.1847754575893825,1004.8418497401203,-1.228267486981409,0.38590898986596195,-0.25159914450593307,561.2813823429091,0,0,0
2019-08-25,42.84830537365861,93.93007989903704,191.41279351135762,6.0,27.6104069168768,81.67023590792718,4.382451986277379,1007.0738638985104,-0.23024886420674104,-1.4692081619000583,-0.500381416135375,675.9942784704866,0,0,1
2019-08-26,9.535323811476568,75.12699394780044,156.64054932951055,6.0,29.052202308058995,85.38263272786749,4.609484738381651,1006.5003758868645,-0.667972884597693,-0.6324275597783355,-0.4089234393125171,535.7589955546484,0,0,1
2019-08-27,53.64533474757189,106.02896393270706,209.8938731285953,7.0,26.76900910318847,84.51710085974065,4.326463954387081,1004.8424917219663,0.8319219814686907,0.7848582389534664,-0.4629178587546835,750.527846541611,0,0,1
2019-08-28,4.855824683856391,68.03648324290485,184.30165580610702,7.0,28.38510538567346,85.09772288627981,3.3261334836429706,1009.4134411084393,0.031150686766730055,-1.3899375432496885,-0.5602228420866516,647.3153009867752,0,0,0
2019-08-29,35.58849534252406,94.08965477395233,197.55505848446592,7.0,27.721143458098787,79.1918276334628,3.1751960882790877,1003.7618525755772,-0.25451617423281303,0.8940593575465248,-0.8117078531751426,700.765825044911,0,0,1
2019-08-30,80.58469780933498,121.02901783571542,249.80134653108772,7.0,28.780547707582393,84.4777769411786,5.171575812316215,1004.6450788473608,-0.09556373756031863,1.2089092530873078,-0.11375246125827237,911.473334954362,0,0,1
2019-08-31,7.586516133784874,123.7597092856439,234.64449790220732,7.0,27.302910271185528,84.86791965624654,2.6853545360998696,1002.1901615298881,0.20080981656554953,-0.2955642702589987,-0.4840770377420178,850.3462778548027,0,0,1
2019-09-01,5.81680807584622,93.98802201896606,197.61300060439493,7.0,31.420195486542678,64.15712319491416,3.5897889528346196,1005.8606062526217,0.5551327797208019,0.23345021394104806,-0.6603440226828906,990.504740499901,0,0,1
2019-09-02,41.812949909428156,55.216274119059236,229.89062670234654,7.0,27.15912830613527,77.67533914518607,3.3313910519624583,1009.805215246379,-0.8997410058024432,0.8952696678808213,-0.45788987769139455,1179.1483106513576,0,0,1
2019-09-03,17.410800258520442,65.0405582437948,193.6560922132951,7.0,30.577129854894363,79.64995594927348,3.5688585481709683,1005.9292836855233,-0.9374288693591447,-0.3734313504348158,-0.5708585137607756,979.6518030086276,0,0,0
2019-09-04,0.9756989936182999,60.19944916156688,189.775966523057,6.0,29.414214150363396,74.15518371106401,2.788397815918086,1003.8370536658375,0.994211293862277,0.6942204164209452,-0.658903806458543,963.4518465264607,0,0,0
2019-09-05,16.183052760423372,34.5695520125621,170.37052394095633,6.0,27.822349114895008,73.75298227703529,3.6827843534189824,1008.1567478034488,-0.37110318498425754,-0.5369190361045373,-0.5935323282815177,859.2967350096694,0,0,0
2019-09-06,28.00104904575805,45.15980079979971,117.78687517737939,6.0,31.980898710683082,72.45359022252968,3.5959877211635525,1007.2877282494942,-1.2751578833371868,-0.3820818346665435,-0.7658936866110034,567.178035452236,0,0,0
2019-09-07,28.94470410280306,73.12880590898446,139.14506314639758,6.0,31.83618330981174,69.0596792955381,5.128984909026362,1008.082312732364,0.3994314384447942,-0.6394691714599791,-0.6639509547736477,693.9600101070671,0,0,0
2019-09-08,16.864221485774088,73.80997463433519,150.19247655632543,6.0,26.344587449864292,69.89063052226065,3.5503658885689164,1006.0524578726812,0.4170328254294182,0.27411775935584276,-0.672791472753759,756.5466204783561,0,0,0
2019-09-09,28.361684471580926,74.17061006015805,136.74121111847822,6.0,29.495504634901284,73.75266924421257,4.281318924755392,1004.7743268572342,-1.377643731531036,0.9263752420524396,-0.8472961545794626,680.3415326699486,0,0,0
2019-09-10,48.085583177018535,93.31148913437355,167.41599403697631,6.0,30.23593406924016,65.702319292904,2.573166455389683,1006.2566278679344,0.20653354391724568,-0.14729034569373142,-0.9672407907397766,854.1225450668085,0,0,1
2019-09-11,23.18554008810621,99.63280773670566,189.6258351314642,7.0,29.86639322426207,66.39318610560076,4.084435051485737,1007.5858707890106,0.6620247831855363,-1.0169993279299225,-0.5508945164407443,979.9473530476326,0,0,1
2019-09-12,7.831821003594812,79.10294426871955,181.27460337463566,7.0,31.369747944206935,67.74537144942688,3.608141842432616,1006.4569613213803,0.3369478065356368,-0.8661654578294526,-1.0714407379288933,932.6353471788874,0,0,1
2019-09-13,10.34257315929038,41.35993425099139,163.61612748816796,7.0,31.07869228313759,72.46412542376777,3.6342210710753595,1007.2854691254263,0.5687833353852558,0.3156795370964323,-0.8696709300133524,832.5952645778352,0,0,0
2019-09-14,50.95760516739878,69.13199933028396,185.62902855276369,7.0,29.619268791461185,66.35811825742321,3.6425189867347365,1005.6208768954018,-1.2638421882816742,1.4752931307154156,-0.8765708634796455,957.304353569969,0,0,1
2019-09-15,16.310231116094197,77.61040944278335,185.07503818308382,7.0,32.43595154999342,68.2567207720836,4.496180763444292,1007.3523235655942,0.29793613949657605,0.31497999945151806,-1.1419620037864393,954.1658470137246,0,0,1
2019-09-16,14.291538895811403,81.55937517930437,171.00489260731428,7.0,30.559591624407737,68.59158948090732,3.625440540092052,1006.5817247251899,-0.2723577835234019,-0.30951724052100216,-1.197999260841503,874.4546344119907,0,0,1
2019-09-17,10.475909398366868,41.07767941027245,133.39521882866262,7.0,28.756026199368037,65.24605215644796,3.0019046311470463,1005.3165767643766,-0.43451114285218034,0.6129471734802273,-1.0879043752933333,661.3855736614956,0,0,0
2019-09-18,28.898671170476835,53.6661194646551,139.10834991103326,7.0,28.474719859857437,59.44719491544494,3.1028150370956413,1006.8390600926807,0.7835000484777539,-0.1915989084693971,-1.1228093866525217,693.7520196144553,0,0,0
2019-09-19,3.3914990484278937,42.766079617271586,134.6680279558663,7.0,30.988684596780182,64.50344802531384,3.9626543569773323,1005.8911039508179,1.331347059606807,-0.30262817389136515,-1.3615167464920253,668.596384551376,0,0,1
2019-09-20,4.6667604260654585,36.95693064497017,128.99221522264142,7.0,28.137870575474512,70.17180989510089,3.740851135590586,1007.6980458556998,1.614933049140323,-0.7667672845562109,-1.154010489353999,636.4413572256568,0,0,0
2019-09-21,32.74846786316029,40.80672733765363,110.78307791840292,7.0,28.67437290137526,71.66867565238883,2.5540936634422975,1008.1588322537365,1.1833270843553145,1.1267590753970846,-0.9156753079760733,533.2816274889636,0,0,0
2019-09-22,27.222025373807284,64.63725366303302,121.69487217611601,7.0,28.91260584458034,72.35622024509728,3.781162954974092,1007.4899178383121,-0.09876076346716532,-2.031366333996531,-0.6538086958269851,595.0999183701064,0,0,0
2019-09-23,79.71251263542267,139.68300587239023,187.11584591572728,7.0,29.74592124320374,72.40966380464819,2.822972446574495,1003.644172472745,0.31744814672370875,0.6382873602234155,-0.8167663295773956,965.7275794904766,0,0,1
2019-09-24,9.501272343949376,116.43581035317932,186.1412088613098,7.0,28.977164784470915,65.53928678965518,3.735332672516964,1004.8505624567456,0.6901405846058193,-0.37099595023802956,-1.5873694629656683,960.2059947253558,0,0,1
2019-09-25,8.935285362305008,98.14907034167703,166.17782305313796,7.0,27.404247237544936,66.75988141425485,2.9890454375473543,1005.4413114539259,0.10906015436951577,-0.3282725851612902,-0.7563888540062147,847.1079687073425,0,0,1
2019-09-26,11.897273205069178,30.33383091132356,174.68359720977924,7.0,30.8749181258042,70.9318894823187,3.3034888198538725,1005.1537845337231,0.11768776912038993,1.35385212489425,-1.0326530345215397,895.2954994255726,0,0,0
2019-09-27,1.0698846700104374,21.902443237384624,171.08672145372424,6.0,28.68184838431797,69.28256587929931,3.1454927859848323,1005.6100252585275,0.7413778186885639,-0.5713048737600411,-0.7534895555888185,874.9182171473658,0,0,0
2019-09-28,0.3422998740466918,13.309457749126308,138.68055346461063,5.0,32.07591586893642,73.53844609091279,4.383725650599739,1008.2525970668399,-0.053354381423338995,-0.5440553232227282,-0.8412633793963009,691.3284360553921,0,0,0
2019-09-29,18.92030821597701,20.33249276003414,130.37883630678033,5.0,29.673592502780906,71.40306795326768,3.713486510844521,1007.8447278028884,-0.6563582427362954,-0.1043153911356243,-0.8542865413206531,644.2969438960739,0,0,0
2019-09-30,9.591269487271997,28.853877577295698,60.25759315862967,5.0,31.02209697078015,75.15464412875905,4.229045662042907,1005.8242174199925,-0.37302575925227266,0.3310779086497906,-0.7975712687166476,247.04097448337694,0,0,0
2019-10-01,1.5365708807332052,30.04814858398221,52.2928916954135,4.0,31.639580383883203,58.24252475321301,4.491235031396732,1009.2684867280173,0.5705193399603682,-0.3534846258342956,-0.7411339743802582,326.8533820118289,0,0,0
2019-10-02,4.197148925853369,15.324989293858572,47.55475525896186,4.0,32.59745304406937,65.32596027971884,2.7821906984769673,1008.7951738344701,0.002693962079960159,-1.2590871444287084,-0.3606726508714322,292.7543646985009,0,0,0
2019-10-03,5.097634068522583,10.831353875109158,40.75511612241527,4.0,31.554848858800298,68.44424611101537,3.655301605099737,1008.1441122802254,0.3061889791815041,-0.6925585447054123,-0.6607849536015749,240.22763039059546,0,0,0
2019-10-04,4.0081623956898325,13.302945390065785,43.69339384809466,5.0,31.08561063161862,61.3185798598152,2.334434093963325,1010.2700626047214,0.6030713179819709,1.0250670851716155,-0.3415581172325383,274.74787208013026,0,0,0
2019-10-05,4.285315991963314,13.39111245617573,47.63640996601128,6.0,32.28690199262922,63.12186507041349,3.5070343592766298,1007.0129247866702,-0.3373573166078487,0.05982143130840916,-0.33314661752625047,318.249443139198,0,0,0
2019-10-06,2.7278525852588493,11.021330972911995,31.44395433529312,6.0,34.23673522445897,57.348417713694595,2.2696021848614656,1008.2982253071065,0.6806233472668255,0.3608698269630577,-0.3547896151909986,181.76057570936183,0,1,0
2019-10-07,7.627427621949953,14.640596199172116,29.480112469971075,6.0,30.378658549983268,63.233670225283134,2.743058414395231,1006.3117099558285,0.340958343112555,-0.20913696573843008,-0.9200243138849034,172.4609026869794,0,0,0
2019-10-08,2.7912355679086733,13.146515775117475,30.734777157146546,7.0,31.86927204684511,66.1123140595538,3.0762340874200573,1006.3979851214166,-1.1113317782203307,-0.5275981569386157,-0.1445694100037807,183.676316461259,0,0,0
2019-10-09,1.2873924733915287,11.706055663250154,27.825020704684704,6.0,30.749031372515883,58.76155867532627,3.1706462313533694,1005.7538810952348,1.29807431206762,1.342055559900329,-0.48725339794933265,157.66608206930667,0,0,0
2019-10-10,2.997980642064562,7.076608683364764,25.725367278226685,6.0,31.46485689272034,63.94777693876937,1.9905765080433506,1006.428715267996,-0.4506702693812245,-0.15055348564086454,-0.14174650079840717,138.89733676148782,0,0,0
2019-10-11,6.7427070381261975,11.028080153582287,28.45991192066305,6.0,30.815396244637242,61.802590155187104,2.233894339004327,1008.3528391501121,-1.4895858088666654,-0.3546959036217015,-0.5107222826629421,163.34135751272626,0,0,0
2019-10-12,11.482031321028433,21.22271900121919,35.65662724972817,6.0,27.73553422403553,62.245789420922996,3.1209775405815408,1007.6587866173968,-0.9405393386276721,0.8769138930842717,-0.50994265865858,227.67260159425985,0,0,0
2019-10-13,23.319358004714424,41.54409636386905,56.24813266918374,6.0,30.476112859196647,66.04307707303143,2.5334775553911433,1007.7174898173005,-0.9189406446104897,-0.5778882870939083,0.33499728140171653,411.7395127579251,0,0,0
2019-10-14,4.651432686070951,39.45282201181381,53.272137733304746,6.0,32.15575136596204,63.1749016882344,1.915698388002176,1007.6647645272869,0.046955986791780126,-0.4757818750191974,-0.3432805016918267,385.1371743505355,0,0,0
2019-10-15,17.940495603115338,45.91128629390071,68.42139776851141,6.0,29.685084991454094,61.996248863994296,2.7115214526145697,1011.394194865138,-0.2464654549916135,0.008197347213518403,0.23787810488784958,520.5560009148624,0,1,0
2019-10-16,2.3933948537898795,24.985323142976164,69.52740014890975,7.0,32.045699284330254,65.3819223702795,2.6827245896447405,1006.1563338721975,-0.3031487708765336,0.00021608327054376138,0.036492816837161025,530.4425263413732,0,0,1
2019-10-17,1.6882130615270912,22.022103518432303,68.21763256837228,6.0,31.013427094176574,66.29836116522033,2.860256482104345,1005.9638901645139,0.557731768934231,0.20768907832257152,-0.04262723973766915,518.7345492906009,0,0,0
2019-10-18,8.190567734958858,12.272175650275825,69.66549326520494,6.0,30.4882875208342,60.00702227168466,3.071652285887383,1006.6814974734001,0.30588782507343343,1.6733352715163905,0.10651804051944468,531.6769369806946,0,0,0
2019-10-19,7.899142243188256,17.7779230396742,66.08260418736477,6.0,32.02451580342681,61.568835568505854,3.0334983087690155,1008.0738474376714,0.28444308357985765,0.2689985970818964,-0.15258913190955334,499.64958821886177,0,0,0
2019-10-20,4.154942902829813,20.244652880976922,46.91818908548016,6.0,31.70981842502006,55.441914406039466,2.2932036366138475,1009.129846502689,0.3688456115958234,-1.9024431702006404,0.2236722881828104,328.3393988856786,0,0,0
2019-10-21,34.5296916550211,46.583776801039164,76.7964480544303,6.0,31.34514016370734,64.31727563715758,2.5076104120913087,1009.3167158450261,0.5545212012020144,0.26103915474524875,0.01015141622667104,595.4203493715289,0,0,0
2019-10-22,3.2280741780984017,41.91270873594931,62.084026629413366,6.0,32.17863454792267,67.43706171489113,3.3107807092916994,1009.9036071094979,-1.8971580075996988,0.030303995591679064,0.2348346013471983,463.90641135307203,0,0,0
2019-10-23,15.88728674687645,53.64505257999595,75.57791852249994,6.0,31.040711911454107,62.47044858770239,2.428196573093175,1008.0084281811563,-0.32799442703801507,0.03476001948116613,0.6168498364773564,584.5279467746693,0,0,0
2019-10-24,2.5845213809861,21.69988230596095,76.47422684195894,7.0,28.453841817845458,63.74053059877292,2.5170522581235666,1007.4898801242,-1.9621890580405266,0.1967578475169366,0.4997124243872393,592.5400226502502,0,0,0
2019-10-25,8.716557529158171,27.188365657020718,77.00021663615827,7.0,30.227005041644844,61.36401221414124,1.8515460451652959,1011.1434873909465,0.03245393411801587,-0.022942630139839503,0.11491609898038563,597.2418312237218,0,0,0
2019-10-26,5.150044612588497,16.451123522732768,74.2511190055585,7.0,28.23021087213828,62.287236960514285,2.7368992112582617,1003.1916830615286,-0.004169675001910788,-0.042089674444311206,0.7461267798206783,572.6677217040871,0,0,0
2019-10-27,5.71431451275631,19.58091665450298,75.81049061548501,7.0,31.676685020722182,64.33026607207728,2.961269772175336,1008.3162243804318,0.9409790473107122,0.4904353678166289,0.5776304072899385,586.60690243656,0,0,0
2019-10-28,5.853346692657017,16.717705818001825,47.13414565312092,7.0,32.011054039040246,60.04108925568702,1.5688115622508378,1008.9772706401213,1.0688709534490088,-0.4336646377556008,0.4882218021328443,330.26982881498253,0,0,0
2019-10-29,4.812478760726836,16.380139966140163,48.71855023574935,7.0,32.07475740301635,63.1485852895726,2.1119572643631366,1011.5758893443108,0.1824975434271306,-0.7581490685113406,0.852875251552117,344.4327786147784,0,0,0
2019-10-30,5.7866440751027675,16.45246952848662,38.61790756397567,7.0,31.441106842951818,60.0012683429724,1.9010708520229769,1005.2142390306929,-0.45032496965720986,2.4190251620979133,0.6647868595719516,254.14340639604484,0,0,0
2019-10-31,0.2639900885741606,10.863112924403765,36.297376271563735,6.0,32.11146944517511,65.44724964741492,3.227118835539249,1007.4470103908594,0.43664500129116407,-0.5726859550249868,0.45337535902007103,233.40023980613037,0,0,0
2019-11-01,2.4226021778827587,8.473236341559687,30.00342092028832,6.0,29.151652625060137,62.0042549106087,1.3197809984869309,1006.4051201722502,-0.4751258735918822,0.08011432996806117,1.2426471015073783,234.58440693695502,0,0,0
2019-11-02,0.1565075590976233,2.8430998255545425,25.009883866797445,5.0,31.208303608122577,58.240402658193965,2.4199810042873495,1005.611921072614,-0.001253386299014009,-1.196528200700294,0.8098678607856875,180.83899455211574,0,1,0
2019-11-03,0.5475058246546022,3.126615561634984,19.843075178695738,4.0,29.37801491430308,60.15106511644821,2.89790905552229,1008.4806722875238,0.887522685264691,0.09317473204113753,0.8248261832756738,125.07990227357988,0,1,0
2019-11-04,1.288017967821827,1.9920313515740524,15.277746453860548,3.0,30.857235840706338,58.988461323056335,2.5798847520265715,1010.3483872979536,-0.5019942113904813,-0.7465804405514681,0.7722710681569143,76.31092185733166,0,1,0
2019-11-05,0.20711138161108603,2.0426351740875153,10.672379074744796,2.0,33.62164972894044,65.5018109385487,2.2032165644915898,1011.0195637932474,0.7251107753182509,-0.3539783542800088,1.1942182321954868,27.076631390326867,0,1,0
2019-11-06,0.8281001899690552,2.3232295394019684,5.713835189611085,1.0,32.88942935393115,58.15391523676851,2.675072794620363,1007.8914474805457,0.6096612318230722,0.836051732616899,0.7909119289491111,-26.262107163011795,0,1,0
2019-11-07,2.2688772010668314,3.3040887726469728,7.718722302103756,2.0,32.286096867698774,61.87072952956791,3.0893757428536444,1010.0485657672082,-0.8593126354177394,0.377607654702459,0.5559459968283695,1.3248119803486202,0,1,0
2019-11-08,0.556690700948574,3.6536680919844606,5.85281082516957,1.0,31.10462897859368,57.09403979122051,2.4026247962224474,1008.4929248772538,0.8765047153956609,0.4547276196598553,0.7896737026736939,-20.359916930757038,0,1,0
2019-11-09,0.6645683424352887,3.490136244450694,6.360871608507236,1.0,29.967864600410767,64.46071015430684,1.1238294227945795,1009.8506513366718,0.6287097108343546,-1.4169638707134904,1.305228750807116,-14.455478004670796,0,1,0
2019-11-10,0.3622334614250667,1.5834925048089294,6.1755992452777,1.0,31.62073605593278,65.07179747173981,3.1558314378423553,1010.926873980038,0.0917332986353917,1.4695161358632103,1.192756158382372,-16.608624614794834,0,1,0
2019-11-11,0.6985287672438121,1.7253305711041675,5.586110044699686,1.0,32.91384346318581,64.60150668344654,2.7073505555911463,1008.4992037434226,-0.6860911122248871,-0.9535050487535002,0.9291187349195719,-23.459385579919388,0,1,0
2019-11-12,0.2421103951606253,1.3028726238295043,5.621109058249226,1.0,31.93271738359751,67.1779330650767,2.4473459435495033,1010.7873724226164,-0.773285416718013,1.222848651435092,1.3412723299009883,-23.052643818394415,0,1,0
2019-11-13,1.375838192650022,2.3164773550544595,6.168847060930192,1.0,29.138930193776194,62.077841354256456,1.2789686536133684,1006.6653694161135,-0.4838963192127202,0.817235092785189,1.186950671268364,-16.687095265167866,0,1,0
2019-11-14,0.12446849158438673,1.7424170793950342,4.024438351447747,0.0,31.50535255459675,65.22306854334418,2.2882066006547315,1010.0305374647955,0.48833501696276405,0.4618661934277441,0.9322388243687092,-41.60838553781509,0,1,0
2019-11-15,0.49973659787929503,2.0000432821137037,3.9674842483784682,0.0,28.680237829741692,66.82052339402972,1.941905424520931,1010.7094304252706,-0.8600626506612581,-0.6839878247267053,0.9532475635914301,-42.2702788273412,0,1,0
2019-11-16,0.967061856687507,1.5912669461511888,4.2699777626306865,0.0,32.484754664982994,56.12703515281295,1.737424204776277,1010.5231951061729,0.39376102375788297,0.12127187585561834,1.0698239730326067,-38.754844180513956,0,1,0
2019-11-17,0.8695148677541963,2.3363133223209984,4.777259168959816,0.0,30.38868645134118,57.450845299915976,2.3853221041348296,1006.7157801720673,-1.1175799759905534,-0.37673712851588786,0.7692452764797376,-32.85946280048957,0,1,0
2019-11-18,1.4245306318903412,3.2611073563320447,5.503261033606345,0.0,29.646527338840475,54.37050790743672,2.1456116312563793,1008.4783587352617,-0.18366172599496405,0.023231657204233452,0.9650504278943021,-24.422217079870364,0,1,0
2019-11-19,0.8299169636679968,3.1239624633125347,6.091067602113717,0.0,32.50400022645967,64.74722452675437,2.1851324809679813,1009.3927337686528,0.09868297911660777,-0.1998978072684479,1.0247853408343328,-17.591010858237162,0,1,0
2019-11-20,0.11492277304536404,2.369370368603702,4.8301521825090585,0.0,32.14202627069216,53.173366013999185,2.910967582512623,1009.6463129269738,2.200617130553025,-1.6308884052579267,0.5067241631132438,-32.24476554701036,0,0,0
2019-11-21,1.2207670508945956,2.1656067876079566,5.926450741819268,0.0,31.684255846014477,52.96901398192458,2.62053504662657,1009.0573952431135,-1.2395840899683306,0.8974273207876705,0.8590794672311676,-19.50410911279513,0,1,0
2019-11-22,1.9325410084717707,3.2682308324117306,7.359255152411744,0.0,34.42728842464605,55.56559516661291,2.1698828686850926,1011.421353842004,1.32481310984112,-0.06488572523948893,0.8057924857696416,-2.8527429518535907,0,1,0
2019-11-23,1.9973129549938413,5.150621014360207,8.389506250718078,0.0,32.24789706939292,53.76493755262399,2.0937630300450865,1006.5166557150452,0.13485817258855204,-0.38784031960178966,1.1110003675809044,9.120341545085662,0,1,0
2019-11-24,6.248456365349533,10.178310328815144,13.768447748313415,1.0,30.455957596736265,59.93594397344243,2.1942766202791693,1008.4163670330817,0.37005472621436686,-0.4482617862638142,0.3626508713484999,71.63182166937331,0,1,0
2019-11-25,0.5384453577362364,8.784214678079609,12.88236247415931,1.0,32.0857827131135,55.34163536961529,2.318725224494356,1005.8108287541813,0.10651312204938405,0.28676766109341456,0.6956485101558848,61.334163286498026,0,1,0
2019-11-26,1.6219593743019645,8.408861097387733,13.674404884793278,1.0,30.95838901787956,52.76804163066942,2.817621873180468,1009.9670663926183,0.4002541363757097,-0.7150050706355778,0.6353954411660468,70.53890058138633,0,1,0
2019-11-27,1.4977665008359422,3.6581712328741434,15.057248612583855,1.0,33.132359649290386,60.169013171726654,1.8416556847790613,1009.8471335396439,-0.13831659392581597,-1.8041404467792348,0.9583287105511562,86.60964763141862,0,1,0
2019-11-28,2.9121587077695614,6.031884582907468,16.74864026945882,2.0,31.75226538819718,59.678344676526365,3.342255293058321,1014.8763045925406,1.3086451633117124,0.32570384256662094,0.6676847547874941,106.26619083576334,0,1,0
2019-11-29,3.134599550809517,7.544524759415021,17.950698811796567,3.0,31.89078990015521,53.17595645720563,2.8180549572315434,1010.6962659193458,-0.4108240298022502,0.4152823983654574,1.0857616685522302,120.23593910522652,0,1,0
2019-11-30,1.0233531459697827,7.070111404548861,16.976739002772508,3.0,29.33958152436117,56.9821130500737,0.8244349680305818,1009.4452757883274,1.019011114961323,-0.15970545974210634,0.7584932272745395,108.91704499364702,0,1,0
2019-12-01,0.8226661083849757,4.9806188051642755,11.55094874580795,2.0,31.570506828626158,57.91590562627491,2.4585359400275895,1009.4423267376294,-0.5799304081917206,-0.9183223001520071,0.4447564171921667,49.87879695852262,0,1,0
2019-12-02,0.6865366197859727,2.532555874140731,11.699040007857688,2.0,31.40584236535066,57.075052305233946,3.0317683853959414,1008.4136159622889,-0.05422666176115826,0.07114843271142827,0.5599103231707991,52.66906172419116,1,1,0
2019-12-03,0.4558649701216977,1.965067698292646,10.53294560367742,2.0,30.050715724027256,56.69118450898657,2.6405499442669442,1009.2183934505525,-0.9647662970611973,-1.171625894650871,0.3626191304044094,39.16629606580659,0,1,0
2019-12-04,0.7700032161672564,1.9124048060749268,9.805182319008736,2.0,31.174512480377643,63.359052508846176,2.1599218235395665,1009.4807637322855,0.40952134831276793,-0.8217844773501275,0.6157340010860926,31.09787842196014,0,1,0
2019-12-05,0.5611447100254617,1.7870128963144158,7.4541683212646355,1.0,32.094667982339736,65.7296167973405,2.3706713315834933,1005.4469487930569,1.3006133612338804,-0.600558349203329,0.016347214743884952,2.9046991606217296,0,1,0
2019-12-06,0.5381709671111113,1.8693188933038294,4.85773973756623,0.0,31.478525122240406,56.0766411626591,2.514318368273074,1009.3379600643291,-0.06962056183876868,0.6751512567132449,0.09090620615992545,-28.33108467190369,0,1,0
2019-12-07,1.8280551984981503,2.927370875634723,5.662441790094597,0.0,29.50767499310438,52.70821928635053,2.8690793521444533,1009.165332824491,-0.1771971288335186,-0.2900887603495337,0.3572703301932185,-17.400280969511176,0,1,0
2019-12-08,0.6322919719850192,2.9985181375942807,5.4720676536946415,0.0,31.102110994846306,57.40312152806073,1.5582694904962435,1012.1407394995235,-1.003155266761134,-0.3582931294211685,0.4955537325317968,-19.76050424390995,0,1,0
2019-12-09,0.515146089750525,2.9754932602336943,5.300677123659193,0.0,30.8293798566662,56.839256265170796,2.0443153874285347,1008.746506433772,-0.2063633881970773,1.563754012328997,-0.4161942958775146,-21.885372283502015,0,1,0
2019-12-10,0.399128457370372,1.5465665191059161,5.243940610907868,0.0,31.755533493565682,57.94616665464088,3.390473276210951,1007.6055339645233,-1.4335148337493748,0.28196999775097115,0.4226844970134991,-22.58878105759394,0,1,0
2019-12-11,0.3636147315161704,1.2778892786370675,4.8375521262567815,0.0,31.604360147974216,59.5167285153931,2.427094733339025,1009.4668733491604,-0.8215901880469445,0.27119560837986084,-0.011442219476391659,-27.62711020282002,0,0,0
2019-12-12,0.11004894417748216,0.8727921330640246,4.386456360408802,0.0,30.908356274365442,64.69289383452619,3.3240676814973114,1009.1173421308029,0.20410744149822188,-0.29576059616701994,-0.5029251029780661,-33.219711937860055,0,1,0
2019-12-13,0.4563266296902908,0.9299903053839433,4.304612022987982,0.0,30.853685740529333,48.15549205609662,4.198682222041014,1008.7484344797945,1.1871118779672565,-0.47709733410942223,-0.8378376427074388,-34.234402870732026,0,0,0
2019-12-14,1.2735247965523822,1.839900370420155,3.7500816210422134,0.0,31.578726184500326,53.761921380094705,2.1121055152856276,1006.6813357419826,2.5282897751065527,-1.7491251520137205,-0.5249318171826309,-41.10936806182515,0,1,0
2019-12-15,0.258547032506937,1.98839845874961,3.3763366815641316,0.0,32.83278201830321,62.761514379942895,1.688957714554061,1008.7026805035596,-0.5279265765638106,0.7749924255388466,-0.20225116827585127,-45.74298858153528,0,1,0
2019-12-16,0.009449995902872993,1.5415218249621923,2.8706405877164793,0.0,31.874711293113485,54.34456173427142,2.2480079729025033,1007.9409702313952,1.291770140980896,0.35864776460510334,-0.2679302463406918,-52.012515067865564,0,1,0
2019-12-17,0.7436484103477431,1.011645438757553,3.21516054069385,0.0,33.476911616729026,59.89426733242197,3.0667220299597027,1008.5938489033742,0.21937723236148313,-0.14333279457073067,-0.14651051242488922,-47.74122051657403,0,1,0
2019-12-18,0.5817261517539875,1.3348245580046036,3.433271960931667,0.0,33.071081931700675,58.38968046025741,3.1506639224362356,1010.3013914031604,-0.13612288207173828,-0.10978136146900459,-0.49459676812788916,-45.037115535759064,0,1,0
2019-12-19,1.8019529714040066,3.127327533505737,5.125175988158192,0.0,33.57997005601484,60.33622101764942,3.7705128904645715,1007.7693897907739,0.389335006553537,0.5889154098088442,-0.6855472003169114,-24.061202848125774,0,1,0
2019-12-20,0.22661121574288032,2.610290338900874,4.895460574210781,0.0,33.4006932738463,63.35127817282074,2.385243087780699,1008.5852971320173,0.05572483531196326,-1.2437680584638826,-0.5618601580015471,-26.909171993197912,0,1,0
2019-12-21,0.0920946691847527,2.1206588563316395,3.7140304468431515,0.0,33.672743884759036,57.18780428471147,2.7001603087019563,1009.9576845419111,0.09935615305099668,-0.47190506524304443,-0.4988224539508492,-41.556323840709254,0,1,0
2019-12-22,0.377556199683914,0.696262084611547,3.8330396140201284,0.0,29.8702146266623,48.87774248749692,1.9802646087977354,1008.4985914899961,-0.3674998465440023,-0.9090422903140244,-0.4966031848039851,-40.08087023367201,0,1,0
2019-12-23,0.31655180739682076,0.7862026762654875,4.140141425514076,0.0,32.39101135039668,52.30856947390299,0.9031354297438934,1013.6800503783755,-1.2582986938189658,1.417207425989397,-0.7969485648908093,-36.2734788684119,0,1,0
2019-12-24,0.04591064515506953,0.7400186522358043,3.442403660321403,0.0,33.19026333533148,64.80226504985255,2.383534780781409,1009.43147530306,-1.3892626822698735,0.7005244254826406,-0.4178064030833597,-44.92390241846256,0,1,1
2019-12-25,0.5199222161625892,0.8823846687144794,3.3805997247300046,0.0,33.44325281192129,49.345669896029776,1.7150738471266385,1006.74810094332,0.5879203949531043,-1.7621541129082914,-0.8400433830467277,-45.690136162135616,0,1,0
2019-12-26,0.2880289061934185,0.8538617675110771,1.8666756595194165,0.0,30.405608223102494,56.7359535368271,2.793340721326266,1007.4727706638789,-0.24903008107714206,-1.2110093013119805,-0.9415369324486755,-64.45948625324004,0,1,0
2019-12-27,1.5398337345076876,2.3477848568636954,3.1798981782842235,0.0,32.40494729622604,44.80232133048332,1.2784904070469665,1007.2916329819593,-0.53648000969055,-0.10587653868598904,-0.8968845457721706,-48.17839675302788,0,1,0
2019-12-28,0.528368136006026,2.356230776707132,3.6161716451054966,0.0,31.589898852252613,50.37914422593421,1.9637266649399414,1007.4984682859882,0.007655064050838211,-0.37795216965793976,-0.5274066550776989,-42.76955913534375,0,1,0
2019-12-29,0.1933855382631711,2.261587408776885,3.432000983684754,0.0,34.07049888753268,58.49609540566293,2.5679339215547388,1009.9500762142114,0.7154390276240647,-1.0595057664615106,-0.8616893244492863,-45.052872876205214,0,1,0
2019-12-30,0.46489442312819623,1.1866480973973932,3.5803435994161297,0.0,29.542406287169793,54.66657405187104,2.6307436998183373,1006.991798580075,0.16232754872375837,1.5558097901203916,-1.0319356882537913,-43.21374860830141,0,1,0
2019-12-31,0.5709887545237617,1.2292687159151292,4.105421708784822,0.0,30.407609147330014,53.96192963767117,2.378862850884823,1008.387345240013,-0.5904494429768706,0.25003193118606337,-0.6539490607848859,-36.70392748425097,0,1,0
2020-01-01,0.8107850391925783,1.8466682168445363,4.3962845318148105,0.0,28.965077936227793,52.80724404085837,3.5204236287705344,1011.0569072468426,1.1036636600840548,0.3798530582904732,-0.3742253015552556,-33.25256490745015,0,1,0
2020-01-02,0.48825132201156923,1.8700251157279093,4.596506947632962,0.0,31.702428093021393,46.81625981703475,3.3416947094973386,1008.0643729337793,1.4212669526834687,-0.5536119593857711,-0.8791205666364194,-30.632353354565883,0,1,0
2020-01-03,2.3928431980243383,3.691879559228486,5.449516411149612,1.0,34.66934166815259,58.169267409968754,1.9894200321723166,1010.2086386250306,0.445100989790568,0.5778193177424019,-0.6418350108415847,-19.85245542676777,0,0,0
2020-01-04,0.10488903279468215,2.98598355283059,5.026037307938269,1.0,31.437887025228466,54.09989620762414,3.365662328683685,1005.9706163551148,0.8762971602096812,-0.3043462087856095,-0.7070982823646956,-25.02836790051791,0,1,0
2020-01-05,0.2826012475327651,2.7803334783517855,5.115253017207863,1.0,31.64141194270903,48.086848759709554,3.4573373972859773,1008.3328557145501,1.11776399713243,-0.22667453896599954,-1.1303687737608001,-23.79571437921804,0,1,0
2020-01-06,0.19442777723353552,0.5819180575609828,4.844786371313202,1.0,32.27029957004756,54.66568631089303,2.325675103586465,1007.4052611145798,1.0170893847640623,0.4888015678602079,-0.9821206557257077,-27.05900669979434,0,1,0
2020-01-07,0.332981849244307,0.8100108740106076,4.606779466033747,1.0,31.33715861216487,56.03476165266557,2.4272584017231638,1009.5395505338395,0.5526892594013613,-1.3031980520482398,-1.3161847204564423,-29.916559807000905,0,1,0
2020-01-08,0.6391867784546645,1.166596404932507,4.435181205295834,1.0,32.012401717976786,53.571332628480455,2.369583596135909,1007.1373621820977,0.5385123423673945,1.2776222878807861,-1.0504816012736857,-32.06149818321201,0,1,0
2020-01-09,0.5976822785425996,1.569850906241571,4.544612161826864,1.0,32.049061628234014,54.57318262774081,2.0130168951174503,1012.7253451963664,0.46769451601185236,0.14591137177910063,-1.1564077990700143,-30.693636660609553,0,1,0
2020-01-10,0.7931660381986665,2.0300350951959305,2.944935002001192,0.0,30.31618597824414,54.40746197027879,2.0726159202581864,1006.0490700026206,-0.9876039070923393,1.0247553670243394,-1.0981106735348558,-50.6892293601128,0,1,0
2020-01-11,0.5252378730723732,1.9160861898136392,3.365283842278883,0.0,31.368299895005542,51.22476628381126,3.191610071449826,1011.044368870955,0.6306508411736272,-0.8603358052950547,-1.1793143495368787,-45.43496655447443,0,1,0
2020-01-12,0.556571325967838,1.8749752372388775,3.639253920713956,0.0,32.53867138826142,54.579755465186835,2.6624422139020774,1010.580861566061,-1.2202325740138986,-0.7385320992225545,-1.055005752071463,-42.01040425039323,0,1,0
2020-01-13,0.5356956657770825,1.6175048648172936,3.980521809257503,0.0,32.79997185436341,57.84477298758723,2.067502799774748,1009.5577128937273,-0.7151395096125495,-0.9295201772798498,-0.8385304519498806,-37.74463496137001,0,1,0
2020-01-14,0.2993490212140848,1.3916160129590054,3.9468889812272807,0.0,33.31786760984706,58.67175429672054,1.844418884598598,1009.0979426682949,1.1732085610272787,0.2002381381318711,-0.9868207154991807,-38.16503749477747,0,1,0
2020-01-15,0.2749143385663719,1.1099590255575391,3.582616541338988,0.0,31.969575784670987,56.649530324328474,1.9451502888437835,1012.3388884191552,0.7561981464247778,0.05278664153459687,-1.4054473688780258,-42.71835832887274,0,1,0
2020-01-16,0.18956708367133415,0.7638304434517907,3.1745013464677228,0.0,31.998065286917292,51.53635915004357,2.3017033947909193,1013.4476978129135,1.3386584607172765,-0.3715294553849444,-1.1053920468715752,-47.819703410284994,0,1,0
2020-01-17,0.8311571474039408,1.2956385696416466,3.2124924556729972,0.0,32.55022410247555,56.35662080893153,2.947918460396224,1008.6268827730823,-0.244506945318563,-0.8112553543082236,-1.2753843158055076,-47.34482337514478,0,1,0
2020-01-18,0.015704010755189502,1.0364282418304642,2.7029585933558136,0.0,30.667286992175246,56.84102532971469,1.883967826357631,1009.2839476847848,-1.037023957149091,-1.013277015784674,-0.8084287087190621,-53.71387822781861,0,1,0
2020-01-19,0.5448552907304076,1.3917164488895377,2.691242558118383,0.0,30.60987461839025,52.374293888735764,2.9410380688938207,1008.005642420018,-0.21639347736330855,-0.03878712037652479,-0.7148409334598498,-53.86032594523568,0,1,0
2020-01-20,0.9718366027528685,1.5323959042384656,3.127383495094169,0.0,31.32524829045892,53.28006610648267,2.518190577004647,1006.8952454957089,0.09182816751651679,-0.3724694236708801,-0.7451657342102989,-48.40866560128358,0,1,0
2020-01-21,1.2009168945261355,2.7176087880094113,4.0289513684062195,0.0,29.71494051179933,57.288280809087816,2.4857216935310538,1009.8335657696496,0.07108984470600872,-0.5484855938866099,-0.9722891974674044,-37.13927672805013,1,1,0
2020-01-22,0.005940958123450013,2.178694455402454,3.7599779879632975,0.0,32.069626371554946,60.81419596747588,3.015494216899421,1009.449283137347,1.0203124308810314,1.2376715889052878,-0.6774672143664188,-40.501381468566215,0,1,1
2020-01-23,0.3098871786605521,1.5167450313101374,3.8802980829525153,0.0,32.968680141810644,47.708116242944236,2.9060317587757423,1006.1015644964803,-0.325143382503101,-0.06586054255418713,-0.8181710229199719,-38.99740824609918,0,1,0
2020-01-24,0.20381454079807426,0.5196426775820762,3.252955476346649,0.0,30.50590418840138,61.19922968775844,1.5573057924689335,1009.8207663853148,0.31683102462263185,1.0160343471415403,-0.9444986631539615,-46.839045021173604,0,1,0
2020-01-25,0.2818998805927034,0.7956016000513295,3.5191513461841626,0.0,32.10917415701446,60.57756177728743,1.749608340526807,1009.5096145474741,-0.8897644344911455,-0.4266017461461573,-0.4317233274045691,-43.51165851767376,0,1,0
2020-01-26,1.4171399158886522,1.9028543372794295,4.391435971342407,0.0,30.619181819856287,56.876560619759665,2.262306628806632,1007.9177223743984,0.4052855502394317,0.1958210270389255,-0.3680579092282528,-32.6083034403256,0,1,0
2020-01-27,0.2054195282778118,1.904459324759167,3.6250188968673505,0.0,30.07675958838218,55.31503165690004,2.6136002218305796,1007.8002220223914,0.0027976951670730704,-0.044380813005067916,-0.28893329673365237,-42.188338739959526,0,0,0
2020-01-28,0.9698502115163525,2.5924096556828164,3.3939522138575677,0.0,34.37775075243861,56.98643240873759,3.2187619211458642,1009.7627663933117,-0.6748320044560657,-1.3580978476144983,-0.6302131121220593,-45.07661857286803,0,1,0
2020-01-29,0.5522383661841977,1.727508105978362,3.940249621918315,0.0,30.09683890075094,54.10352279665798,2.4390570435293113,1011.8959497912984,-0.21224642595736753,1.1426706450111304,-0.133778861148924,-38.24802794301404,0,1,1
2020-01-30,0.26831804017238153,1.7904066178729316,3.898680483430145,0.0,29.708918245852093,55.03648651219124,3.422234307246773,1009.717074945353,-0.16575817186369948,-0.10812288562593271,-0.5011859200752985,-38.767632512581855,0,1,0
2020-01-31,0.23802358349335323,1.0585799898499322,3.932889526125424,0.0,31.800566847052515,50.694073023835415,1.9760112196803195,1010.4048344642283,-0.24313961640338658,0.5971345757063684,-0.16242022502993347,-38.340027429785486,0,1,0
2020-02-01,0.6084859477819315,1.114827571447666,4.259475593314652,0.0,31.874966067527996,49.03902576436484,2.0779118561547536,1007.5010136318228,1.5942071180409152,-0.6016229779692476,-0.40052363579022093,-34.247839819389114,0,1,0
2020-02-02,0.43999435586425506,1.2865038871395398,3.282330033290255,0.0,32.43316099534884,65.6482802673816,2.21704954600624,1008.2532768391375,-0.08860140207709166,-0.13187550526381173,-0.2749491814223105,-46.46296300590547,0,1,0
2020-02-03,0.04014676412252997,1.0886270677687164,3.1170572691349734,0.0,34.300755272596795,55.334400890936834,1.9101225333426035,1010.0933973315695,-0.21950649915960396,-0.6934818879386838,-0.7697306659240601,-48.53491448032554,0,1,0
2020-02-04,0.15040797656505903,0.6305490965518439,2.29761503418368,0.0,30.41105425641044,57.35895857199195,3.096101737891241,1006.5539463480063,-1.8877058618491276,0.9887987862107148,-0.1848896776525404,-58.779763611689404,0,1,0
2020-02-05,0.6233349856594298,0.8138897263470185,2.368711653658912,0.0,30.689224424519463,56.805304379063166,0.7385605017168397,1009.3719301973209,-0.8047866167815296,0.24912747796054058,-0.03127645224286939,-57.89862285559559,0,1,0
2020-02-06,0.09799253014907076,0.8717354923735593,2.198386143635601,0.0,33.75136369391252,53.442750245830084,2.0983176898922413,1009.88712860013,-0.23676608201071755,0.29364282134471054,-0.10103214334407386,-60.03370105284438,0,0,0
2020-02-07,1.0914107600035448,1.812738275812045,3.0517733201457924,0.0,32.81380926939102,57.01830803161665,3.0893834168415144,1008.9296057604438,-0.6172674085589785,1.0865473176839833,0.49605191542235316,-49.37897570427426,0,1,0
2020-02-08,0.060460920173372235,1.2498642103259874,2.503748292537233,0.0,32.61914987054935,56.92552425468014,2.2130679600808985,1009.5738367987635,1.2435368340400172,0.9250730375192184,-0.17826288132283802,-56.22575266963532,0,1,0
2020-02-09,0.3563805646510478,1.5082522448279645,2.420134501324026,0.0,30.673219823972676,56.286024549473034,3.044190930909917,1009.1030428663854,-0.14844399785659676,0.6122740289090283,0.02646039102682546,-57.270385580222026,0,1,0
2020-02-10,0.85404345021929,1.2708849350437097,3.2340311874207854,0.0,33.075279506260074,53.986673798836286,3.719069535720104,1007.8790762554645,1.1595998243864272,-1.1373818776299702,-0.004376788999853359,-47.101928298502166,0,1,0
2020-02-11,0.13492591379269495,1.3453499286630326,3.2185491246484217,0.0,32.62349194593637,59.26112751116478,2.448689836943871,1006.8783749611326,0.05553417064533122,-0.5565432956133469,0.13469826246190753,-47.29535419225863,0,1,0
2020-02-12,0.08832591039976691,1.0772952744117517,2.683540049388759,0.0,31.764388173050037,59.226001417017564,3.1018196101192617,1008.8364031116383,0.033505052779418974,-0.8031105088090822,0.5864463869724634,-53.97951573271189,0,1,0
2020-02-13,0.7219720366749259,0.9452238608673875,3.307519555914614,0.0,30.680137063356035,60.45315219000464,3.851941562937178,1011.3470779464831,-0.07991680294125085,0.5820269549006394,0.7500377683664106,-46.18379784226887,0,1,0
2020-02-14,0.9966409101986177,1.8069388572733103,3.212749706109687,0.0,31.648409773826746,60.46684141243232,2.6417134730486977,1010.8428524560434,0.0034166264593132193,0.13652155340004113,0.2560941928956584,-47.36780950590875,0,1,0
2020-02-15,0.3840523862660321,2.1026653331395755,3.536341172202347,0.0,33.8069176415595,57.07426148019319,2.3716211362894346,1008.3773690084696,1.5469155027448733,-1.112409946904476,0.29997217890897143,-43.325004005038174,0,1,0
2020-02-16,0.30061046072894504,1.6813037571935947,3.480571068280244,0.0,29.967481144037773,56.92935063781776,2.9419382391774533,1008.33997915084,-2.0876496540760967,-0.15099537040898203,0.2393902867319349,-44.021770473087855,0,1,0
2020-02-17,0.05651611892558542,0.7411789659205623,2.6830437369865394,0.0,30.379317302394067,65.19013916698657,3.110989100745787,1008.207484839388,-1.801391169994811,-1.1952898685750228,0.9015608943458104,-53.98571643551185,0,1,0
2020-02-18,0.5050738320504707,0.862200411705001,3.0531916552443152,0.0,30.620112588583993,55.479824710429924,2.3771698723982326,1008.2077161758341,-0.48885374795050246,-0.04252519045580791,0.8997835455810268,-49.36125566669842,0,1,0
2020-02-19,0.028988931273868673,0.5905788822499246,2.993854676118417,0.0,30.92388637926928,51.10107030064779,2.110152853585961,1009.5169161019585,0.013075093743811996,-1.3242980031897478,0.6356682445725722,-50.10258506117179,0,1,0
2020-02-20,1.4333639669512561,1.9674267302755952,3.7052466063947476,0.0,31.477004636553485,60.11289888208621,3.430896239700215,1010.9024336520341,0.6210939822876111,0.42306199470769035,0.3537269566969833,-41.21477586235768,0,1,0
2020-02-21,0.4039007561361195,1.8662536543612442,3.112506452332249,0.0,32.841035437165594,55.52529066892337,2.2380903740891442,1013.072023763312,0.42577847822472764,0.30237010082725885,0.4145057465226443,-48.62020340458018,0,1,0
2020-02-22,0.15454919254169106,1.9918139156290666,2.8830032586079084,0.0,32.14501575786737,54.74692636516275,3.116696311011771,1007.5052416034398,-0.34582132159251316,1.5263587946775052,0.8199614048890843,-51.48751256220317,0,1,0
2020-02-23,0.23530683195802027,0.7937567806358308,2.8176996298369836,0.0,31.584213468387723,62.918310517348594,2.5581794126441193,1010.17109176482,0.9171393239175861,0.678298631597874,0.9483727067460334,-52.30338658017343,0,1,0
2020-02-24,0.5437139281465347,0.933569952646246,3.3048974390579327,0.0,31.886826862795406,57.241687272271996,3.4966381433175164,1009.9751690657855,0.9271758628374579,-0.3383314046580022,0.32573365007791777,-46.21655738497289,0,1,0
2020-02-25,0.2838251989662439,1.062845959070799,3.0836488059737057,0.0,32.372623342191375,53.928608121944265,1.8910314951291554,1008.4054235853159,0.16565204814440898,0.6544560746195889,0.7905750681431221,-48.980737793355104,0,1,0
2020-02-26,0.46004006332170466,1.2875791904344833,3.5146999380215416,0.0,29.14464767296149,67.99976599082812,1.8898708075028536,1007.1521504920794,0.8663918152381571,-1.1181311047561429,1.301421933070426,-43.59537980217596,0,0,0
2020-02-27,0.12671528838788182,0.8705805506758304,2.2080512594581676,0.0,32.99925386613936,52.727803465872285,2.913150889820418,1009.494638714695,0.24538073708891592,-0.7699780829448684,0.8656487365392194,-59.920057733851195,1,1,0
2020-02-28,1.220935293588816,1.8076906452984025,3.025085796910864,0.0,30.34205787764196,59.94165006812871,1.7222554647760342,1012.8147507567497,-0.5053347241045953,0.266514025660088,1.3127747821437101,-49.71239755572657,0,1,0
2020-02-29,0.2412567469173557,1.5889073288940534,3.111793351286529,0.0,30.87812147803444,52.249480576319655,2.47043612621617,1009.4832519285081,0.6280351551000042,-1.726599730198342,1.1200643974378337,-48.629112566694765,0,1,0
2020-03-01,0.013682486086754141,1.4758745265929258,2.8901690054152627,0.0,31.961224011707046,59.93824039988739,3.3363719391463893,1007.5664987086052,0.09955181032080994,-0.02972862794710643,0.7012151493167946,-51.11360998894535,0,1,0
2020-03-02,0.3120259947855432,0.5669652277896531,2.658481072054271,0.0,31.37904640211654,56.814633046554114,1.336427116010303,1008.7004362458467,0.0012058620790382363,-0.8162106336947366,0.9105993024837223,-54.09549995996551,0,1,0
2020-03-03,0.19986714551095353,0.525575626383251,2.574523018598981,0.0,32.1663171788527,62.77976911514825,2.648609966535606,1006.9312023526212,1.3256582149706169,0.08104564412261084,0.9600401050577102,-55.2458622483332,0,1,0
2020-03-04,1.1537962858890873,1.6656894261855841,3.268279241166364,0.0,31.683173647160995,58.93170082410687,3.1343736329650262,1009.0168341160244,-2.205784915686078,-0.8621890864378108,0.7594707112588852,-46.75426702181795,0,1,0
2020-03-05,0.15558136415348384,1.5092447955535246,3.2971453169319656,0.0,31.079549359435756,64.39859650715768,2.3917818003383737,1010.2136500512166,-1.2759157531436127,0.339398509964151,0.7574383199775458,-46.50585665788863,0,1,0
2020-03-06,0.2793676177664087,1.58874526780898,2.355577641109558,0.0,33.62487599844882,58.82326107715823,1.851070701150975,1007.7368354491653,-1.068363383736933,0.015461938933911696,1.3758188622349723,-58.28870416371619,0,1,0
2020-03-07,0.5584504962790224,0.993399478198915,2.6727713904712247,0.0,32.47590630613622,52.5617047076978,2.249761594514058,1003.1234175391445,-0.32693458281192506,1.1202927335050645,0.7509250164379898,-54.465660718090334,0,1,0
2020-03-08,0.7977922032646795,1.6356103173101109,3.45688110764915,0.0,31.907578816511894,61.19748788211183,1.9042145274860294,1009.4819015323885,-0.2291473527894271,0.005387627281297697,1.2579416315271477,-44.744413708583174,0,1,0
2020-03-09,1.5116318852950434,2.8678745848387455,4.65648699815865,0.0,32.45414233852514,58.265412942073326,2.448821334380329,1008.080720992889,-1.3565930829957427,-0.614914243969173,0.869229309089445,-29.87192211687845,0,1,0
2020-03-10,0.17285768696158754,2.4822817755213107,4.629477539609284,0.0,30.49715327153153,52.22287903803498,2.24130306315911,1007.6323098988045,-0.8866422290797437,-0.19750868466182633,0.9589395889433227,-30.2067803802047,0,1,0
2020-03-11,1.3771003678920637,3.0615899401486946,4.852781621612261,0.0,34.529294999865385,55.60562551542103,2.0993700858923754,1007.6167727153601,-0.7747575106712132,-1.0753891176133852,1.0898308114309512,-27.438297740817134,0,1,0
2020-03-12,1.1165350577389264,2.6664931125925775,5.813735315197703,0.0,29.961922479805633,56.106092119902584,2.687014836347478,1009.7039690676708,2.211681682868303,0.324909803764352,0.7808209242488172,-15.524571873901754,0,1,0
2020-03-13,0.1961885227263855,2.6898239483573754,5.73055622015768,0.0,31.643050682932788,65.95074441042404,3.3547957726432953,1008.2492849592288,1.621567752972432,0.47188019705221784,1.050656503053842,-16.55581088445958,0,1,0
2020-03-14,0.1684229091907505,1.4811464896560624,5.3405286330694075,0.0,31.083617771257188,60.86357524959633,2.6040189266771656,1010.6583177397732,-0.37057447591618436,1.9753568293542543,0.37248898405196895,-21.391300652719657,0,1,0
2020-03-15,0.6776169514224232,1.0422283833395591,5.220353381227151,0.0,31.030434435724157,58.128407063599134,3.213525741636721,1010.6979286022108,-0.32722496127611905,-0.4974687924835238,0.9667112494334305,-22.881211161408345,0,1,0
2020-03-16,0.4490561727124463,1.2950960333256198,4.157777668644554,0.0,30.848655102481363,59.51028888154344,3.3546213380387355,1008.4963779926427,-1.0342835974694649,-0.21423565894014618,0.2096961483471944,-36.054827993368356,0,1,0
2020-03-17,0.6759867575276615,1.8026598816625308,4.6609067392106285,0.0,30.404220559924124,50.78875504900323,2.0553422179795513,1008.0459568463989,-1.7173173719027401,-0.46060681955057253,0.7376099909027647,-29.817126986116683,0,1,0
2020-03-18,0.32304055385242103,1.4480834840925287,3.606846925170986,0.0,33.1482936480534,57.275256227562025,2.57224150176518,1009.2133909110822,-0.10519216776767162,0.16969096090497926,0.9729244323870146,-42.885165285595406,0,1,0
2020-03-19,0.49544808847228217,1.4944753998523645,2.9857599559043417,0.0,29.79803064890599,60.900642141512286,2.15235781288129,1008.7218078741726,-0.8980667849196231,0.30535242758369097,0.8776364137169372,-50.5852864680717,0,1,0
2020-03-20,0.40658301327315627,1.2250716555978594,3.1961544464511125,0.0,32.86160401947937,58.65890195054911,1.5180280946648055,1005.8289909569457,-0.0763654784958088,-0.04269987554280862,0.3579308535122974,-47.97685455192892,0,1,0
2020-03-21,0.66751560326824,1.5695467050136784,3.6952471405286023,0.0,32.3925673899314,55.81635055069006,2.6207829206017763,1012.4289023551228,-1.4401852641391297,0.8690607334984257,0.3484822172472009,-41.78919579260414,0,1,0
2020-03-22,0.16102940414423628,1.2351280206856328,3.178659593250415,0.0,30.95136697697094,58.01213100440764,1.776036628541385,1010.2693199467556,-0.6857770124792321,-0.49358360300382204,0.4251175766980584,-48.193752500816935,0,1,0
2020-03-23,0.5336581703584424,1.3622031777709187,3.263261590896411,0.0,32.23026475863342,59.950963167381815,2.69790836472979,1008.1492425266662,0.1337643857725478,0.7889392383125697,0.5983838229388984,-47.144872607357016,0,1,0
2020-03-24,1.4867167612416419,2.1814043357443205,4.073991594610392,0.0,31.263555936546823,57.05686317514326,1.4737995494857319,1005.5340258200457,0.32958863800554367,0.43079828291286604,-0.0033119101477129265,-37.09359221704666,0,1,0
2020-03-25,1.417898278564994,3.4382732101650784,5.168849319322964,0.0,29.943205687408934,61.67820990952876,2.5099221990570264,1008.6587382496925,0.3757247628678131,-0.00962393591915722,0.4526497962593504,-23.51974897926061,0,0,0
2020-03-26,0.5949578399561282,3.499572879762764,5.268359070806811,0.0,29.95800744478276,59.58660410022717,1.4648865968067062,1007.9251573253528,-1.1884400857413335,-0.25194931260571635,0.4836904277960428,-22.28604551552756,0,1,0
2020-03-27,0.15676750263526204,2.1696236211563846,5.018543560168917,0.0,32.40223268437959,59.85677880824291,2.8116452591936194,1008.8744838358781,0.7692171571220056,1.9413342069850956,0.2836989341350802,-25.383211935627,0,1,0
2020-03-28,2.0905617404251764,2.8422870830165667,6.441589697325853,1.0,32.329613014481055,65.04008847121581,2.1712983552167775,1005.088548729713,-0.7201905269416653,-0.6536069205936635,0.43331989084359335,-7.7405495604985495,0,0,0
2020-03-29,0.6677197081762326,2.9150489512366713,6.9482800013578485,1.0,31.823430541368932,61.17389562498793,2.113450534849154,1008.1334716460198,0.5695721231465758,0.23834654157473173,0.30452028077646565,-1.4586970404900297,0,1,0
2020-03-30,1.9307611700327048,4.689042618634113,8.345383001032111,1.0,30.936491406245317,64.21392391491842,3.0832293101162227,1008.2431361770226,-0.009574808956373833,-0.600175256193706,0.05900821528321343,15.86232712235053,1,1,0
2020-03-31,0.6934396311532309,3.2919205093621686,7.552105870943701,1.0,31.218010414238595,53.553929791570376,2.214384298442303,1008.6374201047715,-1.2387487491701532,1.4284965988970448,-0.34439293389415904,6.027424225932902,0,1,0
2020-04-01,0.008427132627076927,2.6326279338130125,6.142634725005784,1.0,30.903122878604943,51.86555263772262,2.533703323798839,1008.4236447083167,-0.28457793412306914,0.709461063039363,0.1178093813341498,-11.624689012998413,0,1,0
2020-04-02,3.397403901260346,4.099270665040654,8.945080786310001,2.0,28.913175509386967,56.85638244900754,2.3480220383736086,1008.9428700334223,0.32882736785739086,-0.5426799030729152,-0.20927162556731166,20.049490409260436,0,0,0
2020-04-03,1.7533879476349274,5.159218981522351,10.541701231309666,2.0,31.44465184899337,56.610457203461536,2.7716272141608465,1011.5869378155137,0.5516688424271391,0.41007599474498274,-0.1711368102393531,37.71014243385624,0,1,0
2020-04-04,0.9399697713932705,6.090761620288544,9.39110926227776,1.0,32.09033410432788,63.87274992941164,3.092958715912518,1007.9217929972067,-0.12688910769997674,0.20615657702124432,0.03776345763390809,23.444008436759127,0,1,0
2020-04-05,0.04967712387121384,2.743034842899412,8.773066677972743,1.0,31.453549616924068,53.96326289963797,2.9685730366897403,1007.2087342136945,1.3786010015409476,-0.413299809579791,0.21710238179835284,15.366908154462406,0,1,0
2020-04-06,1.8474394954571471,2.8370863907216313,8.689745003397185,1.0,33.835706139461465,57.12132903719704,2.187190620820703,1005.7396235958688,0.9067596938879031,0.6065313737825386,-0.20153591869305484,13.504078009801004,0,1,0
2020-04-07,1.3770058726347763,3.274122491963137,9.37331124487873,1.0,29.95251029587261,59.292146895318794,3.1926199437184537,1007.9288184513507,-0.23098870475977756,0.31144431288352814,-0.10770209784888118,20.553651679829045,0,1,0
2020-04-08,4.144569610808995,7.3690149789009185,13.509453723060648,2.0,30.433352094983373,56.689155132291624,1.9173809446828307,1006.3265668711122,0.67510963092325,0.17255897110876184,-0.6607758237661031,68.6219172357342,0,1,0
2020-04-09,2.324067433131787,7.845642916575558,12.436117254932089,2.0,31.545123892591718,56.52759571572263,2.021702614528157,1010.5769918645464,1.7404141366693682,-0.033535768993863006,-0.2907881484368117,56.148115220209995,0,1,0
2020-04-10,0.7899479540230807,7.2585849979638635,11.472677261320243,2.0,31.700170832903986,58.32852868520964,2.3905113210677014,1008.6758280391088,1.7644361407047244,0.344843594079721,-0.41857192135407517,44.95147736152815,0,1,0
2020-04-11,1.2404253617315153,4.354440748886383,11.773132851658486,2.0,28.6972052235978,61.89090122328547,3.095272033880234,1010.539855507263,-1.1051998927402478,0.18351012919396759,-0.14646959045275254,48.44322823334126,0,1,0
2020-04-12,1.4245802491105044,3.4549535648651,13.148035976897779,2.0,32.202674498460425,62.4894866387409,1.7651009108887976,1011.4870732358615,-0.8338798000414356,0.04727466642001388,-0.6376719687676764,64.42169340620842,0,1,0
2020-04-13,0.2848544233612715,2.949860034203291,11.585450904801903,2.0,31.70654087401242,56.54642122015355,3.002082249038153,1007.2917143730979,1.3364269080604658,-0.5128127327900508,-0.6101969141760953,46.26207859714278,0,1,0
2020-04-14,1.187142759456429,2.896577431928205,11.395587791623555,2.0,28.391747177268254,53.85075762491379,2.4343435056641742,1008.223570965987,-0.9524529457538735,1.355012992609994,-0.3306176145909607,44.055580491318516,0,1,0
2020-04-15,0.7801917050772229,2.252188887894923,8.031209885891784,1.0,31.195504322195692,62.42375489641765,2.20695164840328,1011.2458547770182,-1.190287019962511,-0.8403359546788377,-0.6620264622901035,4.956392913471743,0,1,0
2020-04-16,2.620562862783,4.587897327316652,8.327705315542996,1.0,30.226939167920445,51.23526745950279,3.125875582363717,1009.1894101771301,-0.4375747176291422,0.342108975103796,-0.957953371729878,8.402120695763058,0,1,0
2020-04-17,2.681390981595187,6.08214554945541,10.219148343115101,2.0,30.724244728595274,64.89685204343292,1.9855892653421932,1009.7875364208476,0.3782040385271272,-0.25619259384114634,-0.08245920191882716,30.383565051897822,0,1,0
2020-04-18,1.8130190766522183,7.114972921030406,10.791742058035805,2.0,29.485556200085572,60.748682585051796,3.8385974548049173,1010.7081781628968,-0.09215703594998674,1.4076378155594398,-1.0274174201570276,37.037974780198304,0,1,0
2020-04-19,0.32250499440042457,4.81691505264783,9.689666803325725,2.0,31.94156144877758,61.875760425600404,2.361206689429591,1010.4625449108466,-0.5855072583650329,-0.7227860297790726,-0.8090077663538102,24.230184360637725,0,1,1
2020-04-20,3.999601229634862,6.135125300687505,13.404413609599317,3.0,33.8253842314329,58.835303503994254,2.5570967850935857,1009.5874657301752,-0.6067912155520581,-0.5882106094082656,-0.7387778382670146,67.4011913795734,0,1,0
2020-04-21,1.9272661532714888,6.249372377306775,14.144537003414374,3.0,31.729930302472976,47.51918551092433,3.392934772202115,1011.3622692075717,-0.6411033579714379,-0.7758544506094602,-0.7886156017175436,76.00255074417582,0,1,0
2020-04-22,1.3284024545535438,7.255269837459894,14.692747752890696,3.0,28.335759556165478,51.45823587150219,2.5727495697031486,1008.7259607787927,-0.7915586657930483,0.25877204076048826,-0.9303861919860323,82.37359333408504,0,1,0
2020-04-23,0.8054052432651846,4.061073851090217,12.87759013337288,2.0,31.7587317509005,56.783622080228,3.1805130896053866,1009.7837644511154,2.0534695895484556,-1.0984405276549134,-0.9538461913254743,61.2787014291139,0,1,0
2020-04-24,0.12081535079520242,2.2546230486139307,10.317014502572896,1.0,31.086402989555932,52.767361154776005,1.295296682073575,1008.530653226418,0.2677599640669994,-0.38282279580621303,-0.9882942107158832,31.520918652884415,0,1,1
2020-04-25,0.4330440750142014,1.3592646690745884,8.93703950093488,1.0,29.817479749978837,53.61061122267821,2.2016335384523824,1010.6858115385847,0.7980831489642647,-1.721892658283428,-1.2275815758958777,15.48351056330523,0,1,0
2020-04-26,2.8745217795762503,3.428381205385654,11.489056286110705,2.0,31.853970662582018,59.32403450970193,2.705232029608516,1007.5874421859941,-0.44016972130703136,0.19233708330247243,-0.427153155748489,45.14182653768147,0,1,0
2020-04-27,0.11415735102622583,3.4217232056166775,7.603612407502069,1.0,32.59056791801288,54.67869051334379,3.1160433411290063,1005.8196771257082,-0.16736100946744398,-0.4001718870050101,-1.032838808924444,-0.012940046089864746,0,1,0
2020-04-28,1.8326676716728016,4.8213468022752775,7.509013925903382,1.0,30.423006423984187,50.96779175954449,2.9290096975115065,1010.0276831516076,-0.6421985832333195,-1.1904453951454825,-0.8387241995710376,-1.1123182610951268,0,1,0
2020-04-29,1.9896710434151001,3.9364960661141275,8.170282514764938,1.0,29.057671363497935,58.78660061624745,2.8728110273146954,1007.0125691756961,-2.3865375014272816,0.868487522379247,-1.078687564830503,6.572628353013735,0,1,0
2020-04-30,0.1351042664819472,3.957442981569849,7.499981537981701,1.0,28.542556163274565,57.28101478107559,3.1038264679676772,1006.8341817444818,-1.2402083491630795,-1.0461335187079515,-1.087712398123506,-1.2172883445759437,0,1,0
2020-05-01,4.479363629827593,6.60413893972464,11.858529817014091,2.0,29.824415133010643,58.17702883787099,3.0391192853637583,1010.480132022097,-1.6295568119823554,0.6375549520225723,-1.1137969186707186,34.727126194484995,0,1,0
2020-05-02,7.441203687686696,12.055671583996237,18.866689429686588,3.0,30.538669407066358,61.33950328179079,1.4681970772450772,1009.9425613321764,-2.024805400156447,-0.5608326591902436,-1.3852265444375762,94.07536327945462,0,1,0
2020-05-03,7.140984448315396,19.061551765829684,23.133152098425732,3.0,30.03396647493762,59.75601629141051,3.6194294448272153,1007.5867568245108,-1.0758230768682926,1.2812571023163408,-1.0326707469783534,128.9156453831504,0,0,0
2020-05-04,5.506667418568713,20.088855554570806,28.52566216596822,4.0,29.79977933430276,64.56806165483044,2.251508493892843,1002.7214245109269,1.1924601114434679,0.599640431140917,-1.0859552085186346,173.82163479184865,0,0,0
2020-05-05,2.843489425495156,15.491141292379266,29.536483919790573,5.0,31.55143360200951,60.86240365530963,2.9422824977375024,1009.1630903906663,-0.03999255093391898,-0.8064382966992225,-0.679973117354582,179.5598306293997,0,0,0
2020-05-06,3.811901010903973,12.162057854967841,31.358713887279446,6.0,31.40433072863439,64.10901967427637,2.8627103500193227,1009.3957669106467,1.1615073860890568,-0.7336660417682451,-1.257678359404954,192.551182588373,0,0,0
2020-05-07,7.928055071655366,14.583445508054496,39.15166469245287,7.0,31.035805027894362,51.74918971357264,2.7825040647609134,1009.1335185427869,0.3698843192107878,0.484420164179448,-1.0854816269570193,258.91464696097984,0,0,0
2020-05-08,6.271188599122433,18.01114468168177,40.943489661747705,7.0,31.89945716211184,60.930400307894594,2.0904830826879808,1009.0507944236473,0.7043029431436433,-0.20990250456813345,-1.1455922765675046,274.931721998748,0,0,0
2020-05-09,3.6617182493184877,17.860961920096287,37.16400422337949,7.0,29.83754397011665,59.02282001427684,1.590891535018127,1007.8767576301695,-0.8108072957741176,-0.13547400561709244,-0.5372950821863391,241.1470036764447,0,0,0
2020-05-10,9.01891424948087,18.951821097921794,39.04193402454497,7.0,29.2239913349481,55.797664343808634,2.1526801493611796,1007.4644136812507,0.4715558587734037,1.0177910894176783,-1.0894546437133568,257.93376748226774,0,0,0
2020-05-11,1.188491033571651,13.86912353237101,34.72375763954791,6.0,30.025107120111773,64.83397862189301,3.2498505556656068,1006.2121667747289,0.6558428106669113,-0.5989510986959652,-0.703011440877416,219.33370532773947,0,0,0
2020-05-12,2.444304538385815,12.651709821438336,34.32457275243857,6.0,29.928550383675613,64.08903735614842,1.8861343757804985,1006.9479441237961,-0.5189825630103236,0.07303501774036358,-0.5699269111291583,215.7654023961816,0,0,0
2020-05-13,10.115590785332131,13.748386357289597,40.62826252686673,6.0,27.884569025564257,51.893168363615025,2.2259389113142007,1008.7819305279276,0.5035863335545497,0.7637022349218449,-0.8153719145924536,272.11391514827403,0,0,0
2020-05-14,8.403879665980936,20.963774989698884,41.10408712119229,6.0,29.992578168664334,62.101950868696775,3.0049354855987436,1008.8115266516434,0.5095689827173496,0.6472939907084803,-1.0870146316140492,276.36729835407203,0,0,0
2020-05-15,3.6900198282598375,22.209490279572904,38.522918350329704,6.0,32.30316504128521,61.72027458945473,2.137652688398384,1009.6249423283889,-0.4945973590170746,-0.127690134016538,-1.0455290010540192,253.29430037909674,0,0,0
2020-05-16,2.5065952174236963,14.60049471166447,37.36779531843491,6.0,31.8775690668951,57.942582927758615,2.4282785794704593,1005.6716818803661,-1.0104915890438955,-0.2311247046821266,-0.4490543808307166,242.96868677466387,0,0,0
2020-05-17,2.487942569505899,8.684557615189433,30.836823638459936,6.0,31.491631663768604,56.27478931627908,2.8032004029610587,1005.2166519795782,-1.0657154987084452,-1.3910523700167454,-0.936599920933718,184.58850720340502,0,0,0
2020-05-18,7.1216477084219365,12.116185495351532,36.76998031331023,7.0,30.940639524561863,54.397745968013496,2.923693136797098,1007.5197889376857,0.07785498772931561,-0.8449959941321566,-0.47898321602356453,237.62483457934928,0,0,0
2020-05-19,6.6109656173861655,16.220555895314,40.93664139231058,7.0,32.784832200628934,59.35197564515353,2.125771924411919,1006.3673523782306,0.29430888191038335,0.2546873812597869,-0.5021606689458631,274.87050550308965,0,0,0
2020-05-20,2.262122410800923,15.994735736609023,33.083173017779366,7.0,29.27213921121495,60.27609172006095,2.8386732432677095,1008.5380355617104,-0.7132732474121231,-0.11030575115378896,-0.3885852132715306,204.66856367441343,0,0,0
2020-05-21,8.992267491174921,17.86535551936201,33.67156084297335,7.0,29.40561629328208,64.35648560478052,2.9934203450372245,1005.8454802284605,0.023926807193488775,0.05994166285298111,-0.3156025692478335,209.92814656277451,0,0,0
2020-05-22,3.4570459178070285,14.71143581978287,33.438586932520536,7.0,32.33038764719404,61.494503141735024,1.9901871788997716,1010.3276759966944,0.5134833325246368,0.8314028877072485,-0.6162092890932986,207.845599065385,0,0,0
2020-05-23,1.2174936828498137,13.666807091831762,32.149485397946655,6.0,30.795021119604286,56.28090917567579,2.8830132789525003,1006.723549494841,0.5563716431987707,-0.9498584872498196,-0.5747853078291709,196.32235524168848,0,0,0
2020-05-24,2.2169783773402116,6.891517977997053,31.87852120578097,6.0,29.816724634168242,62.664846941434995,2.324157555472202,1011.0700717743714,1.3966921081102397,-0.18894424178612,-0.09926210592417264,193.90021364145505,0,0,0
2020-05-25,4.212852010044519,7.647324070234542,28.969725507403552,6.0,31.52906874148915,59.98741602062454,2.828456601730649,1009.1470014709537,1.1492827489782391,0.1509687707289742,-0.3815628832903363,167.89856740433189,0,0,0
2020-05-26,9.027045930665116,15.456876318049844,31.385805820682506,6.0,30.142520517666913,56.074938014258414,3.18795489512329,1006.3038404500128,-0.9011622894808897,-0.5633279500596128,-0.8573048150199388,189.49584411283377,0,0,0
2020-05-27,7.506051175297738,20.74594911600737,36.62973458517932,6.0,29.583838570368265,55.71798595809598,2.648352080948602,1011.9737991676692,1.5152275885842204,1.1451816911419337,0.047404010687779,236.3711818009291,0,0,0
2020-05-28,4.921569514731926,21.45466662069478,32.55903660873632,6.0,29.54488172601617,63.660435560171045,3.302156742906437,1008.6810723063438,-0.4778788541001433,0.7268694412905181,-0.318513074558812,199.98332246082958,0,0,0
2020-05-29,5.182783550198778,17.61040424022844,34.284774241128076,6.0,31.206543369466516,64.02523528365215,3.228595883863214,1008.5022730711361,0.9403855312089848,0.2321066616710044,0.11285671170729394,215.40964457777005,0,0,0
2020-05-30,4.697676997136742,14.802030062067445,37.764957555415,7.0,31.04451595931302,65.18410806304345,3.2988055504746994,1008.0858764457607,0.061187963445979966,1.4353854234628693,0.39981081738151414,246.51890929130934,0,1,0
2020-05-31,1.9657050501916318,11.846165597527149,37.51368422826642,6.0,32.87981973734843,59.322450540908065,2.9959734572298027,1009.0430541195188,-0.37093444061127084,-1.1991162236881139,0.11116934736363183,244.27278380199192,0,0,0
2020-06-01,17.6044568682815,24.26783891560987,50.9052890865034,6.0,28.841881547375024,73.72501817912487,4.132837994922152,1007.5329069141692,-1.6269271737974396,-0.006181024884545418,0.4109634725994777,225.44857344266114,1,0,0
2020-06-02,1.126076275385346,20.69623819385847,43.004319431223635,5.0,28.817997264300054,67.14937040372918,3.703435042776656,1005.0301967001612,-0.15440805919471337,0.29306957514724885,0.25501477711162274,175.45559977109664,1,0,0
2020-06-03,57.373173066789924,76.10370621045676,92.87144132271581,5.0,31.26349343535481,69.73520328083686,2.4720216408525335,1006.2027572025639,-1.403444911775048,-0.7316440374351377,0.6672977916101032,452.73462212003557,1,0,1
2020-06-04,15.448814786257474,73.94806412843273,103.39868659424137,5.0,30.627912003205758,72.29310461538394,2.9971354666026633,1006.7954115374692,0.8705693122584951,0.24057163345418267,0.05795430686858882,507.14251267482996,1,0,0
2020-06-05,15.54518831282695,88.36717616587434,113.76109135686954,5.0,29.450864117884965,73.99637672498909,3.345623620697936,1007.6360826498956,1.3651133914253233,-0.8852659950303026,0.3734698217925026,560.616536783159,1,0,1
2020-06-06,8.262285518752279,39.256288617836695,117.32569987848507,5.0,27.062588681003295,66.98476277974461,3.420044031028776,1007.6665905122336,-0.7172198903670213,0.5524458546194025,0.5946977257131796,575.5791909505987,1,0,1
2020-06-07,18.670589475163688,42.47806330674291,134.03058430345715,6.0,28.111409797420603,68.85404221507982,3.6870211162060276,1006.8833250430315,0.27177366826734406,0.8462678145031254,0.4283724092284963,664.98509238491,1,0,0
2020-06-08,23.835517885514957,50.76839287943092,140.26164532069058,6.0,27.7722737762743,72.58204230428754,2.988206735562492,1005.596568493398,-0.6528523698071779,0.21786672090266268,0.8121294397605427,700.2857526946669,1,0,0
2020-06-09,10.889284198474357,53.395391559153,150.0248532437796,7.0,29.299038980276247,77.003732604219,4.677603083388161,1005.5042843746431,-0.5656362571231107,-1.4822382520519568,0.4625470493434827,755.5969886901562,1,0,0
2020-06-10,10.671177193351955,45.39597927734126,103.32285737034164,7.0,28.536328932258968,71.59243263885436,3.41090287497152,1004.4424706881041,0.6970452334788342,-0.7734348169328277,1.1326214404400452,491.01744315910037,1,0,0
2020-06-11,3.326983484183944,24.88744487601025,91.20102606826809,7.0,31.49207334259635,75.54721924815817,3.4677651830238063,1007.6538319094032,-0.03468443565907126,0.4517680025705286,1.1886512271034964,422.3439623597314,1,0,0
2020-06-12,49.36431220171307,63.36247287924896,125.02014995715422,7.0,27.047994393333518,74.91839159278298,3.069928396377884,1005.4783910441132,1.5656832377379104,0.01695891480989264,0.7694123924110162,613.9385240360368,1,1,1
2020-06-13,5.885988912098325,58.57728459799533,122.64385335050025,7.0,27.62213088893933,73.20372450644638,2.8703518045505474,1006.2419917179574,-0.43400923083262893,-2.1552020941539904,0.8756807040484589,600.4761555766819,1,0,0
2020-06-14,8.083097539346506,63.33339865315789,112.05636141468308,7.0,29.59048679144892,75.76489155301698,3.3965959583172123,1007.0150888460779,0.8994026992270403,0.9942643070945923,1.0718085404640485,540.4951258090559,0,1,0
2020-06-15,52.52497155136301,66.49405800280783,140.74581508053114,7.0,29.97801696228697,67.91128199897416,3.4889082951722017,1006.5942313163282,0.08767207166200379,0.10932520500306589,0.5110636672040159,703.028706451197,1,0,1
2020-06-16,19.448860470871864,80.05692956158137,149.30539135292867,7.0,25.62601576936295,70.66849771886588,3.4202354027613002,1006.5770494434066,0.7162002087698098,-0.6552597312000361,0.5113425855578231,751.5210408307946,1,1,1
2020-06-17,33.90266116894543,105.87649319118029,172.53687532852211,7.0,26.818432269785788,80.7065719606068,4.465471426480981,1004.9582183587563,-0.40244189159695204,0.7959644780533314,1.182336992604835,883.1337344067114,1,0,1
2020-06-18,2.6737343107965312,56.02525595061382,171.8836261551347,7.0,28.87896132222027,80.43969970032552,3.39659224983181,1007.0711024186152,-0.04460295379642444,-0.5420320103255192,0.9629400172463811,879.4328996526303,1,0,0
2020-06-19,17.30022812840518,53.876623608147135,139.81954208182682,7.0,31.146467576696082,77.53814129571144,3.420820295995887,1006.0240582301482,-0.10394899136904127,-0.5507616940833717,0.8612673061538807,697.7811172539596,1,0,0
2020-06-20,3.2771818935377754,23.251144332739482,137.21073506326627,7.0,31.890871731920885,78.76809102297288,3.961555147745032,1006.4316290080961,-0.7524514033612084,0.28668212081122896,0.9412928855756653,683.0015138892658,1,0,0
2020-06-21,6.063235076606071,26.640645098549022,135.19087260052584,7.0,28.667710006388894,65.60895721694844,3.3697383633009883,1008.6714930974372,0.5958733811235775,1.4248307673938359,0.3597242367553446,671.5584420797576,1,0,0
2020-06-22,76.60371630389328,85.94413327403711,159.2696173530561,7.0,29.009100724228546,70.52692148019955,3.795981301897029,1007.496722562598,0.5852241050205278,1.298869742378309,0.9233659888618838,807.9710990644273,1,0,1
2020-06-23,4.379061067180768,87.04601244768013,144.199817949365,7.0,28.07639443241863,72.75518547599265,2.704951017652492,1005.5596997237197,0.53419922541501,0.2877691991232853,0.7945206821943869,722.5965748518447,1,0,1
2020-06-24,23.837341348400958,104.820118719475,134.13449812882055,7.0,30.1344954524577,84.72846669509183,2.709691147998916,1006.3191047474568,1.3832690885258803,0.3699085270802558,1.2210435760866203,665.5737925501782,1,0,1
2020-06-25,4.699165497120577,32.9155679127023,136.15992931514458,7.0,31.387947910908633,73.87587211515996,3.5456129993318606,1009.4661362416427,1.3044103211126732,0.6331991456678601,1.2459671855866485,677.0484126977686,1,0,0
2020-06-26,5.832666624207134,34.36917346972867,124.69236781094654,7.0,31.0064355249492,77.85287314095073,3.3334073093153984,1006.0338613999875,-0.33745022086422183,-1.0055869402954793,1.1439863572955704,612.0815487686019,1,0,0
2020-06-27,110.27949639371492,120.81132851504263,231.6946823111237,7.0,29.207405634899548,76.27228493615382,2.9869629917206773,1006.6589360512364,0.3357470865907604,0.515318669721586,1.0982027095661264,1218.2788474440065,1,0,1
2020-06-28,14.10831687022181,130.22047988814387,239.7397641047394,7.0,28.074062105427814,74.99138270545713,3.5454889010734982,1007.7826118371019,-0.5612406203323914,-0.5872587745148226,0.6214395253252712,1263.8564302625955,1,0,1
2020-06-29,2.6101199937421096,126.99793325767884,165.74616779458827,7.0,29.25948229865088,74.76117394174419,3.597837917163496,1006.9744944917446,0.021019784503099912,0.2547824534372646,1.136802554669565,844.6625239250112,1,0,1
2020-06-30,31.173488541493796,47.89192540545771,192.54059526890128,7.0,31.181107878824136,70.05517053232776,3.0464397343555993,1005.9160771999537,-0.5397745042069783,-0.18197410208586987,1.1368047216052517,996.4602642856246,0,0,0
2020-07-01,64.65863561340676,98.44224414864266,233.36188953390706,7.0,27.020292018453517,75.51701618016243,3.954905383386594,1003.4629315123698,1.458063278222446,0.4009666616913715,1.2780446166785433,869.8699892201466,1,0,1
2020-07-02,54.530879339005594,150.36300349390615,283.19360337579207,7.0,25.039415315051926,91.95544798645585,4.396152807694886,1004.7829104293146,0.32732833530866656,0.09448277200516808,1.480607106361924,1066.723531908165,1,1,1
2020-07-03,16.492342633669814,135.68185758608217,293.8532793852547,7.0,27.077003001494326,81.93378936215696,3.6535358072373736,1005.9855233442894,-0.1962262152939799,-2.45842421665704,0.5092880859115955,1105.5975729254958,1,0,1
2020-07-04,19.673966372286824,90.69718834496223,203.24774936382667,7.0,27.190379901255106,77.69262132273167,3.9037631575641427,1007.1787088963896,1.0742567146707394,0.1431133693641445,0.8138055240831092,736.0724682619662,1,0,1
2020-07-05,20.44522092215631,56.611529928112944,209.58465341576118,7.0,25.031198530361486,86.63101381228658,4.586543962364351,1002.1634511678433,-1.9535538688158705,0.5137223618394102,0.7010437743466932,757.5129164034857,1,0,0
2020-07-06,8.978928342951232,49.098115637394365,215.95346176497029,7.0,27.905868220936426,87.05843589286599,4.251881260033743,1007.9741003139281,-1.8126923353787607,0.356742678670763,0.9026871856726897,779.0820334951926,1,1,0
2020-07-07,32.11535597393371,61.53950523904125,216.8953291974102,7.0,28.28942248469634,88.28115085379743,3.9798611716556236,1004.2819522295313,0.7162547896977965,-0.08206875696686372,0.8332085261855355,778.7644817009157,1,0,0
2020-07-08,23.91842790879835,65.01271222568329,176.15512149280178,7.0,30.184865616884416,89.43710956160717,3.7243412866399184,1006.4657765272945,0.054421603305631255,1.3137293535443249,0.7390745848022247,614.4606040556423,1,0,0
2020-07-09,5.09397820792011,61.12776209065217,126.71822036171632,7.0,25.715688216558423,82.00004520197534,3.6582560669657123,1003.4735250254585,0.22540167023468458,0.24909850329732888,1.0197721546742746,415.0832564118173,1,0,0
2020-07-10,29.792742103576867,58.80514822029534,140.01861983162337,7.0,28.60374595994305,80.75273231070442,4.1871295891468705,1001.9015775597486,-1.193756492986694,0.35013864015448504,0.45043953798786396,468.7233169383048,1,0,0
2020-07-11,13.163478956299004,48.05019926779599,133.50813241563554,7.0,28.934586567785008,82.91723527971979,5.48167039197105,1002.4377854182821,-0.02091033976532958,0.835593515240455,0.426195224360624,442.4667417248565,1,0,0
2020-07-12,25.18230643057297,68.13852749044885,138.2452179240522,7.0,28.308485259448215,87.38557994594292,4.605654863473889,1004.2053663749653,1.803158469361208,0.29007439975727906,0.3889835669256577,461.5712471170086,1,0,0
2020-07-13,24.799559818444802,63.14534520531679,154.06584939954578,7.0,26.171493670157005,75.99483414089403,3.4664643322922997,1005.7444561990625,0.7417796578162766,-0.7184142027313629,0.5115319294941766,525.3753179520826,1,0,0
2020-07-14,13.175631326605096,63.15749757562288,135.12612475221718,7.0,26.090118603099263,84.26234528366605,4.6905125784685255,1004.8572349469928,0.1527358906285309,-1.950669931023698,0.2491838587571591,448.9920500106713,1,0,0
2020-07-15,26.05431433834492,64.02950548339483,137.26201118176374,7.0,27.71709140933612,88.09802133094732,3.8108509132905852,1004.3506661892488,-0.39514851909444393,-0.38169672161446516,0.4971894962466011,457.6060076303504,1,0,0
2020-07-16,31.03768988216432,70.26763554711434,163.20572285600795,7.0,27.70726467992359,87.73845899623073,4.263268452065172,1006.8135304977911,-0.3551155666824545,0.6087564207048932,0.4193891663000139,562.2361179993532,1,0,0
2020-07-17,72.89160952033927,129.9836137408485,206.30459027277035,7.0,26.79780860165859,86.49615799335902,3.9128665153388917,1004.8046630023445,-1.916278100280016,-0.2824770651342447,0.21414054464062515,736.0523903668741,1,0,1
2020-07-18,25.692711919971487,129.6220113224751,218.83382323644284,7.0,29.38930777508534,88.82343990922178,5.479835765753553,1005.3047009309633,0.23187637882904452,0.6409426978253836,0.5779510143325928,786.582362496091,1,0,1
2020-07-19,13.44605383825298,112.03037527856374,207.09757064412287,7.0,27.019963740649896,72.86849230313388,3.5857181310002035,1010.4009377037414,0.7609347976336686,0.11898254073621839,0.29226513471541404,739.2504533432458,1,0,1
2020-07-20,26.353706801264977,65.49247255948944,208.65171762694303,7.0,24.92983491437213,90.87914806012219,4.4543502317104275,1004.7866192124355,-1.4180573944535537,1.0304528562097477,0.5194852037699872,745.5182754800281,1,0,0
2020-07-21,107.90771216390769,147.70747280342565,303.3837984642456,7.0,27.26733683583201,84.82558208662084,3.854988595478401,1003.5485673212752,-0.5952752030761345,-0.23617336569652891,0.15096079196768297,1127.5695485572064,1,0,1
2020-07-22,10.89160824454951,145.15302720972215,288.2210923704502,7.0,28.253398643682768,88.81256076274387,4.709479725655104,1005.6668161058146,-1.0417181690100799,0.37409186125415045,0.13895815344948623,1066.4188685000602,1,0,1
2020-07-23,24.020629009684296,142.8199494181415,281.20403149797016,7.0,28.059761569024246,78.30089102997918,4.442255170066875,1006.1224486342278,-0.8688160753278872,0.4047080516282874,-0.050852541910177115,1038.1192996961686,1,0,1
2020-07-24,22.677923895226716,57.59016114946052,230.99034587285763,7.0,28.048927578134705,76.19285387855228,5.018914465720366,1005.3428587493399,0.048133464139710196,1.2012814981049544,0.03264038579950656,835.6092065006088,1,0,0
2020-07-25,24.132529149858097,70.83108205476911,229.43016310274425,7.0,29.67260057623813,90.66435267585369,4.6970535548226575,1005.0835309565192,-1.875961939489627,-1.3653098450674224,0.15691265736919965,829.3170422381282,1,0,0
2020-07-26,5.216434239894134,52.02688728497894,221.20054350438537,7.0,26.020309155755807,78.9718212758181,3.850062556705045,1007.4691042572185,0.5528433945213576,-0.36672661964252606,-0.17946067124479098,796.1272651667917,1,0,0
2020-07-27,18.310041628861438,47.65900501861367,213.15687833198186,7.0,26.987824268447838,81.87749061401567,6.015904424549207,1007.2441335065305,0.678469562940314,0.6788128843108031,-0.002269623944037902,763.6874359963421,1,0,0
2020-07-28,15.97189002581485,39.498365894570426,121.22105619388901,7.0,29.744091609353344,84.26163398758041,4.599438558219795,1004.5903064506329,-0.22599232923322124,1.2367171838229185,-0.3898979466710667,392.9133795330474,1,0,0
2020-07-29,44.62723930609126,78.90917096076754,154.95668725543078,7.0,24.826726114388784,86.09007934379332,3.9357857087320443,1003.6427983130326,-2.2326376589860875,0.19205721011366428,-0.05121103590754872,528.9680368487648,1,0,0
2020-07-30,68.63131882374202,129.2304481556481,199.5673770694885,7.0,27.505843730054906,86.3415528459903,4.389507113736883,1005.5736536420976,-0.8967767634021506,-0.23416333153718957,-0.43946905034999173,708.8814377333426,1,0,0
2020-07-31,30.650153814671945,143.90871194450523,207.5396069889337,7.0,29.30150551747063,83.68464784336,4.644683054090727,1003.6324684800671,1.1096117406924269,0.6056946949395559,-0.13418284744453765,741.0331709483982,1,0,1
2020-08-01,40.2676266257829,139.54909926419685,223.6747044648585,7.0,29.280638707446464,77.95082871792363,4.621859565390294,1006.3943795270318,-2.5001948526557154,0.6949621401853464,-0.3833978728993458,806.105472511039,1,0,1
2020-08-02,38.38952697485311,109.30730741530795,256.84779719981753,7.0,28.505178878123676,85.78130905300297,4.5637997365992184,1005.5643898216427,-0.31277107097416734,-0.2877293429338458,-0.06871270776881322,939.8914318109834,1,0,1
2020-08-03,34.44930087839623,113.10645447903224,272.9870564493523,7.0,28.54063097860515,84.05080474307354,4.846072170381974,1009.6071443936884,-1.0620007006205332,0.26424584974203696,-0.7863919099740497,1004.9805176656181,1,0,1
2020-08-04,22.54062868512187,95.3794565383712,279.5557951086593,7.0,26.123583583861592,73.58065384503072,4.78708548379073,1007.4530229364319,0.724113271426353,0.9444218099295756,-0.9143067530530125,1031.4720181701791,1,0,1
2020-08-05,66.4023571626327,123.39228672615079,301.33091296520075,7.0,29.50346387363964,86.93874471851903,3.757643178287492,1002.8593556280823,-0.6076025569291152,1.5123671946195616,-0.7450219762010019,1119.2903308786804,1,0,1
2020-08-06,17.15680695964324,106.09979280739779,249.85640110110197,7.0,25.90092956033867,70.72575283840476,5.531015340433494,1003.8672688975374,0.3635586186620504,0.5940839673882335,-0.9810020015048896,911.6953681703196,1,0,1
2020-08-07,5.049469300467381,88.60863342274331,224.25571658689742,7.0,25.984437729016058,84.70808363754759,5.44751556855928,1001.3559779225075,0.5089143772521838,0.0353111173324745,-1.022455680494377,808.4486747181085,1,0,1
2020-08-08,9.181912551780663,31.38818881189127,193.17000251289517,7.0,28.124039739768026,79.18707368513834,4.746761815173073,1000.953144272469,1.652603255757018,-0.04326014083032657,-0.5612186940153931,683.081042850265,1,0,0
2020-08-09,11.733750762553417,25.965132614801448,166.51422630059548,7.0,26.890795662134703,84.06041239145692,4.289400908559523,1005.005976885601,-0.1826477493078332,0.44591724575489833,-0.7552743304341433,575.5792003196474,1,0,0
2020-08-10,105.10883205202005,126.02449536635412,237.17375747421926,7.0,27.870391334794444,82.89372247949733,4.299714407655985,1002.6547978531094,0.3384399326603502,-0.09253827398356014,-0.9094458536430464,860.5466960329844,1,1,1
2020-08-11,77.19003037010464,194.0326131846781,291.8231591592021,7.0,28.1840898671311,80.68025495821239,4.071924241152366,1007.755222841367,-1.3365499312146925,0.1517123992179106,-0.9191260554291232,1080.9458818432504,1,0,1
2020-08-12,18.299072972386785,200.59793539451147,243.71987496895613,7.0,30.070369591264548,82.42586423736198,4.149552343052256,1006.8853363458682,1.0713722069643696,-0.8463010116246998,-1.0020170450269696,886.9469661471,1,0,1
2020-08-13,14.112233140319486,109.6013364828109,240.6753011496324,7.0,28.188230375931756,81.61124961324995,2.954112229090327,1004.3123985440162,-0.6844579632642283,1.0376457571929272,-0.46780642300083813,874.6683030651837,1,0,1
2020-08-14,48.303969628667204,80.71527574137346,283.9298014778322,7.0,26.715067930316938,83.2592394819158,5.1843409497768995,1004.2101261318181,-0.504678747678971,-0.9121477817189428,-1.0892496467091282,1049.1122376926469,1,0,1
2020-08-15,23.40995030583036,85.82615307481704,298.1578392318819,7.0,28.52809909759937,88.72242845083721,4.972655063006445,1007.4747598466516,-0.020023015364289666,-0.3456894083624101,-1.2580875560129767,1106.493431996408,1,0,1
2020-08-16,21.66207321741931,93.37599315191686,308.0861616867478,7.0,26.416560076023824,75.89195382031421,3.2601708025697067,1007.8873816506133,-1.4065959108058645,0.07807460868145105,-0.7478602038217657,1146.5340201464428,1,0,1
2020-08-17,29.2185508739175,74.29057439716715,232.19588050864525,7.0,28.859433690265238,67.83095286760745,4.800175626950818,1003.1224122901054,0.2058930260360442,1.592789503910911,-1.017208845219185,840.4710868506488,1,0,0
2020-08-18,14.850878452356291,65.73150254369308,169.8567285908969,7.0,27.67149504353574,80.29635995563886,4.261554113299993,1002.8909588733277,0.8707196456325097,-0.3381463878818619,-0.4670013075942454,589.0593988330342,0,0,0
2020-08-19,30.403248626319893,74.47267795259367,181.96090424483003,7.0,28.14177729875851,78.39381365460463,4.14675519443975,1004.2591244597268,0.2636404411475624,-0.5328126511683171,-1.1186572152589553,637.8751292303969,1,0,1
2020-08-20,5.879605094319153,51.13373217299532,173.7282761988297,7.0,25.08810038817823,79.65885009821108,4.561887783167597,1005.5772335941056,-1.4300078077608527,-0.44065353386703504,-0.7829749970420612,604.67321919163,1,0,0
2020-08-21,41.616307077771395,77.89916079841043,167.04061364793387,7.0,24.4299721228847,77.60025852658171,3.220510564426881,1003.8764795430297,-0.11142836489669362,1.32711773408905,-0.7282183800463885,577.7021026607005,1,1,1
2020-08-22,10.30014737498312,57.796059547073654,153.93081071708662,7.0,25.479022030759975,83.79050567462221,4.259433368716474,1005.6150740199259,0.6678260126815416,-2.249877594804817,-1.1303165178369086,524.8307115200039,1,0,0
2020-08-23,60.02439048643202,111.94084493918652,192.29312798609934,7.0,30.025095154116634,74.64163740221807,4.313871584108171,1008.3116260742354,-1.690189889369317,-0.8021904097188696,-1.1838420266653253,679.544637586808,0,1,1
2020-08-24,91.16521451514036,161.4897523765555,254.2397916273222,7.0,25.973599204152855,82.91011152272858,4.3144522567688615,1002.2702323695387,-0.9672894124359426,2.1850309673276413,-0.8078196770264711,929.3734336802819,0,1,1
2020-08-25,68.95161904774803,220.14122404932039,308.34053222271393,7.0,28.606249678923284,83.57686456136189,3.445689239005785,1003.9988719403217,0.788889243673368,0.47270565879330956,-0.8414232809897647,1147.5598879014865,0,0,1
2020-08-26,97.2030649118566,257.31989847474495,375.14034850825067,7.0,26.682345037663794,81.07556406197695,4.534332456654553,1002.304503076544,0.2430858907775579,-0.884787959471376,-1.3267439434374517,1416.9612842145461,0,0,1
2020-08-27,65.32605331493455,231.4807372745392,434.5867967288661,7.0,27.244973817231845,81.96978388741591,4.902071875666403,1003.295235862963,0.37077442391407844,-0.03353438573981723,-1.242139803318368,1656.7067962086157,0,1,1
2020-08-28,33.09034174548779,195.61945997227895,426.06083139658244,7.0,27.51840759904182,82.98084037739005,4.5105817564811135,1004.270670838596,1.6735453268609803,0.053963652854289335,-1.577115575171169,1622.3218668307293,0,0,1
2020-08-29,6.043288634861083,104.45968369528342,421.8039726564604,7.0,29.882305755074874,81.40524949669087,4.1286701313221865,1003.4921084278648,0.4216975006555823,0.6769001967244848,-0.7742287698979381,1605.1540997279833,0,1,1
2020-08-30,60.06825711454589,99.20188749489475,421.8478392845743,7.0,28.399323699246775,79.32619527395248,5.8796072397807615,1005.7370481438608,0.5920992093898614,1.471601602258051,-0.9657514254212153,1605.331012353235,0,0,1
2020-08-31,5.4797447251537035,71.59129047456067,336.1623694945876,7.0,28.120062352587272,82.7838585378718,3.7114380066739896,1005.0728098340575,2.4396709744964937,0.3108413450233724,-0.9152734036143185,1259.7644151863967,1,0,0
2020-09-01,101.17677151156161,166.7247733512612,368.3875219584012,7.0,31.063384297572803,71.24140778340607,3.9364486409409607,1007.1253841586556,-0.19242410228144163,-0.4318306424103686,-1.269338886504401,1957.9889861534134,0,0,1
2020-09-02,2.150566953031478,108.80708318974678,273.3350239995761,7.0,28.361530883350916,72.84668013419932,3.618342084066923,1006.0350938101797,-0.7180944872566456,0.6296675536785634,-1.0901335999579285,1425.2726716727072,0,0,1
2020-09-03,23.947685340445844,127.27502380503893,231.9566560250874,7.0,30.743686660349137,62.909440939293624,4.6797656304625725,1006.200855436542,0.38501675842241945,-0.5586021574902889,-0.9017112281454339,1196.634944251007,0,0,1
2020-09-04,13.33166748717579,39.4299197806531,212.19798176677537,7.0,30.509830125839354,68.99290710308512,3.704427750207334,1005.9559068278382,0.3950919264500054,-0.8266699967912235,-0.9145027453583091,1090.478678937439,0,0,0
2020-09-05,2.0053863979579236,39.28473922557954,208.16007952987223,7.0,30.493865601158074,66.05466941290351,3.8330710076555468,1006.1395658995995,-0.4740438527515874,-1.407927097565156,-0.6788589946478046,1073.3848752816905,0,0,0
2020-09-06,16.590873539073,31.9279274242067,164.68269595439932,7.0,29.03098310854102,72.9517442416809,3.775808049597064,1007.3413665736912,-0.9291573175993628,-1.2521027156003208,-0.522162045594531,832.8556519317219,0,0,0
2020-09-07,3.6816968458554475,22.277956782886356,162.88464807510107,7.0,28.635765638528728,74.77443745765704,2.837384343343867,1003.124866579513,2.07885997988107,-0.7171561248994176,-0.05827571076525351,828.4512341770995,0,0,0
2020-09-08,10.561641687055689,30.834212071984123,72.26951825059514,7.0,28.030253389379947,69.44963363586565,2.9510495886341865,1007.1054442012751,0.2941591233492206,-0.9422318141606969,-0.586402275490059,315.0918066233558,0,0,0
2020-09-09,14.957112431828724,29.200450964739844,85.0760637293924,7.0,28.117951181663976,68.45503677073098,3.3069771346801007,1005.0234347990732,-0.6590568432618681,0.2505892218997739,-0.2564725402617602,387.6443800034182,0,0,0
2020-09-10,4.550578205551021,30.06933232443542,65.67895659449756,7.0,27.96418808113524,72.66341973609772,4.04680755114603,1005.9772060613406,0.8243372720516388,-0.9595214606592283,-0.6950897811303169,277.7544771334087,0,0,0
2020-09-11,6.511547283697061,26.019237921076794,58.85883639101883,7.0,29.761593359173634,69.33756576681888,3.612235903873279,1003.7763905962121,-0.09823063640520105,-2.5149330416197953,-0.8571020057713599,239.11663585583983,0,0,0
2020-09-12,5.205278243052121,16.26740373230019,62.05872823611303,7.0,28.928335654039028,76.52951407999493,3.3483369286445743,1005.9415407449026,-0.22759330168604816,-0.8351294196715726,-0.47585704708696164,257.2448959931133,0,0,0
2020-09-13,0.9234286653085368,12.640254192057705,46.391283362348574,6.0,29.851966769369156,77.26652295541112,4.295697741327709,1007.0873410731315,0.506045584723044,-0.3774877181771355,-0.7354317241623849,168.48454717275104,0,0,0
2020-09-14,17.61724401877509,23.745950927135734,60.326830535268215,6.0,29.931041320131055,75.31734452412329,2.2829200041712454,1007.4099016560613,-1.162694041408521,-0.48435959029757236,-0.279515887854158,247.43322310792038,0,0,0
2020-09-15,46.99898757012278,65.5396602542064,96.76417641833531,6.0,27.764348016613464,71.88240268526656,2.694885782561885,1004.4517530819089,0.31736448352545515,1.2156197434473475,-0.4246067952579926,453.860726553933,0,0,1
2020-09-16,3.8050744286508644,68.42130601754873,85.61213841515745,6.0,27.722330547664207,77.65643443164805,1.9744179836206783,1007.3230593258119,1.721659326958577,-0.49083404743132014,-0.663662064920662,390.6813893234222,0,0,0
2020-09-17,65.63762482724965,116.44168682602329,146.69918503685608,6.0,28.92788195617449,73.76079968504956,4.197364163604547,1008.6387468096528,0.4195598959775797,0.7047387705593584,0.31385138940449125,736.756171155089,0,0,1
2020-09-18,76.36331810545357,145.80601736135407,216.55095585861258,6.0,28.162837479557837,69.5984263598299,3.414342173914681,1005.6985077423234,-0.33859089340511805,-0.015186079744689369,-0.1992352510907224,1132.4855063347702,0,0,1
2020-09-19,9.345861982810131,151.34680491551333,220.6915395983706,6.0,28.01542949728033,68.26507958489273,4.052152927874184,1006.5887934206199,-0.4563947523854178,-0.03384378053807899,-0.4187394874328469,1155.9430426479353,0,0,1
2020-09-20,11.493438831920097,97.20261892018378,231.26154976498216,7.0,31.62196830532195,69.87615192522081,3.4068228608390836,1002.8637659944021,-0.36930597601059845,-0.6683042310784296,0.2707472503224612,1215.8250334245074,0,0,0
2020-09-21,9.436721689376064,30.27602250410628,223.08102743558314,7.0,27.101309811988752,71.78642882801746,4.086288061774685,1004.9724885133655,-0.22856641024300295,-0.047026121264613724,-0.08055289274457181,1169.4801430265777,0,0,0
2020-09-22,3.7921255843767936,24.72228610567294,179.87416544983716,7.0,32.08029669080634,74.9387000632488,3.3963264709540684,1007.0740862044751,-0.3400258794824448,-0.6120769015179336,0.42922509975224227,924.7014843373128,0,0,0
2020-09-23,10.196856712976832,23.425703986729673,186.26594773416312,7.0,29.652433429319853,66.422498376615,3.7183247157172405,1008.306991141089,0.8246802969671101,0.13601945140365643,0.02793443413581831,960.9126744651048,0,0,0
2020-09-24,12.662112038596785,26.651094335950397,133.29043494551024,7.0,30.628740088842225,70.54260154230286,3.6304859551452697,1005.5084497901216,-1.5598881928880848,-0.18899970609895056,0.1300060813417561,660.7919443815273,0,0,0
2020-09-25,12.794642343070233,35.653611094643836,69.7217591831269,7.0,30.463672436879452,73.87611289310702,3.6750022345912887,1011.3920447426806,0.7758000453709206,-0.7557023465532802,0.4045675152393259,300.6580565536556,0,0,0
2020-09-26,19.519571364904206,44.976325746571206,79.89546856522098,7.0,30.11174934078958,75.88482307182817,4.483220192783213,1007.1521511658812,-0.341717872628305,0.7935154717604762,0.5188111783862068,358.29489528693216,0,0,0
2020-09-27,3.4626425221629056,35.77685623013733,71.8646722554638,7.0,31.57457101141759,73.44367596317386,2.4977231527141064,1004.2951074371609,0.339253007125835,0.3414723840171403,0.613630768909609,312.7982436310547,0,0,0
2020-09-28,28.735081374371944,51.717295261439034,91.16303194045966,7.0,27.732623128749633,74.1132661584088,3.4313478471348753,1008.9040786937577,-1.0142891191807775,-0.35845018731379863,0.44877742955053024,422.1287152620347,0,0,0
2020-09-29,9.914968488015132,42.11269238454996,97.285874844098,7.0,29.029076763727357,68.68823989144734,3.5911701891653265,1004.331852177753,1.1957679601644926,0.11639443762824803,0.6516157880761606,456.8162904396099,0,0,0
2020-09-30,3.760108742884327,42.410158605271384,90.8491268740055,7.0,28.054020815116083,70.24743007008162,3.501350069076698,1007.1783184592346,1.1210714641546857,-0.06705801720157092,0.7525147886290354,420.35035743665594,0,0,0
2020-10-01,3.0521674584879506,16.72724468938739,81.23918229389668,7.0,28.38186292058476,63.36693044309456,2.51537636098697,1006.5306242271815,0.8636314731750663,-0.6940727498106192,0.6611491543059252,585.6034923886308,0,0,0
2020-10-02,7.172424685349514,13.984700886721775,75.61696463617595,7.0,29.83063669804858,65.54559995579957,2.433277722672877,1005.7598761311884,-1.3632792982141855,0.056396983216931075,0.6183562354294224,543.6016969004226,0,0,0
2020-10-03,14.376096759337441,24.600688903174888,70.47349003060918,7.0,33.37794115354344,63.71695021842899,3.672116286565551,1009.935132081211,0.7462089639594476,-0.4968094038458996,0.3336928572942023,505.8793726337688,0,0,0
2020-10-04,13.67224690582248,35.22076835050942,80.68309441426877,7.0,30.513520887645292,60.77136086741224,2.7116748401884236,1007.7356596058294,0.364369578872138,-0.7559470684960794,0.8836614028777612,605.3978070601909,0,0,0
2020-10-05,3.092200072922696,31.1405437380826,55.040213112819515,7.0,33.53329626269708,62.96375222236385,4.216875413657427,1011.3094678382407,-1.444744122419311,-1.29821386421322,0.7809981160362351,384.43183963407506,0,1,0
2020-10-06,4.124552292830693,20.888999271575848,49.249796917635074,7.0,33.67653229285058,69.75800882972923,3.0710724851439126,1006.3709776816099,-0.021867645393733943,-0.2868858828309046,0.701260220702383,340.92652195928883,0,0,0
2020-10-07,1.9981534247326196,9.21490579048599,47.48784159948337,6.0,34.949556773204606,67.02411877309802,2.580314153853592,1005.3959048770789,0.3280810401299363,0.45357652766697876,1.1558323744982955,333.43150733298603,0,0,0
2020-10-08,5.831308955394648,11.954014672957943,50.266983096390064,6.0,33.42406449076772,62.578818198121,3.085714797597784,1007.3398602683899,0.5004677464408357,-0.5557274827030877,0.5085781860322341,358.27417816263085,0,0,0
2020-10-09,3.7612812969817755,11.590743677109025,46.85583970802232,6.0,34.05775887549742,61.11170976343893,2.819467215581631,1013.4061739795517,0.15953523025397015,2.0165669537263757,1.303020761540592,327.78205948344146,0,0,0
2020-10-10,4.315832590094275,13.908422842470682,36.79557553877916,6.0,31.211608821508108,61.37943553049793,3.5593070534826374,1009.704306233293,0.26210827516264174,0.708548522922186,0.9101660370368806,237.8536296089809,0,0,0
2020-10-11,11.56597209050653,19.643085977582565,34.689300723463205,6.0,31.076033791191435,64.52389375933967,2.0534741016847144,1009.2002655647581,1.326250253027786,1.0434641061283825,1.0160109615749358,219.0256958848774,0,0,0
2020-10-12,1.0598396914976578,16.941644372098448,32.65694034203817,5.0,31.169149369731585,65.2009866866547,1.673395903270256,1009.259748718313,1.1034305189196119,0.6361944096590069,0.8558773543154503,200.85848129031638,0,0,0
2020-10-13,24.195987459560072,36.82179924156424,52.72837550876755,5.0,30.756461350484603,65.6020873463687,2.970696099609002,1007.3305399450412,-2.580349458404469,1.4822919799508583,0.5529314637985729,380.2764985019654,0,0,0
2020-10-14,7.448578320274705,32.704405471332414,58.178800404309634,6.0,30.965902653264653,65.87661323329705,3.2555250321555675,1013.1160886326898,-0.28569469935391384,-0.6296015867780338,0.946866395710301,428.9976995319822,0,0,0
2020-10-15,12.430734472287034,44.07530025212179,64.77822592120202,6.0,31.80942985524488,63.16279671712269,2.9256507630897612,1009.027811903088,-0.14818592478955617,-2.0485899085268975,1.0744949038925518,487.98978610382335,0,0,0
2020-10-16,12.172996501457927,32.05230929401965,73.18994112567817,6.0,30.10422926661494,62.82770426038278,3.157592600700458,1008.8590274504859,-1.5768887154542741,-0.35690048668230645,1.1658475805948225,563.1818812778585,0,0,0
2020-10-17,12.071091794492293,36.674822768237235,80.94520033007619,6.0,28.827700331097898,72.52093477638688,3.0693696109511546,1009.9760114491565,0.08476475240908095,0.44657486043803013,0.9501897363048659,632.5059339854564,0,0,0
2020-10-18,4.264832199267675,28.50892049521788,73.64406043883733,6.0,31.26544058063163,60.86009861445357,1.8658673761212008,1005.9114203374676,1.1238819951694559,0.12121357739838277,0.45138519827962675,567.2412415611525,0,0,0
2020-10-19,1.6954425660591046,18.031366559819055,74.27966331339879,6.0,29.78644749597535,58.31779712454911,2.9228513156029137,1006.6204336855475,-0.9779110736315313,0.22037808877422696,0.6108427997098642,572.9228785014383,0,0,0
2020-10-20,2.9541561682579065,8.914430933584669,53.037832022096616,6.0,29.931391367570217,59.1599523419111,3.5441758914618617,1007.7613331377456,0.3027608448208851,1.056728002135898,1.5029269390619242,383.04272192214046,0,0,0
2020-10-21,2.406537398369511,7.056136132686504,47.99579110019142,6.0,30.556519741590254,62.31324287114168,2.857167666205792,1009.9876489332125,-0.824241129566794,0.3056460595699997,0.7073974052777952,337.97205420986074,0,0,0
2020-10-22,0.28626116891998754,5.6469547355473875,35.851317796824375,5.0,30.23537375668267,69.02963414086453,1.9681325763461144,1005.8667627171036,-0.6047208213117091,0.6391303420728173,1.3248775806924638,229.41293513990257,0,0,0
2020-10-23,8.841121463750051,11.533920031039532,32.5194427591165,5.0,32.31043375355346,61.45168941211572,2.5537932224620943,1008.082020185766,1.3296542707530317,-0.7516501934822072,0.7191901052057792,199.62939410774698,0,0,0
2020-10-24,4.580873221978966,13.708255854648986,25.029224186603173,5.0,30.52293610869741,70.08944975745148,3.08816153114694,1007.8273290033733,-0.4883020381006425,-0.8763149513728294,0.8887546732849583,132.67453245491214,0,0,0
2020-10-25,2.076955621854803,15.498950307583803,22.8413476091903,5.0,32.3810037570575,64.60198988733447,3.831485662997835,1005.3693636863061,0.41599124010956223,1.2912911384195902,1.069444464569065,113.11716278191975,0,0,0
2020-10-26,31.43663169373745,38.0944605375712,52.58253673686865,6.0,31.044797012549108,68.10586197606206,1.5802998446126388,1007.2871811898199,-1.6840963044548884,0.0807212281176543,0.6840499210436202,378.97284965626386,0,0,0
2020-10-27,24.45880104606164,57.97238836165387,74.08718161467237,6.0,30.632433661320153,62.077532936598516,2.9708467647802905,1009.1793119527438,1.6760858052553922,-0.4985833467569079,1.2603650240970925,571.2022897917545,0,0,0
2020-10-28,0.842797226629986,56.73822996642906,72.52344144293285,5.0,30.977882944831606,61.11812616268197,2.194782959340932,1005.5333727777876,0.5423872016758491,-0.4971155948376946,0.8517952671580352,557.2240586031461,0,0,0
2020-10-29,3.940560604833538,29.242158877525146,76.17774087884641,6.0,28.948092454401067,64.61183252584091,3.0587437511222535,1010.7436604087084,-0.1642498583852355,-0.5192984973106061,0.9160579224219904,589.8897426283755,0,0,0
2020-10-30,3.2115084851748663,7.994866316638372,70.54812790027123,6.0,31.229682329289066,65.63635952995027,3.1068062487061288,1009.0457398338108,0.5179918589999053,-0.5671672168366734,0.6994543832418559,539.5667841605524,0,1,0
2020-10-31,1.8598696290158176,9.011938719024204,67.82712430730807,5.0,31.94523927887104,63.47713204365816,2.6142191633413656,1008.8260701124289,-1.2688374860530294,-1.026518242082928,0.8941824429823735,515.2438064850716,0,0,0
2020-11-01,1.6858272749152283,6.757205389105895,67.4359959603685,4.0,32.746087896219294,61.8232860302088,2.846151283929741,1008.8635570745614,1.0642776675773915,-1.200336321776407,1.0850958206864854,669.6078537740257,0,0,0
2020-11-02,0.04722356181101127,3.5929204657420395,36.04658782844206,3.0,29.465853579105566,61.83548125686354,3.15112919244549,1006.882638982719,-0.29158629794678714,-0.15600350212353534,0.6163411069172631,309.1022784425287,0,0,0
2020-11-03,3.808578695495025,5.541629532221247,15.396365477875444,3.0,29.232325015494414,54.854543635770426,2.3684487393008276,1007.6793642035751,-0.18366256354359123,-0.4743406962563196,1.0383526716377787,73.40237330146302,0,1,0
2020-11-04,1.1703985020351029,5.026200759341122,15.72396675328056,3.0,30.60735136352141,57.596729249439676,1.6648956022559709,1009.5001570176642,-0.442490053468936,0.8857274283546362,0.4079177481707138,81.4966803175636,0,1,0
2020-11-05,4.882511794894094,9.861488992424203,16.665917943341114,3.0,33.29742459982461,57.62846072409408,3.322535455201604,1007.6758391661908,-0.5225862624710262,0.23446132261353325,0.7050024658254628,96.73066760282308,0,1,0
2020-11-06,0.8658681004089237,6.918778397338103,14.320277558575174,2.0,31.668262849646926,57.529778171490506,2.964408677979547,1009.1885668663883,0.6252035504655677,0.21225414406238652,0.587832850481814,73.75784124669671,0,1,0
2020-11-07,0.6074100744785587,6.355789969781558,13.067818004037916,2.0,30.274323962987097,59.93956567067766,2.805445621542346,1007.2308321596106,0.2303161650938006,-0.5944963260435605,0.14854803233392677,63.48943857163144,0,1,0
2020-11-08,2.1557293353630147,3.62900751025048,13.537720064485702,3.0,29.32478204493205,56.96653339823741,2.0526117730837092,1009.6613923776579,0.5865733272627359,-0.09682273262398056,0.4180025859188068,68.95041510859052,0,0,0
2020-11-09,4.4133847375560515,7.176524147397608,17.90388124023074,4.0,30.40131227239952,50.705682600984225,3.058453287131428,1009.7957636106439,-0.007915220537014307,0.28880088290515227,0.31412338802484835,119.6918477267066,0,1,0
2020-11-10,3.6323717342165622,10.201485807135612,17.72767427895228,4.0,30.306725718716272,57.108990113767376,3.692647148528023,1005.918978953632,0.461879829969463,0.5729565917701404,0.045752018134093575,117.6440548732904,0,1,0
2020-11-11,0.10081541846300364,8.1465718902356,16.65809119538018,4.0,32.66876210473794,54.41935929519866,2.394405564405707,1008.9699738999531,-0.3769638695325345,-0.07511346121469242,0.294519497784986,105.2138728941999,0,1,0
2020-11-12,2.311839812960466,6.045026965640015,14.087419213446552,4.0,32.776459247776444,60.39333132845238,2.5238873824292676,1006.1098162640487,2.006758657268594,0.8632990234593673,0.18692749118109941,75.33875516396493,0,1,0
2020-11-13,0.7842303321717742,3.196885563595227,14.0057814452094,4.0,29.88903467756727,61.356174252244706,1.828077370337138,1005.4989447755493,-1.4111373747874487,0.006391447126354171,0.0770806436241509,74.39000014797725,0,1,0
2020-11-14,0.7163036125172229,3.8123737576494463,14.114674983248065,4.0,32.41332978484882,49.29802286793098,2.0354665616244247,1007.779812483329,1.1348435912066859,0.634277694814144,0.022661452901998443,75.65550865774826,0,1,0
2020-11-15,0.4685313542005128,1.969065298889493,12.427477002085563,3.0,32.26995695678018,54.74815356880246,1.8224501307251808,1013.8832701461741,1.2311167056488737,-0.39188176687132026,-0.03824113072227816,56.04770234263437,0,1,0
2020-11-16,0.44404401877264643,1.6288789854903651,8.45813628330216,2.0,29.707344157966475,58.946278534114946,2.545685280492891,1010.2445168496962,-0.7669429253690344,-1.4500706932549134,-0.16315929413253294,9.917926891519896,0,1,0
2020-11-17,0.507232570410884,1.4198079433840265,5.332997119496482,1.0,31.241551120275517,52.07630442192728,2.262724390920045,1011.3546058128339,2.006346249500376,0.21468719041481812,-0.0915518852143645,-26.400942687412353,0,1,0
2020-11-18,0.26145028616205257,1.2127268753455662,5.49363198719553,1.0,31.836045282054965,60.21539163849351,2.690871916552561,1009.943968303594,0.8959412546507863,0.5802592505173004,-0.3423746183987135,-24.534121242351887,0,1,0
2020-11-19,2.775115552654423,3.543798409227343,5.956907726889487,1.0,31.587426884838884,63.209151744308215,1.9320512601104507,1009.2186166259964,0.8740251061406205,0.4602778654460556,0.42848037163595354,-19.15015262940265,0,1,0
2020-11-20,1.7268388994900794,4.763404738306538,6.8995162942077926,1.0,28.964139791102603,55.68848739373324,2.3666578326954735,1010.4605234443732,0.02521996832328902,0.33774932914995204,-0.6416538985853031,-8.195607623244195,0,1,0
2020-11-21,1.1105774086676763,5.612531860812163,7.293790090358246,1.0,31.542552734957848,53.62451213422567,1.8950700275296906,1007.6975900706589,-0.1955035423968088,-0.2788695727639898,-0.48821045738803215,-3.6135465276541407,0,1,0
2020-11-22,0.5687346408412792,3.4061509489990183,7.3939933769990125,1.0,32.249668146638925,47.39813305033517,2.57973470917364,1009.6957448443667,-0.1884679443356473,-0.6453970011564739,-0.5201124494132117,-2.44903195466002,0,1,0
2020-11-23,0.507617296158975,2.1869293456679135,7.4575666543853405,1.0,33.570329135049114,61.36181256699791,1.4877971825870604,1010.967594596616,0.3514775366875655,0.4413826152350244,0.06601068487362599,-1.7102137935872743,0,1,0
2020-11-24,1.0837082491092107,2.160060186109448,8.034042333083669,1.0,30.422589618428574,63.89280331287035,2.5581387471478343,1010.107777633869,1.2610676475305065,0.34115793295862007,-0.8232117110418066,4.989310257231248,0,0,0
2020-11-25,1.0586037622047413,2.64992930747291,8.831195809126356,1.0,30.595262879494133,64.03768674190916,2.299953595283058,1011.0858224713173,0.16318279607527764,-0.44871927267506106,-0.434241090880362,14.25344590472368,0,1,0
2020-11-26,2.9432077810962505,5.085519792410185,8.999288037568185,1.0,31.066483826412927,55.84954485302267,2.5757702159084546,1009.177498821583,-0.8202992608235613,0.8875393513536456,-0.5244983011139042,16.20693322225373,0,1,0
2020-11-27,0.3916475081168868,4.393459051417861,7.6640966461949915,1.0,31.766599588478226,52.20182796786568,1.47583175860021,1011.8945637075462,0.7419843561464818,-0.7062924116380804,-0.5472613748128677,0.6899787877691029,0,1,0
2020-11-28,0.36345886672054795,3.6983141559336685,6.916978104247863,1.0,31.494722173306577,60.38194331353203,2.860021166916261,1008.4740013773802,0.829035671755313,-0.46681870303283235,-0.3636953070199818,-7.992674835865499,0,0,0
2020-11-29,1.7314053255589659,2.4865117003963837,8.07964878896555,1.0,32.20492848178851,56.41104218721586,2.2879460269988163,1012.6606649082672,0.5891935756030074,1.309140169873332,-0.40886695357819103,5.519326629722735,1,1,0
2020-11-30,1.8246118639658815,3.9194760562453785,9.396643356772456,1.0,29.78363613953338,57.694693603313254,2.597459391772076,1009.8813118945608,0.6709490158724843,0.6948655501871301,-0.8634071868119475,20.824806301896295,0,1,0
2020-12-01,0.045560662009843114,3.6015778515346732,8.35849576967309,1.0,32.040209726337196,56.46934884478309,1.2852818427241366,1008.2924123409283,-0.24383531714202727,-0.2864074447128181,-0.7376910238364736,10.299356393827889,0,1,0
2020-12-02,1.6303869695375885,3.500559495513296,8.930278977005935,1.0,30.44551302900611,54.26127745953243,1.6616864336301025,1006.8610812699834,-0.8360902504175216,0.2299045677148404,-1.2853223953493167,18.34247540400145,0,1,0
2020-12-03,0.5658177106882393,2.241765342235654,6.552888906597925,0.0,31.283947098444216,59.153882073859506,2.1732339027034193,1007.5291317418895,-0.7813740875767018,0.12383379561907067,-0.8250970925028439,-10.177709519796286,0,1,0
2020-12-04,0.2931957193235044,2.4894003995493157,6.454437117804542,0.0,33.87583363948072,58.674444925111,3.232626482476549,1007.2566646021546,-1.4719169236120722,-2.1964910919819025,-1.0763187768791878,-10.444039823947053,0,1,0
2020-12-05,0.7539163049355928,1.6129297349473197,6.844894556019588,0.0,29.527074629049615,52.63767016958937,2.7236892084285205,1008.8238210299303,0.2132537503913548,-0.7251791595787054,-0.9496594731003488,-4.648964106907445,0,1,0
2020-12-06,0.7302689627937958,1.777380987052876,5.843758193254417,0.0,31.093360105506907,50.042962800254124,2.4852514242047254,1006.6903905971327,-0.07510390490393426,-0.040677293687425224,-1.3468627621546645,-16.106610527933054,0,1,0
2020-12-07,0.3027469417671951,1.7869322094965667,4.32189327105573,0.0,29.70011048008715,44.996351618828825,1.8527414998013032,1011.3104808090656,-0.3959889340767379,-0.28528918124744496,-0.8439018456627647,-34.02015315870987,0,1,0
2020-12-08,0.05210290119299875,1.0851188057539727,4.3284355102388865,0.0,31.698909725694506,52.253059335697216,1.7435674296112205,1009.1828167753442,-2.660056941910563,0.19768205186433646,-1.3859459260360405,-33.93904368933148,1,1,0
2020-12-09,1.6349973426027382,1.9898471855629152,4.333045883304036,0.0,32.95214064286805,50.38314728569885,2.5733195139497425,1009.1097850233604,-1.122585722724752,0.9035858503583359,-0.9384486685769244,-33.88188513818687,0,1,0
2020-12-10,0.22176579734060872,1.9088660411363287,3.9889939699564056,0.0,31.722131727704003,55.547226773825514,2.8277399782829193,1006.8858193089213,1.0087565862628503,-0.257228627723142,-1.292852197339736,-38.147377020857846,0,1,0
2020-12-11,0.18309708291129215,2.0398602228546223,3.878895333544193,0.0,31.321212366652098,52.7433545700364,2.5327108602506683,1007.5992477349533,-0.5981634000568179,-0.846123836898292,-1.2062989127073465,-39.51235951823732,0,1,0
2020-12-12,0.24782605256613088,0.6526889328180149,3.3728050811747314,0.0,33.3443778219949,54.41835070386678,3.4330607242231013,1004.9868543802748,0.3245325098911573,0.2598813268088362,-0.7098017144522143,-45.78677270889923,0,1,0
2020-12-13,1.0256426035811606,1.4565657390585667,3.668178721962096,0.0,31.947317970003027,58.21788300094877,1.997849365428749,1011.8955648542759,-1.2516168869777307,-0.2612986668542428,-0.8530203892981016,-42.12478503129996,0,1,0
2020-12-14,0.34450152392302386,1.6179701800702984,3.7099333041179245,0.0,32.63200704015856,56.9137668077523,2.514948363835432,1006.4316256426487,1.294834934123308,-0.12485080065752213,-0.7111286014276699,-41.60711945718049,0,1,0
2020-12-15,0.25347478677478696,1.6236189142789546,3.911305189699713,0.0,32.48597490290521,55.1261935186545,1.3914215649087225,1006.568088863898,-0.12962489404920877,-0.23341897532246292,-0.6038463331141459,-39.11054812586694,0,1,0
2020-12-16,0.7090157348057339,1.3069920455035278,2.985323581902709,0.0,27.45787799550256,60.90009705537158,2.5339537117708026,1011.5272277071462,0.26103635683518167,1.7934702400087887,-1.17927009582238,-50.59069655210134,0,1,0
2020-12-17,0.6193443846759399,1.5818349062564439,3.3829021692380397,0.0,31.3772782334527,58.55377227512823,3.288950327383642,1009.681131987292,2.0932018126935166,-1.7925634087983562,-0.600557192556161,-45.661590881675565,1,1,0
2020-12-18,0.25992152991608475,1.5882816493977416,3.459726616242832,0.0,29.975310304888133,52.119359176294836,1.7824210698033451,1009.2008418188447,1.3647960905304635,-0.31066712250611694,-1.3279067999660341,-44.70913562019726,0,1,0
2020-12-19,0.050391953993958905,0.9296578685859667,3.2622925176706605,0.0,30.32357090950242,53.721884885180444,2.912605324547699,1009.5959988571221,-0.275909059158352,-0.0029512205187136415,-0.7582686568790096,-47.156886997679486,0,1,0
2020-12-20,1.005893558378712,1.3162070422887389,3.2425434724682116,0.0,33.54903511157744,57.63489775613661,3.2719502471897637,1010.7005362732865,-0.5338981663833233,-0.624913993826223,-1.0484762436264112,-47.401732001393896,0,1,0
2020-12-21,0.6303280786183832,1.6866135909910374,3.528370027163571,0.0,30.959886797870396,55.07592667606162,1.9934987344715749,1009.163291171555,-0.2929905103675786,0.7198606657026265,-1.1352102834571292,-43.85810732847136,0,1,0
2020-12-22,0.025957863561345648,1.6621795005584241,3.30085310395013,0.0,34.13421003545044,50.808615702348874,2.687490215817272,1006.2051530621844,0.45890842362888207,0.6506061429757115,-0.7237260190006847,-46.67881999271585,0,1,0
2020-12-23,1.8282996964168392,2.4845856385965512,4.420137065561235,0.0,29.513850772942828,59.1486542285713,3.3551054462556293,1010.3032573716924,-0.09470172082578401,-0.03820369479083249,-0.6131066886909865,-32.80214479506328,1,1,0
2020-12-24,0.023668786757094988,1.877926346735263,3.8244614676423905,0.0,29.96747546893371,60.656728897504216,2.5456114967381893,1009.7437345793744,-0.3557197305031245,-0.21653900427495532,-0.5899077977879159,-40.18722050327691,0,1,0
2020-12-25,0.20105959918667882,2.053028082360596,3.7655995369129847,0.0,32.55190548665478,59.9984651435376,2.879355397877444,1011.0923116268333,1.320463125638138,-0.08956546738531761,-0.7318639678689086,-40.91697981570642,0,1,0
2020-12-26,0.21727097799629272,0.4419993639400497,3.932478560915318,0.0,31.006694433660115,61.48101645324743,1.3429567837196594,1006.7351376471606,-0.1027889026000532,-0.08382932291824857,-0.7170196575987684,-38.84804459211188,0,1,0
2020-12-27,0.26431259552335923,0.6826431727063138,3.190897598059965,0.0,31.914872832563496,63.928341779102645,2.765608315433898,1007.6707001857623,2.0696301837335875,-0.06269842250061013,-0.5804081321247251,-48.04202798439932,0,0,0
2020-12-28,0.2546566782083353,0.7362402517279704,2.8152261976499178,0.0,31.327385004404377,62.53215022108985,2.7176690436822626,1009.689275593902,0.08166830737695571,-0.1503992812134396,-0.5961022045553002,-52.69953240984806,0,1,0
2020-12-29,0.10514959083465952,0.6241188645663371,2.8944179249232316,0.0,31.285007828169615,57.228844132280486,1.6115991597939883,1007.2833947816409,1.6067865548022549,0.20195945167391424,-0.4945490343779588,-51.71772804616267,0,1,0
2020-12-30,0.5747251038908971,0.934531372933875,1.6408433323972893,0.0,31.05868406509712,54.93188483736552,1.8287292069883336,1004.7483990961861,0.3215874804395641,0.602569651862292,-0.5347893010628285,-67.25931360723247,0,1,0
2020-12-31,1.1541988268724268,1.8340735215979664,2.7713733725126213,0.0,31.735905265892857,48.96119566318714,2.7697274806893644,1009.3387106431428,0.8666645159245031,-0.9842081180788615,-0.3291868559963198,-53.243211611731546,0,1,0
2021-01-01,0.5672959916816992,2.296219922445006,3.1376097650076415,0.0,32.39825889371414,54.795921441177526,2.2183893854216845,1010.6109765515538,-0.652149946365952,-0.8405311193865193,-0.8991125330995262,-48.98570695028654,0,1,0
2021-01-02,0.6633191996620541,2.3848140182161632,3.583657986673403,0.0,33.760156302536544,57.88668154471134,3.067179561393452,1008.7678855342785,-0.7683833003286706,-1.398814423586819,-0.4760376332410539,-43.29272995934872,0,1,0
2021-01-03,0.353012251458773,1.5836274428025094,3.6723576426088167,0.0,31.21644774169513,55.32763810874772,2.586452686315138,1009.9866060410313,0.4137353595134888,0.6931179202860797,-0.7387219620511444,-42.066526984784545,0,1,0
2021-01-04,0.5463159841671507,1.562647435287961,3.964016948567632,0.0,30.94887167728485,48.767562405488256,2.433889867937233,1009.7260243377455,0.8896979182187836,0.20025863455237053,-0.2719139967952968,-38.30337555698126,0,1,0
2021-01-05,0.710147143496047,1.6094753791219538,4.569014501229019,0.0,30.768519112132292,56.1590368841634,2.2977471080780623,1009.0188544556462,0.03623085180041658,0.40421401274621654,0.12211635479421179,-30.62356887173599,0,1,0
2021-01-06,0.9317877169389447,2.1882508446021256,4.926077114277067,0.0,33.557662688220574,58.69837388155013,2.5756258071725773,1009.2446964940281,-1.1577540015753274,-1.1435985906907749,-0.3532742824171039,-26.04289130640921,0,1,0
2021-01-07,0.23165933976055722,1.873594200195532,4.003537627165198,0.0,32.46642014713442,52.525064710090504,2.8817759515215604,1011.4284114135666,-1.2242325296603944,1.4279584983041107,-0.148602616888005,-37.456942586879684,0,1,0
2021-01-08,0.19769137469073558,1.3611384313902206,3.6339330101742338,0.0,28.841318494161637,57.8219969028106,2.7203269438244515,1007.2643117744648,-1.2844227619676172,-0.4870807265162862,0.06360021187825404,-42.076914395449236,0,1,0
2021-01-09,0.01044307200387508,0.439793786455151,2.981056882516055,0.0,28.779596307260142,57.25881257097907,2.1462113317664793,1010.3914434740971,-1.590859901645443,0.1345646456890047,-0.5871707298816414,-50.237714249155005,0,1,0
2021-01-10,2.263730625371328,2.4718650720659214,4.89177525642861,1.0,30.337884259877757,61.1089284232618,3.1436787595360314,1006.8743828464006,0.09853682350237876,0.6835077285426976,-0.14526941320293732,-26.35417866602762,0,1,0
2021-01-11,2.152824129730389,4.426997827105575,6.4982834019918485,2.0,31.8221689128512,64.18047999855031,2.7946330716890087,1007.569358429176,1.0125395295372228,-0.7895838046368575,0.13193081408321863,-6.273200232468265,0,1,0
2021-01-12,0.45928281001573973,4.875837565117439,6.247419068511541,2.0,31.45310709626891,53.91885466767661,2.631156862995984,1011.1526139784809,-0.012074208232327893,-0.43705948681013346,-0.6280289896187543,-9.408946094871672,0,1,0
2021-01-13,0.48563217892487465,3.0977391186709866,5.801263530497471,2.0,32.22065526375623,57.50310707701506,2.4550348344592665,1006.8222663005278,-2.034373281604067,0.1433374196806994,-0.09286153692556384,-14.985786624200276,0,1,0
2021-01-14,1.7246148089074245,2.669529797848022,7.294218999644338,2.0,31.254344472118486,59.0635305668654,2.7000462666149487,1008.5650985660341,-0.17168441430109385,2.285978460371765,0.4812089937876601,3.6758097461634636,0,1,0
2021-01-15,0.11001258256901364,2.3202595704012956,7.206540207522616,2.0,33.45635157110559,60.874635873887726,1.3010091641768176,1013.2503876019225,-0.1465190969693464,0.24089979428161945,0.5107620176672386,2.5798452230209223,0,0,0
2021-01-16,0.17368146186824876,2.00830885334467,7.36977859738699,2.0,32.580921221458695,60.166864582920574,2.54480209264061,1010.8459540005331,1.8863988752028955,1.2850889205045748,0.4068083392756102,4.620287156321037,0,1,0
2021-01-17,1.8110611697217696,2.094755214159015,6.9171091417374315,1.0,31.608572541137036,64.16532282191923,3.3841262857515026,1007.6730532786859,-1.3114241216276008,0.9645385161535645,0.586027675421597,-1.037975829480931,0,1,0
2021-01-18,0.3491254419418417,2.333868073531843,5.113410453948884,0.0,33.103440493922825,48.85098466579457,2.5320085400345484,1007.9814773619248,-0.35160984233927617,0.294408029195615,0.4703760778047045,-23.583790209664144,0,1,0
2021-01-19,0.14422133990966535,2.3044079515732596,4.79834898384281,0.0,29.19149657713377,60.18552827498704,2.450102919236052,1008.6937537812429,1.5352674124901078,-0.791356617304543,0.6052850279715651,-27.52198535913688,0,1,0
2021-01-20,0.748517530094858,1.2418643119463482,5.061234335012793,0.0,31.380860693443765,60.03967519784624,2.042485944728426,1011.3614624278438,0.40498050721189327,0.8478028886545881,0.43591990783325774,-24.235979569547613,0,1,0
2021-01-21,0.23327468981403685,1.1260135598185432,3.569894215919405,0.0,31.692482519754257,57.53580185349825,2.695652896142046,1007.196997954587,0.5069817661647822,-1.1984882733184377,0.590594956580778,-42.877384439683894,0,1,0
2021-01-22,1.5678680437652466,2.5496602636741246,5.027749677115638,0.0,32.34281639110859,49.06575398107042,2.2829718836089796,1007.0880587166104,0.1031259933214904,1.2807000989416737,0.4486246235546387,-24.65453001072956,0,1,0
2021-01-23,0.5419895985362393,2.3431323321155055,5.396057813783629,0.0,29.098732887215007,59.17072541927618,3.1855963974462225,1010.2839983143563,0.2969491847915381,0.16000424657460424,0.9657913880818196,-20.05076390486812,0,1,0
2021-01-24,0.24435690632989746,2.3542145486313664,3.829353550391757,0.0,31.135395621550803,56.83675915274254,1.881844713203375,1005.9739162708735,0.6998485772506824,-2.120178837838541,1.0715083245345092,-39.63420306253733,0,1,0
2021-01-25,0.26016634721894843,1.0465128520850682,3.7403944556688637,0.0,32.06061040606658,66.39995818017964,2.1286335674516486,1007.3600239372014,-0.7285376870034898,-0.27240487602547114,1.0751620593274354,-40.74617107062551,0,1,0
2021-01-26,0.7162662640393967,1.2207895175882255,4.312439379798595,0.0,32.16799226813135,60.16381932504139,2.0394896938685023,1008.8468026451372,0.7902527210173799,0.5231582567383524,0.6649689814254925,-33.595742474168674,0,0,0
2021-01-27,0.3959948466119637,1.3724274578702917,3.9599166963157004,0.0,33.160547069210956,55.22578786059864,3.5007639812387215,1008.9390864304124,-1.2357027151969853,-0.18961909843181338,0.5629983113638063,-38.00219408408478,0,1,0
2021-01-28,0.3434249649467812,1.4556860755981247,4.070066971448445,0.0,32.56607275654452,51.671296213059904,2.286157131044427,1006.5436469975571,0.2955311755483843,0.5720046487948587,1.1526579360297287,-36.625341246145524,0,1,0
2021-01-29,0.9631901633447121,1.70260997490344,3.4653890910279106,0.0,31.41478082205422,61.859683160066595,2.0711700502890205,1009.6366955304145,0.16086686695769445,-0.6800193341698364,0.9987924156107699,-44.18367421165812,0,1,0
2021-01-30,1.7437901265245117,3.050405254815988,4.667189619016183,0.0,32.444928539703334,62.21407933755987,1.145659800739082,1009.9967398622521,-0.5546637793728971,-1.044785898230086,0.9717004681676477,-29.161446935299278,0,1,0
2021-01-31,0.849511377379159,3.5564916672483657,5.272344090065444,0.0,31.218056201398593,58.02497473065226,1.8531933366902535,1007.8074820251054,-0.020416747793082064,-0.05715632243808431,0.7551402972401036,-21.59715669769719,0,1,0
2021-02-01,0.21212606043886628,2.80542756434252,5.224303803285363,0.0,31.70451953155092,62.02397695793425,2.717190014757979,1011.9883303008341,-0.5602861373989978,0.02525253383193183,1.0411393388791932,-22.193712305569676,0,1,0
2021-02-02,0.1327525317455283,1.1943899695635363,4.6407900709914935,0.0,32.61175928788923,57.317581396420564,2.714784493677219,1009.6102580634005,-0.96453119417557,-0.27870748084985714,0.6816947312639974,-29.490977374001336,0,1,0
2021-02-03,0.9149792342650795,1.2598578264494567,5.159774458644609,0.0,31.435614887219664,64.09248790808634,2.0097371092502794,1007.190220988667,-0.31825326745227994,0.9818329173137541,1.1268800501199434,-23.014129305763227,0,1,0
2021-02-04,0.8480188014719062,1.8957505674824966,5.6643682951697345,0.0,32.005821549027495,64.29078687609936,2.043065508942565,1011.9163721236837,-0.9935897718344954,-0.6801659001112461,1.325448340361364,-16.717070278204368,0,1,0
2021-02-05,0.3174874218102843,2.0804854575472524,5.018665553635307,0.0,32.84486827472674,53.94528544674246,3.5163816895612148,1008.056983246894,0.2905177176839233,0.25053248586587956,1.3978241000961265,-24.791296716128475,0,1,0
2021-02-06,0.4040622562514456,1.5695684795336187,3.678937683362241,0.0,32.4960668027176,54.35934633897718,4.018286906255503,1009.3209393761553,-1.035076944737127,0.05437597693090018,1.173474813051117,-41.536359384954736,0,0,0
2021-02-07,0.2270012899055528,0.9485509679672652,3.0564275958886347,0.0,33.22589659591684,66.76666645725709,3.090322602793519,1008.1227609386157,0.6407793206919462,-1.2453727617088668,0.6540451531876563,-49.320827287064944,0,1,0
2021-02-08,0.1370494900160787,0.7681130361730596,2.9813510254658473,0.0,34.758863614816995,63.357726020371786,3.3360269810992316,1010.1224427195425,-1.0633311611359382,-1.0552241469348098,1.0490055752598384,-50.25880002026685,0,1,0
2021-02-09,0.24977446725228392,0.613825247173898,3.0983729609726027,0.0,32.48313488038264,55.78598107033494,3.463314206593688,1008.1322162223274,-0.5096654240229057,0.009528812998905128,1.5316313633341387,-48.79678085671523,0,1,0
2021-02-10,0.00444053984010018,0.39126449710844535,2.187834266547623,0.0,30.85322642571627,52.65870762180019,3.7292019786652464,1008.2414257741959,-0.5621430673936612,1.5849599989495713,0.7735204373511924,-60.17263970437327,1,1,0
2021-02-11,1.3361370407311923,1.590352047823559,2.6759525058069094,0.0,32.21558826463065,60.2544736994891,2.219302332478005,1008.7110073847424,1.192632055987355,0.4634158495190488,0.9667835019739097,-54.07431107234552,0,1,0
2021-02-12,0.0849388166047192,1.425516397175994,2.443403900601344,0.0,32.15538178076951,55.74425700969288,1.8734982710784145,1008.0954566813566,0.29726095105493267,-1.3805078601157064,1.3228367580288591,-56.979668224365184,0,1,0
2021-02-13,0.46913369502544083,1.890209552361335,2.5084753393753396,0.0,32.35795096859746,58.51115850004015,3.5005529186053588,1010.9282333995869,-0.19056042228995482,-2.4883904520954703,1.1086245478502859,-56.166695083257245,0,1,0
2021-02-14,0.015916928088865967,0.5699894397190084,2.2973909775586527,0.0,33.592058743815244,60.70811193894534,1.8218826379574256,1006.7349392433515,0.448847496962751,0.5864428744035038,1.5563208060938165,-58.803887681086444,0,1,1
2021-02-15,0.8230084330967461,1.3080590562110355,2.98334992063932,0.0,29.141279885105316,58.47496318057946,1.7833013921896768,1008.9321013230557,-1.8964731125967194,-0.07697078634255922,0.7321160215697932,-50.233826727551325,0,1,0
2021-02-16,1.0538982959855152,1.89282365717111,3.7874737493725514,0.0,33.61840918554455,63.12288402651078,1.7970782381655273,1009.1600042649904,-0.038820230676816704,0.9130127756082956,0.6441216869067904,-40.18746710800275,0,1,0
2021-02-17,0.5123601111198754,2.3892668402021195,4.295393320652327,0.0,34.089619612964285,67.27312222759784,2.3216212460632586,1008.7746254329056,1.7977627600242865,-0.7045743365691532,1.1710682355927966,-33.841749584717675,0,0,0
2021-02-18,0.4417114001299775,2.0079698072353507,3.400967680051112,0.0,32.29433492626122,56.43294097723131,1.2098335258515722,1010.7419046624947,0.11911185576240531,0.280169998286821,0.5368742825784474,-45.01629922165664,0,1,0
2021-02-19,0.22593220223221408,1.1800037134820498,3.5419610656786067,0.0,32.32802511139531,54.37098978605103,1.5405933945864532,1006.2918607508688,0.06112185225240195,0.6769387704222902,0.7548799036600614,-43.25479159636599,0,1,0
2021-02-20,1.308997238987302,1.9766408413494763,4.381824609640468,0.0,31.160733267519625,60.445329203804306,2.027055772422412,1010.0212181787736,0.4933155416779765,-0.3579709105651855,0.7534071607024697,-32.76191613055441,0,1,0
2021-02-21,0.05925642849489503,1.5941858697143938,4.425164110046497,0.0,31.507889583426312,66.01281636093414,1.682903860427376,1006.7580530939591,0.806044718982911,-0.34086845618485234,0.9921876884197727,-32.22045200369668,0,1,0
2021-02-22,0.29510129989444717,1.6633549673766268,3.897256976844198,0.0,32.47616902049034,57.51323226705307,3.0379061371371714,1008.0831694052144,-1.7977200236008737,0.02021026487871239,0.8478664841191247,-38.815885090451616,0,1,0
2021-02-23,0.19544808592798327,0.5498058143173081,3.0388067667866663,0.0,32.38600934756138,62.32669361049608,2.4044479696330066,1006.57312487786,-1.5140938336119243,0.43414107724826306,0.7675325441301558,-49.5409739605342,0,1,0
2021-02-24,0.18712566605135642,0.6776750518737695,2.7135723217181473,0.0,32.50802961968767,54.93190852211164,2.7466722012840847,1008.4012030248888,0.1892621619775319,-0.01146720360952875,0.5096096840537142,-53.604306098035906,0,1,0
2021-02-25,1.280472177512093,1.6630459294914155,3.5523330991002626,0.0,32.37637199792752,59.26410363840256,2.6809771562987783,1007.9581868436106,-0.6433889057077588,0.7791970702075892,0.8690365935552931,-43.12520809937637,0,1,0
2021-02-26,0.4143945545992654,1.8819923981626976,3.740795451467314,0.0,32.75678196148224,56.17132136493999,2.2763951948625856,1011.9478563758279,1.1808227359979229,-0.369548151413624,1.5250655248107128,-40.77064466154346,0,1,0
2021-02-27,0.22382511522566406,1.9186918473370052,2.655623327705676,0.0,32.60034413566283,58.65763924703521,2.993337963858418,1009.4334266653266,-0.2836569508967015,-1.0627161643704877,0.6431537292017575,-54.3282946339278,0,1,0
2021-02-28,0.6497368900828936,1.2879565599078058,3.2461037892936746,0.0,30.06494786631874,57.65441595308721,2.6717477798321796,1009.7905819766372,-1.741077662141806,1.581580294490544,0.44552367433430945,-46.951098668008875,0,1,0
2021-03-01,0.6003757908387289,1.4739377961472693,3.5513782802379565,0.0,32.64978982223306,59.64784735291156,2.216286235497175,1006.9900091800371,-1.1412125251595973,-0.4837069892339571,0.04511446603070529,-42.9160598952383,0,1,0
2021-03-02,1.0376444629611714,2.287757143882777,4.393574657271144,0.0,34.08663582430474,64.60992614214054,1.3969804827020738,1010.3156544045337,-2.474708417667518,-0.45475366697419783,0.158044046478381,-32.58413113365982,0,1,0
2021-03-03,0.7171072049766896,2.3551274587765727,4.923556196196477,0.0,31.447337108584463,56.07409197804007,2.7197214348115395,1011.9323223660936,-0.21071298355462129,-0.05264265685774749,0.21084162819637864,-26.122984094061984,0,1,0
2021-03-04,0.4342655149000333,2.189017182837877,4.077349533584417,0.0,33.58388648849749,49.29529917334838,1.6505443725549236,1010.5493521048356,-0.16954571453794504,0.05374488772318495,0.07665846861786466,-36.72356342467661,0,1,0
2021-03-05,0.46543673226507976,1.6168094521417853,4.128391711250233,0.0,30.2004011414458,56.67335273094248,2.6354962747249755,1006.6218929663828,-0.382016438803708,-0.3093469139906263,0.15167947858971975,-36.20021785773021,0,1,0
2021-03-06,0.688405203057606,1.5881074502227017,4.592971799082174,0.0,31.44294689386742,59.66262242581717,2.4546595345742017,1008.1480602663919,0.9709911351267648,-0.013947117559207231,0.5451129362707839,-30.549905892523892,0,1,0
2021-03-07,0.16009959035918814,1.3139415256818567,4.103334499358469,0.0,30.586993148788224,58.802670406134,1.5911048889465835,1009.1787978013872,1.0786678528650242,-0.03180978514253917,0.35700018476822243,-36.729804320042746,0,1,0
2021-03-08,0.5885571974178927,1.4370619908346696,4.091515905937633,0.0,33.41552431471534,56.34777914574595,2.5623646239913542,1007.9446218849504,-0.1533495810205001,0.13985546161664558,-0.050039681719807466,-36.876329051763186,0,1,0
2021-03-09,1.712030589467259,2.4606873772443225,4.76590203244372,0.0,33.78128173749442,62.133655435259925,2.5221180615287486,1013.5428991372859,-1.9212243007291705,-1.885989967189853,-0.36790956764479077,-28.51541479202725,0,1,0
2021-03-10,0.5127785911122538,2.8133663779973883,4.561573418579284,0.0,31.345739993199437,58.18042126739851,2.5242949002075186,1008.1154180260451,0.5555534224430326,1.5047010456062795,0.21319740669629983,-31.048643092825962,0,1,0
2021-03-11,0.3268151103286913,2.5516242909081868,4.454123014007942,0.0,33.12410069304862,56.21253655992381,2.4955245497436827,1008.9054831701183,0.49982420565771796,-0.11783065082764604,-0.1883391883139282,-32.38079330245341,0,1,0
2021-03-12,0.3222591190561951,1.1618528204971228,4.310945400799057,0.0,33.795491840386696,52.33652373696977,2.0158934876965793,1007.9031052238997,0.2784524131412505,0.4644980955575883,-0.6620885387571379,-34.15588282595107,0,1,0
2021-03-13,0.6625104993476533,1.3115847287325224,4.285050697089105,0.0,31.43852816017569,49.85064536386735,2.762291879830678,1009.4005462863377,0.8833317743773043,-1.1024810732272194,-0.1060325911817448,-34.476920565297604,1,1,0
2021-03-14,0.5581597728714563,1.5429293912752873,4.683110879601373,0.0,31.6662668178378,58.2182013663333,1.9947329227984667,1011.4717456302564,-1.048345286814936,-0.3768002089994002,-0.08051838804997968,-29.541844167088406,0,1,0
2021-03-15,0.8578326790369026,2.078502951255995,4.952386361220383,0.0,32.5116760787998,55.59629762156171,1.7625718509655082,1009.1902554164152,1.807879847566625,-0.5378526930563317,-0.9951774276376831,-26.203416631916802,0,0,0
2021-03-16,0.24128784110796847,1.6572802930163102,3.4816436128610926,0.0,30.30506138719363,51.2517477754774,2.8121066219693236,1008.5892917428082,-0.8634849778276812,1.1757790116068363,-0.6453998703985621,-44.43741275646402,0,1,0
2021-03-17,0.3903464654304292,1.4894669855752831,3.3592114871792678,0.0,31.63875119462241,55.63487965212287,2.969184759904948,1007.0504767981739,0.6743006344807692,-0.46865088546870626,-0.5160802003425431,-45.955303568907524,0,1,0
2021-03-18,0.9869051380957949,1.6185394446341754,4.019301514946372,0.0,34.48451651000474,55.64582077758923,2.7710452593391226,1011.1594210644778,-1.5186129249720166,0.606463989552073,-0.3525372317955238,-37.7716296928441,0,1,0
2021-03-19,1.055113236447383,2.43236483997359,4.752155632337559,0.0,30.78459563297161,52.82670383518795,2.2830094824929996,1008.7248665128716,-0.8372382185430458,-0.5203363621385562,-0.7111454633447376,-28.685840113887128,0,1,0
2021-03-20,1.0623026758665508,3.1043210504097116,5.151947808856457,0.0,32.679971298311145,51.84309755963209,1.243646977020284,1008.647462289005,1.3647317820528024,-0.36209515172315526,-0.8344916715829868,-23.729290774852725,0,0,0
2021-03-21,0.8987452529304547,3.0161611652443714,5.492533288915455,0.0,32.21794078591384,57.505450643000536,3.2963405019026495,1004.7734286762486,-0.2348098407007649,-0.19644013216054879,-0.4869782530421521,-19.506775089903236,0,1,0
2021-03-22,0.9256416834563719,2.88668961225336,5.560342293334925,0.0,31.255342289137893,54.13406790419265,1.234267934897283,1008.7545257198502,0.7559303446195181,1.0270761014634402,-0.8261019523169781,-18.666091615398038,0,1,0
2021-03-23,0.5875523777014857,2.411939314088295,5.9066068299284415,0.0,31.794931691395174,53.209668437635834,2.758963235421793,1008.2615266421583,0.2132598498473215,-1.511882127224095,-0.6115707151358494,-14.373168039634859,0,1,0
2021-03-24,0.08008692718942216,1.5932809883472625,5.596347291687435,0.0,33.938282455677225,51.00407876994106,3.6734685100539375,1005.696707662745,-0.09446234040015541,-1.0525308442195462,-1.0607210873191304,-18.219708316104953,0,1,0
2021-03-25,0.09266059070982025,0.7602998956007108,4.7021027443014605,0.0,32.25965056653305,53.696960163085386,2.4970062681363263,1010.7648161757966,1.2274652924394207,-1.5578441325518535,-1.1542676660203863,-29.30638654696712,0,1,0
2021-03-26,0.5031443364093805,0.6758918543086055,4.150133844263458,0.0,32.478360633887796,59.155026567634515,2.582066226129543,1008.020079246808,-0.2129929421867103,-0.8700016958091603,-0.6581909196124226,-36.14959471195128,0,1,1
2021-03-27,0.5250630303618974,1.1208679574810807,3.612894198758804,0.0,33.72582177607448,55.89890869137691,2.634918969138564,1012.3955395812944,-1.6026642968071234,-0.6492800409536859,-0.8120884786654072,-42.810192307970766,0,1,0
2021-03-28,0.18185963479406747,1.2100670015653279,2.896008580622417,0.0,31.07943994952459,54.478796069915745,2.5262268031664545,1011.5295103728567,-0.7229160827565346,-1.2915850032723113,-0.6701141733488817,-51.69800739148883,0,1,1
2021-03-29,0.19659499254176052,0.9035176576977081,2.1669618897078053,0.0,30.018933687549044,55.695014546374125,3.8176944897347695,1007.6876891020656,0.49607255583152476,-0.5873181972917352,-1.0566066972344201,-60.73659320235255,0,1,0
2021-03-30,0.4314868645683869,0.8099414919041976,2.0108963765747068,0.0,33.960300909548415,59.704820485922376,1.901427487733314,1011.4482801755041,0.3559581957262573,-1.611771584746732,-1.1421156655738083,-62.67146452149993,0,1,0
2021-03-31,2.5280457743531004,3.1561276314632307,4.458855223738385,1.0,31.67574505698783,57.51390143535227,1.826090411402604,1011.8824915514791,-1.4103524252118944,-0.814390979014145,-0.6201297186219032,-32.322124242903946,0,1,0
2021-04-01,0.29891029583773754,3.258442934759208,4.6651049288663025,1.0,32.6099384888432,55.593848411363574,2.2706911224592474,1007.842554534312,-0.651908267467381,0.9603363199281605,-1.3550560762789217,-28.79583216926936,0,1,0
2021-04-02,0.6214318427823633,3.4483879129731845,4.783392435239286,1.0,30.291636438767476,58.81367325084591,3.511690718103866,1006.99003033724,-0.523549214282022,0.3228704562248823,-0.6724517767852277,-28.315657038009316,0,1,0
2021-04-03,1.9866409813879626,2.9069831200080465,6.244970386265351,1.0,31.90283412597921,55.650752163690996,2.1210657971678204,1004.9691801120001,-0.32892263470280253,0.14997413773802218,-0.6631510263956408,-12.224404156672229,0,1,0
2021-04-04,1.7332874906372315,4.34136031480754,7.7963982421085145,1.0,29.82319139982798,56.719080479048856,2.7253707136294385,1009.5336134126129,-1.2383222297413963,-0.8022228450232917,-0.7831501919194731,4.911041256160894,0,1,0
2021-04-05,1.0192357410088773,4.739164213034054,8.619038990575632,1.0,31.44813307425391,53.05501340595238,3.1097968873041495,1007.0968319637634,-0.5655339973075307,-1.2288679672357794,-1.1719398297198744,13.576872192253312,0,0,0
2021-04-06,0.059067624798172305,2.811590856444264,8.246619750805415,1.0,30.45180483938499,48.73134963840804,2.934581934510028,1009.5877058037929,-0.6557494367335747,-0.9113248604274246,-1.2028487008077131,8.35428870044639,0,1,0
2021-04-07,0.5565671924552452,1.634870558262278,6.275141168907561,0.0,30.13018122975701,56.694828568813065,3.07803606749278,1007.8266867618662,0.6943799337857274,-0.03456786151681199,-1.0468798066023028,-15.45179608574257,0,0,0
2021-04-08,3.2694759131538365,3.885110730407237,9.24570678622366,1.0,30.93452556152229,56.05064085570407,3.3179835841014356,1007.4453016703518,0.7282091798912194,0.6945414237813347,-1.3107056631230116,19.07069381822135,0,1,0
2021-04-09,0.358674305203577,4.184717410812642,8.982949248644875,1.0,28.148150398479093,53.747573395899735,2.652130788370117,1007.8381343063937,-0.1312294122799344,0.7218939337082564,-1.2169037787154777,16.01705164806464,0,1,1
2021-04-10,0.35611990408226024,3.984270122439657,7.352428171339172,1.0,29.735033885746034,60.07942347937194,2.1929624235619194,1006.5091480792086,-0.35283581628365834,0.5044898899866664,-0.8018181883218284,-2.9320828539175463,0,1,0
2021-04-11,2.6435239901631733,3.3583181994489943,8.262664670865114,2.0,32.45427711739904,53.09373513847231,2.5555230968912572,1007.8373026295717,0.12593188083520207,-0.5900454912543553,-0.7842145015402422,7.646249495291753,0,1,0
2021-04-12,0.8332373319871965,3.8328812262326135,8.076666261843434,2.0,31.8456302440014,47.88121002620613,2.2637596858773006,1007.5229157302239,-0.7349175967100174,0.01963986592319043,-1.1895748008418292,5.484665128942766,0,1,0
2021-04-13,0.0813544438916264,3.55811576604198,8.098953080936885,2.0,29.85503557288693,53.31242381634479,3.9801229515804,1008.8233383852127,-1.0321488739506968,-0.25707402402979673,-0.7359189904015505,5.743671859061832,0,1,0
2021-04-14,0.23847897994838957,1.1530707558271964,7.780864868430031,2.0,32.12592029588567,49.86105323510784,2.147597770784191,1009.036483089385,-0.8461990880331453,-0.16095181079580023,-0.7663496921814643,2.04700310317712,0,1,0
2021-04-15,0.5816510100850686,0.9014844339250686,5.093039965361262,1.0,30.12939899762194,58.10604290197847,2.757076365242745,1006.9207033763214,-0.5713318475743111,1.6297023175678504,-0.4747148783014709,-29.189609728708533,0,1,0
2021-04-16,1.0807362649809662,1.9008662550144084,5.815101925138652,1.0,32.369646717213364,53.23353888153711,1.566672403072976,1010.8302678773492,-1.0471264198130439,-1.40960018960289,-0.6795337261639421,-20.798151694203575,0,1,0
2021-04-17,0.6590909603163723,2.3214782353823913,6.118072981372764,1.0,31.197002595788025,60.56877108226188,2.546882798427808,1008.5615949934265,0.14585360315658727,-0.1877414527378087,-0.5242681453962683,-17.27716728333391,0,1,0
2021-04-18,0.30581622861442964,2.0456434539117523,3.780365219824021,0.0,30.90372488808532,60.210116657086445,2.2949294492961942,1011.5532093641746,0.6567441064053375,0.9693991257569254,-0.6343052915683353,-44.444886496821624,0,1,0
2021-04-19,0.7737360908394065,1.7386432797701925,3.720863978676231,0.0,31.231408225416143,53.06346719608823,2.872602994061618,1009.2827666760263,-1.4283884707184176,-1.1727131960268307,-0.47092844269147527,-45.13638140433146,0,1,0
2021-04-20,0.30483857516047175,1.3843908946142922,3.944348109945076,0.0,34.94223713796657,52.21371470440035,2.8882435837737583,1008.9732058041883,0.022615840094430014,-0.5149979402130004,-0.9978170073391346,-42.539155939776485,0,1,0
2021-04-21,3.6970851926106154,4.775659858610478,7.402954322607302,1.0,30.29657517130329,58.41715620901805,3.317390845930956,1007.9650579533039,-0.19794221573970203,-0.4232307980541117,-0.6645148309944012,-2.344892139505341,0,1,0
2021-04-22,0.18419616775435152,4.186119935525423,7.005499480276585,1.0,31.676079431407512,60.360271607768695,3.2697333630439536,1009.9555294399789,0.30735781698312264,-0.1786317776431876,-0.5999088775170872,-6.963921829225093,0,1,0
2021-04-23,0.43517764619013455,4.316459006555085,6.359940861485754,1.0,32.4528134919239,48.37679193410999,2.427408805280942,1008.9092386863424,-0.011644891293229256,-1.2767657276849738,-0.6053641180667764,-14.466294700476123,0,1,0
2021-04-24,0.5638173714223963,1.1831911853668664,6.264667272591778,1.0,30.01151930991007,58.10227184924661,1.900560077053529,1010.3940568106727,-1.3082393519384679,0.47622884827043155,-0.3860385226564249,-15.57351868890913,0,1,0
2021-04-25,0.568297711552475,1.5672927291649899,6.527148755529823,1.0,29.126936326266275,48.42665923444971,1.970927952781353,1011.7372108498565,-1.136150368971449,0.5330298260105153,-0.2894652279786714,-12.523084693482629,0,1,0
2021-04-26,0.2479628289170463,1.3800779118919015,6.001375493607463,1.0,30.517359898487538,54.997462016978886,2.648834548168149,1007.5404833715271,0.02648121802647545,0.40670026001435816,-0.29966328767820716,-18.633369556635476,0,1,0
2021-04-27,2.1592844616077174,2.9755450020772227,7.855821380054707,2.0,32.422145780186995,61.33930264709666,2.561863430587218,1009.9530529752595,0.9259028277709584,-0.6962989394328651,-0.390403704103086,2.9181117569348536,0,1,0
2021-04-28,6.513106653296259,8.920353943821008,10.671842840740352,2.0,30.880092466214986,68.78608449332151,2.621947717023732,1009.9020276517991,-1.9927686339387027,0.0692086326298361,-0.47747228645015344,35.64456354078753,0,1,0
2021-04-29,1.103305534706131,9.775696649610092,11.590952207692132,2.0,31.035348994729144,57.071115522411866,2.1461255787530717,1009.6734199691173,0.311153921821422,-0.7195521916552701,0.03429047329531476,46.32601210272822,0,1,0
2021-04-30,0.9225032964773529,8.538915484479727,12.07827785797935,2.0,32.63397481044349,52.706474784911244,3.3295342213421764,1008.0690600108012,1.070659804758879,-0.2660773286172102,-0.09829855095120657,51.98947725021193,0,1,0
2021-05-01,0.658554633693996,2.684363464877463,12.17301512025095,2.0,29.62749395273729,58.93969163172482,1.8704971999270716,1007.4599186282848,-0.1377232885855918,1.7227743417367023,-0.38553783083238224,37.53830183191481,0,1,0
2021-05-02,13.852156520408474,15.433214450579806,25.456873929106948,3.0,30.63211682842553,61.91164615220468,2.3998283843283685,1007.152270233494,0.4951822464237967,0.07655630207700478,-0.12405500256903161,152.98484464553547,0,0,0
2021-05-03,1.7855175326581234,16.296228686760575,26.994428632848027,3.0,28.636996806186545,58.13660641832401,2.1078432281404833,1007.116567430198,-0.6327621728080219,-0.9500212607897387,-0.45597341199461205,163.43149210547548,0,0,0
2021-05-04,0.4658463323607823,16.103520385427363,25.30099050360109,2.0,31.20538094904621,58.368812593348125,2.6287235795130135,1006.6910341013179,-0.10742957934918913,0.1442682725311311,0.044240956320521406,144.99638183836095,0,0,0
2021-05-05,8.72781115575636,10.979175020775248,27.515695006061193,2.0,31.07768416842587,60.35320709673188,3.5020473389577775,1008.0151630256795,-1.4588221664773364,-1.0814367408506478,0.041240886462084375,161.49605307224718,1,0,0
2021-05-06,14.626125948475272,23.819783436592395,41.03851541983033,3.0,31.8701250814642,63.54575501729707,2.5814551514294726,1006.8391851028721,-2.1099089775769864,-0.9592083140120095,0.002376418372022876,279.0786672224257,0,0,0
2021-05-07,12.149359916746263,35.503297020977875,52.265372040099244,4.0,29.153015679690153,62.771994167697265,2.8149938947833584,1008.9874167889552,0.8484892211027477,-0.8328985087590328,0.5968500069826421,376.13772299236547,0,0,0
2021-05-08,3.1657727001884552,29.941258565409974,54.772590106593704,5.0,30.48773165094871,58.345466076602165,3.1526532071741453,1008.3057755011207,-0.8864954349519977,-0.35544756175654685,-0.034251051796699905,398.54967761698146,0,0,0
2021-05-09,2.996814277329309,18.31194689426401,43.91724786351453,5.0,28.96651575938863,60.48897254697027,2.5529176785001466,1008.5076787802294,-0.40997506050308746,0.7495751964713613,0.48468705569896176,301.5140663002803,0,0,1
2021-05-10,7.543095915422362,13.705682892940109,49.674826246278776,6.0,30.411824903411976,62.56986208486853,2.98368409187575,1007.7109777172957,-1.247798027943174,0.4627185584134713,0.9071165508336899,352.9809040622629,0,0,0
2021-05-11,4.958274601658092,15.498184794409745,54.16725451557609,7.0,32.83087756964781,59.66228681069416,2.9045609444182263,1008.327275068573,-1.2689727327754883,0.41839626259786267,0.6809949978259953,393.13859910735647,0,1,0
2021-05-12,7.655015226411781,20.156385743492216,53.094458586231504,7.0,30.307320405666516,60.263328804063626,2.075621904939366,1007.7580776792707,-0.15645393008515474,-0.879139652472434,0.453761553259456,383.5489052505469,0,0,0
2021-05-13,6.174901556214466,18.78819138428432,44.6432341939707,7.0,28.84408651008723,65.09873102924584,2.475518256588078,1009.6064356836147,-0.6566194747220818,-0.4330514843485189,0.2266728481459312,308.0036385132887,0,0,0
2021-05-14,1.660243214952162,15.49015999757839,34.154117492176596,6.0,29.80454329306535,61.57783098036059,2.9668588611650493,1007.4069574373245,0.34017389819522864,0.21760088550655068,0.21664396751860282,214.24170742542069,0,0,0
2021-05-15,14.034887911224795,21.870032682391404,45.02323270321294,6.0,28.501041697246,56.19236183440885,3.5234227087133743,1008.8792021837572,0.40728457708163274,-0.5026559883107303,0.49952190571155086,311.40043493094794,0,0,0
2021-05-16,7.744787407442648,23.439918533619586,49.77120583332628,6.0,28.942292233699987,67.2424275835378,3.52286366867391,1005.8517904412827,0.2887646816921465,-0.22269315224087874,0.4740511523247469,353.84243858952004,0,0,0
2021-05-17,12.203775756048325,33.983451074715745,54.43188567395224,6.0,31.695755990523654,64.89266771941075,4.011399711579,1009.4849928375216,0.2147407118355993,0.3530869540239596,0.5073134135217727,395.50412988947875,0,0,0
2021-05-18,1.3570704864972931,21.30563364998825,50.83068155879145,5.0,28.73157773172315,58.03722339954801,3.0453817868916793,1007.1965885380318,1.4199913844386975,-0.2790181449610416,0.6449001392283045,363.31306350337405,0,0,0
2021-05-19,9.640535137742512,23.20138138028811,52.816201470122174,5.0,31.193634290526923,62.340872510135696,2.5061187605083797,1006.5611696239761,-0.9608343921403975,0.18084767128162021,0.7379534512500951,381.061572400023,0,0,0
2021-05-20,12.079847321244475,23.07745294548426,58.72114723515218,5.0,30.792414010265695,61.08785711605563,2.7157360941920086,1006.153418799632,-0.049441379582625976,1.274182764815655,0.9194990103282998,433.84572321451833,0,0,0
2021-05-21,4.767826948078053,26.48820940706502,61.82873096827807,6.0,30.012234715299424,65.96753982551425,2.6858486023408377,1006.0109995361589,1.01942083846763,-0.13748703918959804,0.5209648330918712,461.6243303288134,0,0,0
2021-05-22,1.2361457284059612,18.083819997728472,49.029988785459246,5.0,31.07466423611098,62.1946671442234,2.5093793653774963,1007.336609742207,1.1380858284042328,0.943470247775365,0.6895084567791907,347.2167194046649,0,0,0
2021-05-23,6.680943718259874,12.684916394743869,47.96614509627646,5.0,29.443648150943936,63.78429419702036,2.983880699396299,1010.9007879905645,-1.2795872844101157,0.44749605384588653,0.8471530504392685,337.70704938103387,0,0,0
2021-05-24,8.833611957315737,16.750701403981555,44.59598129754387,5.0,31.93355642518796,63.35688789849278,3.011800591287491,1007.0452769977097,-0.28111989749028293,-1.1737935947894134,0.8624642685583072,307.58124614752194,0,0,0
2021-05-25,9.994210802194088,25.508766477769683,53.23312161324067,6.0,29.77869784602883,59.51670165960055,2.0498529951535063,1004.2267500117099,1.2223089862805345,-0.8817096234108194,1.3918939488144324,384.7884103063583,0,0,0
2021-05-26,0.5909182036605009,19.41874096317031,44.18350467915866,5.0,30.21546061998045,70.10264930382866,3.4070095219837793,1008.8610974558319,0.4572711946791588,-0.6668767064559171,1.0094238902135992,303.8941287888433,0,0,0
2021-05-27,5.087730868751983,15.672859874606555,37.19138822666617,5.0,30.048882856474144,66.0158337878064,1.65202533027434,1006.1975963634195,0.1757367283317955,-0.6838679335462268,0.5636034610425102,241.39178854270864,0,0,0
2021-05-28,0.9890388836842989,6.667687956096765,33.41260016227241,4.0,31.721637254200964,61.67847331042657,2.620618321564779,1009.6699117820481,-0.19591622409119108,-0.07223179688545137,1.0842011232640032,207.6133040275403,0,0,0
2021-05-29,10.981026002065324,17.057795754501587,43.157480435931774,5.0,31.51859574294255,65.53921191802523,3.443696657152719,1007.4453199741436,-0.3454208331369709,0.49171523846545784,1.1257037310311266,294.72252577183554,0,0,0
2021-05-30,13.024222028617347,24.994286914366953,49.50075874628925,5.0,27.085992631736772,68.26543966235823,3.1185423493979965,1007.7100437083632,0.25939715678129177,1.0041267333637782,0.9645852386010555,351.4249193780746,1,0,1
2021-05-31,1.707035848324724,25.712283879007376,42.37418263729824,4.0,31.112314374819544,63.920530578768364,2.53992319773277,1010.3584176769717,-0.22713671248603504,0.2465400709800658,0.6960246485087833,287.720647891671,0,0,0
2021-06-01,3.8390946463477365,18.570352523289788,36.21906648145188,4.0,26.805576528061316,81.83858271727145,4.653671968729098,1007.6990629329015,-0.03832075893999976,-0.35654364484256784,1.4393103685519861,142.2471164226529,0,0,0
2021-06-02,6.146420662154175,11.692551156826617,41.77456893994556,5.0,28.770156095552302,85.50885240504628,3.2083337592748022,1004.343671122907,0.07073883550353363,-1.6657929949038994,0.7296635952623792,168.4887277988433,1,0,1
2021-06-03,14.274202500275097,24.25971780877699,50.96104057146867,5.0,29.096562862171748,74.40027490514177,2.2712072792295404,1004.6084843542974,-0.6102643756441493,0.056471660333870355,1.156588719827269,215.30076996006562,1,0,0
2021-06-04,6.174782166633962,26.59540532906322,56.14678385441833,6.0,28.755124971272558,72.2646968740612,3.7440216736651695,1003.3767959210403,0.4789164364932945,0.020616154955993032,1.032610318802215,239.44759474755233,1,1,0
2021-06-05,20.40704575732489,40.85603042423393,65.5728036096779,6.0,29.949153403555613,70.85807907397383,2.4052697273924712,1011.2729475460569,2.622820183573878,0.14634300283116616,1.1209704131350393,287.61674237130705,1,0,0
2021-06-06,58.573508503319175,85.155336427278,111.12209008437974,6.0,30.256113685128476,66.61563385676084,2.9735087435936265,1005.0342767003308,-1.5992879753934677,1.6849922381626663,1.3826569199691443,540.4340493077352,1,0,1
2021-06-07,18.189874177513808,97.17042843815786,127.60492841356881,7.0,28.165154382670124,79.70231310293227,3.8460280196960634,1008.6928131860275,0.2916112717709819,0.9924772369544578,1.0785771391658279,628.5819990419005,1,0,1
2021-06-08,7.944597277826423,84.70797995865938,131.7104310450475,7.0,28.11429068912088,72.54389359092498,3.195863261119438,1005.6290555953775,-0.6841710797570151,0.6280487345999887,0.7778315127835937,651.8407913075858,1,0,1
2021-06-09,10.564990642955488,36.6994620982957,136.12900102584882,7.0,29.197649117503605,78.44094987005576,3.820743565310277,1004.6434098284832,0.519662319767325,-0.7696617040572798,1.170494732382548,676.8731955025955,1,0,0
2021-06-10,15.805625408671766,34.315213329453655,137.6604239342455,7.0,27.08678157982451,78.09400462226002,2.7775182614947047,1006.6259592104564,0.04190172599507483,-0.4103957993573948,0.7099623557942448,685.5491240050409,1,0,0
2021-06-11,10.43285265974471,36.80346871137194,141.91849442735622,7.0,28.58023732735438,69.88863353783168,3.987465875215751,1005.9991542739602,0.6856692966382172,-0.07587568554280173,0.8796897633346592,709.6722548228223,1,0,0
2021-06-12,10.380640437093113,36.61911850550957,131.89208910712446,7.0,31.13531545935943,69.50004371215785,2.457809965901438,1008.030524242493,1.0579559188579015,-0.620325699208283,0.4840041767677939,652.8699337801394,1,0,0
2021-06-13,37.15192294054143,57.965416037379235,110.47050354434671,7.0,27.139185701322127,80.27938421014389,4.26355682543362,1008.0530408597647,0.1731790059913632,0.40037161998809445,0.5149386412492154,531.5108083989924,1,0,1
2021-06-14,5.480515378866851,53.01307875650137,97.76114474569975,7.0,28.771842189578358,73.60728819276281,3.1871641184703803,1005.5248959794367,1.0188470595727603,0.28552707937256366,0.7497034970872413,459.50882407160174,1,0,0
2021-06-15,87.69494988565098,130.32738820505924,177.5114973535243,7.0,28.418785354514966,71.34764670930687,4.391072973899421,1003.9952318617088,-2.1098681044098098,-0.870646234443754,0.7902027234250291,911.3163251064902,1,0,1
2021-06-16,14.61089962514476,107.7863648896626,181.5574063357136,7.0,32.05538152655999,68.41198007414678,2.968070487278462,1004.4322545232458,1.4314070681244209,0.9574533672768996,0.23175328181780847,934.2375030935855,1,0,1
2021-06-17,10.512250794269374,112.8181003050651,176.2640317213112,7.0,28.495000803279616,73.29450275650464,4.627237029689571,1002.4787254795826,0.3375559367031061,0.08184826704708825,0.7388143315559912,904.2490920286791,1,0,1
2021-06-18,4.085509484442677,29.208659903856798,169.91668854600917,7.0,28.576271253115234,78.95706949180071,2.897781192242203,1006.0931224586618,0.9700590201706637,-1.3832569173938012,0.36488070346738866,868.2896615751682,1,0,0
2021-06-19,7.862187018100907,22.459947296812942,167.39823512701696,7.0,27.804935593694708,76.8629105046969,2.3960086526556967,1006.5659091862351,-1.0978881703573695,-0.04107428667597557,0.8431474113701083,854.0219359977891,1,0,0
2021-06-20,16.910031630249392,28.85772813279296,147.1563438167249,7.0,29.261057017611282,73.70810763986013,3.498239826330055,1004.530059560499,-0.7476928934448022,0.22496516473832387,0.38710728215913404,739.3461003422916,1,0,0
2021-06-21,17.443153136716212,42.215371785066495,159.11898157457426,7.0,29.626240369650294,78.72887339345016,4.212771284116119,1004.3125778197511,0.13134446473029673,0.7782338891485925,0.14459982794673248,807.1177062903915,0,0,0
2021-06-22,10.012955376504006,44.36614014346959,81.4369870654273,7.0,28.007858705949698,78.58026718480353,3.9468509682356663,1006.5581988324064,-0.015334100403716714,-0.2699811225012931,0.3935505902809578,367.0280180707546,1,0,0
2021-06-23,2.788882345699854,30.24499085892006,69.6149697859824,7.0,30.632218413627882,73.58347609754048,4.170160622156815,1005.4496314461709,0.25476172920899065,0.6623506139577658,0.09347888217250508,300.05306548987755,1,0,0
2021-06-24,13.025218470677352,25.827056192881198,72.12793746239038,7.0,29.627495510621042,84.58456085172878,3.9586899793874455,1006.2038776939519,0.9760636448369695,0.14971358941617258,0.5867168689460445,314.2897128391702,1,0,0
2021-06-25,7.474821231240906,23.288922047618097,75.5172492091886,7.0,30.440665468888383,71.5629088526469,2.9802171272851075,1005.926145085356,-1.5886982837725643,-1.0520436872300636,0.21572457032072423,333.49108838768234,1,0,1
2021-06-26,0.8808453679738184,21.380885069892063,68.5359075590615,6.0,28.788616753641243,76.71320169079536,3.9322279977096724,1007.0348642468078,0.8764371645455782,-1.132133418786011,0.12311906117578938,293.9398836384604,1,0,0
2021-06-27,28.09202672723546,36.44769332645017,79.71790265604758,6.0,29.588464555864995,71.07614804526038,3.5280782320699906,1005.5696475825032,0.0074537189621343165,0.898047896119479,0.2539377664839088,357.2889359767943,1,0,0
2021-06-28,1.749640367106281,30.722512462315546,64.02438988643765,5.0,28.949671399793417,75.12311606722413,3.046539068534699,1005.7074102481797,-0.18340367501209298,0.9567873427054153,-0.20062709106907156,268.3809054159248,1,0,0
2021-06-29,11.615864332158814,41.45753142650054,65.62729884209246,5.0,31.28876066190474,70.20170993761087,3.579990313122061,1003.1999120026287,-1.3240037109464013,0.2583273843237784,-0.3272125509396594,277.4618218753436,1,0,0
2021-06-30,13.566813265200155,26.932317964465234,76.40522976159275,5.0,29.410776284936617,73.96287592778681,3.4385823787891745,1006.4965511982115,0.45274380153917854,1.196565376944023,0.041645045959844716,338.5217404315948,1,0,0
2021-07-01,103.22644153138802,128.40911912874697,166.60645282230342,5.0,27.59327148377978,91.71037209776442,5.115778387220475,1004.9607338047501,-2.1726970659279337,0.8452878792332854,-0.390692733669567,600.6475742254527,1,0,1
2021-07-02,2.139271542843984,118.93252633943213,161.27090313390647,5.0,26.9394771575095,85.81958608706768,3.9572564423776644,1004.4812295151949,0.5835546101148414,0.5469029835837769,-0.4457525643462201,575.0134118230844,1,0,1
2021-07-03,54.00473416227252,159.3704472365045,214.39479192820522,6.0,26.858666873477752,84.99390195160437,3.9292123027885753,1008.2423897973497,-1.3428952519256927,-0.7290491909869375,-0.016009116625265607,785.1441845755689,1,1,1
2021-07-04,62.13323190897161,118.27723761408808,248.43599710994135,6.0,27.91382686089214,79.65853582802538,3.846999693800606,1005.0940901886795,0.04811212135572663,1.3851430008258747,-0.14768531826767461,918.3151407224229,1,0,1
2021-07-05,92.97982461245995,209.11779068370407,339.66618135529507,7.0,28.728438399260583,82.2662220774607,5.404291959814654,1004.5194297421718,-0.10725195359512839,0.4290411457666184,-0.6453012131841357,1282.1273122223306,1,0,1
2021-07-06,47.84458729320329,202.95764381463482,375.89490431633953,7.0,26.62263461906466,77.74830935068415,3.88057102342969,1005.6995494683822,1.0525843325644955,-0.30867101968929733,-0.5384963741703647,1424.1204534735007,1,0,1
2021-07-07,20.84829734030109,161.6727092459643,383.17638839144047,7.0,27.75822694418536,85.02364119675717,5.044285817496155,1008.6042428922362,-0.16078965211250115,-0.5346160042442384,-0.6603297954396332,1449.3703608518947,1,1,1
2021-07-08,55.66217043650346,124.35505507000782,335.6121172965559,7.0,27.83885324356554,86.47491775474006,3.647350377932251,1005.255990003531,-0.6247247050310991,0.20542702521108552,-0.039661238570968815,1257.5452667108916,1,0,1
2021-07-09,67.822042976713,144.33251075351754,401.2948887304249,7.0,28.082724879064635,81.64529358671928,4.570157171345189,1000.7988184930736,-0.4559424263740827,-1.336847267870764,-0.305089968813797,1522.4416589757773,1,0,1
2021-07-10,1.1188015958637951,124.60301500908025,348.4089561640162,6.0,25.190520993533774,88.07315073004605,4.423688517207433,1005.5787939179885,1.1455944918791972,0.5597386202822902,-0.6830150039587612,1309.1544843852444,1,0,1
2021-07-11,3.661217375821593,72.60206194839839,289.93694163086616,6.0,26.2863901765434,88.0226859437226,5.006203952982345,1003.2184647569505,0.4826672722628043,-0.7628566517552215,-0.4781834504661959,1073.3388304449086,1,0,0
2021-07-12,31.320369527211625,36.100388498897,228.27748654561782,6.0,25.66883362796812,81.2156791261627,4.91921017278343,1001.3406331899815,-0.3470669833708452,0.2964864870594294,-1.0037870240116986,824.6683367288224,1,0,0
2021-07-13,49.52621451030256,84.50780141333576,229.9591137627171,6.0,27.627054153451226,83.20520670514877,4.315316904275099,1007.8566987691793,-0.2128017779680621,-0.4172962698865276,-0.8733592295509016,831.4502823322069,1,0,1
2021-07-14,48.3728053713422,129.2193894088564,257.48362179375823,6.0,26.319653238292346,78.9795736377487,3.9439373203694164,1007.4676922250254,-1.4104593815269022,-0.21153497017976292,-0.7172631131580085,942.4556908605234,1,0,1
2021-07-15,27.624729613299547,125.5237494949443,229.4461809705543,6.0,26.886278390341335,80.37181722739847,5.2411598614903046,1003.1717689867961,0.3496267807663869,-0.6055278982120519,-0.6664083823293264,829.3816417564194,1,1,1
2021-07-16,106.2061581168314,182.20369310147314,267.8302961106727,6.0,25.909023222663595,76.72099731106881,3.8840144070270552,1003.183552510416,-1.5838341369259192,-0.12898354494464123,-0.8374128501940088,984.183477899015,1,0,1
2021-07-17,17.461985849669542,151.29287357980047,284.1734803644784,7.0,27.016484804103857,79.25791751333787,2.905548613104518,1005.0893895058779,0.6766168192519105,1.5115036368138832,-0.7821179280745053,1050.0949863881508,1,0,1
2021-07-18,11.230883285706533,134.89902725220747,291.74314627436337,7.0,26.007270914432503,80.57649037275516,3.1510436041243066,1003.2077666092067,0.11575943324213926,1.1080477016389125,-0.853005785051889,1080.6231925890397,0,0,1
2021-07-19,8.588427269261993,37.281296404638056,269.0112040164137,7.0,28.642087774984912,74.13694040891853,3.2971460685610112,1004.5579559658541,2.1482566196165305,0.28358316399636535,-0.9392603587477663,988.9460394809792,1,0,0
2021-07-20,34.067462654716614,53.88677320968513,253.5524521608278,7.0,28.25193511385259,82.94529995994984,4.623600205149118,1003.5173608836931,-0.9901219983518753,-0.020235412451961893,-0.995406492977117,926.6014168947393,1,0,0
2021-07-21,22.2442702374668,64.9001601614454,227.4239170269524,7.0,27.791336950202876,84.59482988385521,5.594863439015865,1004.0803643590317,-0.09239588193656964,0.6753609525543081,-1.0480973962632023,821.225919773725,1,0,0
2021-07-22,43.81483185722307,100.12656474940647,243.61401927087593,7.0,27.158297254585985,80.84288267523166,3.0422064749779545,1002.2732491728111,1.6184589308307564,0.9039763152860453,-0.900802671015671,886.5200537024818,1,0,1
2021-07-23,7.859845556455707,73.91894765114556,145.26770671050025,7.0,24.728254483314966,70.16164065189085,3.796649948130418,1006.2895055138522,1.072250676262273,-0.6638547057660235,-0.8703805627053028,489.8927065140688,1,0,0
2021-07-24,36.22330822716474,87.8979856408435,164.02902908799544,7.0,26.939526680445997,79.7776154715093,4.319598354902077,1006.967908795714,-0.6265908464219098,-0.061951094105761766,-0.934789505295376,565.5564841444124,1,0,1
2021-07-25,34.841924078047356,78.9250778616678,187.64006988033626,7.0,26.51497679497646,74.3348005169639,5.193487057431483,1004.6207213439221,0.20157068553610297,-1.4575665836544642,-1.287285970389724,660.7790118632266,1,0,1
2021-07-26,76.29705373646802,147.36228604168008,255.34869634754227,7.0,27.927199860310512,77.56917622275432,3.7934203665377892,1004.7358520174611,0.0017994207735785098,0.898481688208716,-1.2475631758027201,933.8456088540646,1,1,1
2021-07-27,6.388678992387003,117.52765680690234,227.66991268521267,7.0,28.448605992464902,86.6837396631213,4.620662771519338,1005.9335711579769,0.2537602806547415,1.6520194061606845,-0.9002263327203683,822.2180119306703,1,0,0
2021-07-28,14.475189662469939,97.16092239132493,219.9008321102158,7.0,28.035501683629104,71.81102153985087,4.116129328981129,1004.8045105851444,-0.6288123923863468,0.06406609969846841,-0.6310585684316501,790.8855731403258,1,0,1
2021-07-29,15.122553742829956,35.98642239768688,191.2085539958227,7.0,29.349269588916005,77.46905852155153,5.83047985777831,1007.9143034523345,-0.08038836243066107,-1.7000080999224132,-0.9568206685228684,675.1705874227117,1,0,0
2021-07-30,4.455912625073761,34.053656030373645,187.80462106444074,7.0,26.785376027999657,83.71804045899616,4.352907050609118,1002.4316353829555,-1.4382471377490424,0.4871124132616249,-1.0907193123326162,661.442641214739,1,0,0
2021-07-31,27.532004439013843,47.11047080691755,179.11331727628982,7.0,26.72732972228988,78.014988858035,4.479596141916348,1006.3507840518616,0.12161110668127385,-0.7232713329192643,-0.9215467824713974,626.390907444989,1,0,0
2021-08-01,25.54416966708128,57.532086731168874,169.81556286532376,7.0,29.03404547660239,76.89121375202302,4.31673705358795,1004.595524267251,0.40501860607964885,-0.530679553331568,-1.2486503326789657,588.893378856239,1,0,0
2021-08-02,31.58473139264268,84.66090549873779,125.10324052149844,7.0,27.81371890849217,89.70356908649866,4.017370937412979,1002.7829060358146,-0.2046774713794956,0.5012611118328031,-0.6210463521358314,408.5700974217926,1,0,1
2021-08-03,22.718917015118592,79.84781807484254,141.43347854423,7.0,27.23521771937968,82.43374805272657,4.836105123370387,1008.8458482616167,-1.453545801526309,0.20364330041017953,-0.8825447253294595,474.429394199545,1,0,1
2021-08-04,50.323295374590025,104.62694378235129,177.2815842563501,7.0,30.166145558991477,84.17726608139425,3.570766346072678,1009.0944491949627,0.8896786765663162,-0.3904870202708814,-1.0746015420567148,619.0035902234094,1,0,1
2021-08-05,11.467534879846689,84.5097472695553,173.62656539336683,7.0,28.389838722474536,82.79478744450361,3.0650054377825913,1004.4269226370643,0.32807253419352206,-0.5196845060813315,-0.9241806877605616,604.2630229585341,1,0,1
2021-08-06,66.44409221712408,128.2349224715608,235.61474498541713,7.0,27.314254112631065,81.30644372659785,4.176066103315035,1005.6015941509104,-0.6534135879308791,0.1006688441766662,-0.9867624528821588,854.2592514753902,1,0,1
2021-08-07,13.214867578046995,91.12649467501775,221.2976081244503,7.0,26.62069321703256,86.94023679833779,4.75552111042664,1003.9529532519218,-0.25254040215425755,-0.327572442009894,-0.49696925358353183,796.5187234915619,0,1,1
2021-08-08,5.96619230161229,85.62515209678335,201.71963075898134,7.0,29.438133696356196,88.64098463259506,3.917716740909319,1004.2425578078183,-1.350602462503655,-0.8873897068824059,-0.8427848310728826,717.5614039579631,1,0,1
2021-08-09,24.460204146225397,43.64126402588467,194.59510351256404,7.0,27.87081178538432,74.59680028487554,4.37807720462305,1002.7625899888217,-0.922869115000114,-0.26605054518268806,-0.7182769236360036,688.8284269082817,1,0,0
2021-08-10,29.325887707884064,59.75228415572174,201.20207420532952,7.0,27.61533964349258,81.54468058426804,3.5337650851911144,1002.4966165805507,-0.4840302117214255,0.2716740986041473,-0.5762441133567597,715.474115908715,1,0,0
2021-08-11,26.598449031568116,80.38454088567757,177.47722786230761,7.0,28.527802954575908,80.79075505962145,4.903780864205645,1008.1205584738954,1.105578731052136,-0.14248277345570667,-0.8652040956771884,619.7926142590353,1,0,1
2021-08-12,15.579042420587314,71.50337916003947,181.58873540304825,7.0,28.813138955734345,79.93489252281607,4.65732865759178,1004.731306333529,-0.5755530517987281,-1.1308068785985481,-0.5898235313372251,636.3741848982799,1,0,0
2021-08-13,106.28959913116297,148.4670905833184,221.43424231708713,7.0,28.350833934426035,85.73602517257481,4.278019869500078,1004.8921413928389,0.5761922933958828,0.7912516971004315,-0.5259110550908267,797.0697645621408,0,0,1
2021-08-14,9.458760298760033,131.32740185051028,217.67813503780013,7.0,28.818581762023502,81.81042543234919,4.367420750764093,1003.3421557295941,-0.4844845825754218,-2.191049149554667,-0.9374742360540687,781.9215111385657,1,0,1
2021-08-15,48.509146075030706,164.25750550495368,260.2210888112186,7.0,28.212940058602538,89.7321489412052,3.4300377200521206,1005.1430348885259,0.2231528047666874,-0.3570921240227482,-0.43852112358961587,953.4958026134123,1,0,1
2021-08-16,188.1761171048991,246.14402347868983,423.9370017698923,7.0,28.357862772941097,86.36680484681956,3.4568468837619895,1002.0942590151059,-0.12725595192942196,-0.4961587636431327,-0.46432843310919336,1613.7565338885602,1,0,1
2021-08-17,109.17841599953249,345.8636791794623,503.7895300615407,7.0,26.556722959357973,87.65989111306027,4.19298802376515,1003.4083591119739,0.7857509400834691,0.11854310229713189,-0.3701915722012597,1935.7990755767466,1,0,1
2021-08-18,7.698860764530473,305.0533938689621,484.88994179450305,7.0,30.115511390403363,77.47408237338627,4.574423764464407,1002.6414940428634,-0.4813302043967021,0.4493294462421884,-0.3423284156307721,1859.5776762974754,1,0,1
2021-08-19,66.61095222324393,183.4882289873069,535.9218515971596,7.0,25.853868633551798,79.31743586612546,4.604810080593913,1007.1282799381349,-1.4152754250021968,0.9014118466088283,-0.23391229208577724,2065.387639884673,1,0,1
2021-08-20,61.00602483685473,135.31583782462914,490.6382773028514,7.0,28.014144616435246,80.4545040253075,4.048423153560761,1001.827671469724,-1.2437541282272695,-0.5699238986817282,0.08908382095138515,1882.760518684428,1,0,1
2021-08-21,47.993472830577694,175.61044989067636,529.1729898346691,7.0,25.70954207468873,87.20423723208552,4.713409891804008,1002.6785006294363,-0.4786897445484817,0.4692658698667854,-0.48591930772976183,2038.1697090064347,1,0,1
2021-08-22,6.499951831547279,115.4994494989797,487.16379559118565,7.0,27.443635721768445,78.70340134223441,5.118657794477295,1001.1154278357662,-1.1241539736102475,0.1566547103051689,-0.2217815222585876,1868.748051635329,1,0,1
2021-08-23,23.707284712489884,78.20070937461486,322.6949631987764,7.0,26.781204863123463,79.58889947426101,4.212982428030612,1003.1990663268382,0.36919081411159616,-1.3692315001465787,0.08563063147837602,1205.4508217882008,1,0,1
2021-08-24,37.339560041477505,67.54679658551467,250.85610724072143,7.0,27.77107417602036,78.8778307818847,4.451981221996218,1003.9739507587907,-0.41919134837227007,1.520432204347288,0.09467686363151455,915.7271491675156,0,0,1
2021-08-25,2.3758488534804694,63.422693607447854,245.53309532967143,7.0,28.059476710039483,94.50078181653649,4.141470399828676,1006.5610932031408,2.1371458950237883,-1.1510201017921595,0.14484505944534123,894.2596224411224,0,0,0
2021-08-26,24.38178948690382,64.0971983818618,203.3039325933313,7.0,26.242148771946354,84.49224190421106,4.190399092648044,1004.4014924133888,-1.5639431356234188,0.335597817847772,0.7738437001869649,723.9508395895043,0,0,0
2021-08-27,32.26194971650704,59.01958805689132,174.55985747298362,7.0,27.539835719206575,85.98155070258836,4.367921471804148,1004.0620320885369,0.1832698608388211,0.3119679553581982,0.2941753375775921,608.0269583014391,0,0,0
2021-08-28,27.389321269945714,84.03306047335657,153.95570591235165,7.0,29.532159867577576,79.75942601781881,5.28814145146147,1005.3409231469954,-1.0151577211551022,0.22050942586326172,0.47813399895660014,524.9311129992119,0,0,1
2021-08-29,48.58195267149395,108.2332236579467,196.03770675229833,7.0,25.743844819636735,87.39556063856833,4.815348704376481,1004.0038629032496,-0.4440612063444107,-0.39566150572928604,0.17278669859211668,694.646396907614,0,0,1
2021-08-30,18.63941354721572,94.61068748865537,190.96983558702416,7.0,26.385340679311888,76.16867316826543,4.761293538286459,1009.138922677278,0.12727752600648976,0.6618021209124019,0.05471175073089932,674.2078441663372,0,0,1
2021-08-31,32.965874015917365,100.18724023462703,186.59614956146402,7.0,28.78607246322025,79.90257645844713,3.9939371582785097,1003.7372823625628,-2.092834237386858,-1.2482939791544765,0.27681085873631117,656.5689165788081,0,0,1
2021-09-01,33.25123100125589,84.85651856438896,217.47153170923946,7.0,29.356583231162116,70.54962952490213,2.9334727713834834,1007.331831022144,0.21314350510922472,-0.052663030939138336,0.5847340294284048,1103.0087360223372,0,0,1
2021-09-02,41.421345841607604,107.63845085878084,234.51108806394325,7.0,29.45962339437152,74.28515035581793,3.7060991252321345,1008.0747702235585,1.712616716046751,-0.45109974124196683,0.5585496610262868,1205.3244845885051,0,0,1
2021-09-03,3.214137222748666,77.88671406561214,205.46327557018486,7.0,30.679229780786386,70.35682230534344,4.218625049043369,1005.4716646058789,-0.4080944685317336,-0.5418383536536252,0.606344604989235,1046.5427173719793,0,1,1
2021-09-04,27.037045431545426,71.67252849590167,205.11099973178457,7.0,28.13631031009952,79.35696957537628,4.506420499778198,1006.8848200122728,0.23382707112495854,0.34299822996283663,0.4990748487097979,1050.3289925924262,0,0,0
2021-09-05,8.342771385524053,38.59395403981813,164.87181844581468,7.0,28.520937170480497,75.28776828890402,2.000795547099088,1005.6856280003461,0.9224295238128594,0.8619828341757465,0.5046341687916741,828.1450684972507,0,0,0
2021-09-06,21.718558958687336,57.09837577575679,167.9509638572863,7.0,28.348307879563556,70.74662365594287,4.9402108362145585,1007.0803872678224,-0.1475581500242969,-0.2746046094694929,0.5966989244243536,851.3712810873354,0,0,0
2021-09-07,3.3427435399258725,33.40407388413725,138.32783338129477,7.0,28.76052222634734,78.16470980068668,3.72257002960712,1006.7688133574181,-0.5228641696783349,0.624544871940622,0.8643805772774242,689.3301805719158,0,0,0
2021-09-08,56.75407217662654,81.81537467523974,161.83067455666543,7.0,31.12333741154388,72.77248616638606,4.017736079156784,1006.3346404308726,-2.048162763349577,0.039792532355678784,0.9329337609036634,822.4801867027006,0,0,1
2021-09-09,4.909357308046909,65.0061730245993,125.31868602310475,7.0,26.86649435888281,70.92267234650934,2.4284113950211714,1004.5071354118735,0.576891647455476,-0.7141857673904068,0.5084515385002719,615.6298122813587,0,0,0
2021-09-10,35.908754827587224,97.57218431226066,158.01330362794332,7.0,27.576100157343028,78.06033395218778,3.330234358599716,1009.9418004484908,-0.10185156875600751,-0.20636167459285107,0.985512525194989,800.8537391268445,0,1,1
2021-09-11,3.8728998220049946,44.69101195763911,134.84915801840287,7.0,27.336050198406678,63.8637634081654,3.9660866107968338,1007.6426684422348,-0.9114154662493456,-0.23958871263329196,0.6647086649996258,669.6225357625108,0,0,0
2021-09-12,1.9341533231860755,41.71580797277828,128.4405399560649,6.0,31.210378023577483,77.3888794663144,2.7675292054274307,1003.727602578944,0.11393703924992421,-0.5573279300043573,0.9745284600721766,633.3159663599838,0,0,0
2021-09-13,13.389874794848105,19.19692794003916,120.11185579222567,6.0,28.38784658403746,71.25233683429813,1.7393910386779827,1005.8304845515105,-0.5253123211255633,0.34278634292466703,0.8365703847734588,586.1316987558322,0,0,0
2021-09-14,20.889887952253254,36.21391607028742,137.65900020455305,6.0,28.79066338809813,72.40621909466508,3.6736810720404574,1003.7622369611269,-0.4755835180039731,0.1877169501638074,1.3005433040221734,685.5410581879822,0,0,0
2021-09-15,64.8320787445963,99.11184149169765,145.73700677252282,6.0,26.987518643527817,81.91160460145926,3.4425082627608186,1007.9588962723993,0.5456620404978374,-1.2725197586155346,0.8263067250196965,731.3051688341808,0,0,1
2021-09-16,19.028709364304742,104.75067606115428,159.85635882878063,6.0,28.880666041984842,72.37427740973469,4.337180113384612,1006.5479409490649,-1.20454417019146,-1.3212207961914864,0.9943353790379201,811.295149569937,0,0,1
2021-09-17,3.892936098361762,87.75372420726279,127.84054009955518,6.0,30.461136901795882,78.63009203023793,3.3764267751277393,1006.5944898088113,0.9425837574663827,0.33974756256460353,1.117257379987702,629.9168035108362,0,0,1
2021-09-18,34.48658128673442,57.40822674940091,158.4542215642846,6.0,29.602146360199278,75.03043531921055,3.4203465848090118,1005.0708888065471,-1.2579175468065633,-0.6522291430356277,0.7600665413325354,803.3516595054471,0,0,0
2021-09-19,55.18867505772816,93.56819244282433,211.70874329882668,7.0,29.096996820799053,75.97092838724264,3.890984364040608,1006.0191346382435,-0.5964312675197374,0.2416329240802592,0.9702696946500903,1105.0530513727842,0,0,1
2021-09-20,4.582416198702396,94.25767254316496,202.90128470268098,7.0,27.057166756984692,73.33290939338374,4.092490122016398,1008.0040811946217,1.7306515746599196,0.6247452624873507,0.9287153501891791,1055.1563960142673,0,0,1
2021-09-21,25.612295543056565,85.38338679948711,207.62369229348428,7.0,28.78887357038597,72.97921428931043,3.047128801062843,1008.4876476868444,1.01461928547818,-1.0167622699244474,0.8707144997851641,1081.9101231477532,0,0,1
2021-09-22,38.236886528215095,68.43159826997405,181.0285000771031,7.0,29.453687162113365,80.35014451285427,4.039077116404721,1008.110707829419,0.08784359324589618,-1.129229803660948,0.8899603611950329,931.2411048687446,0,0,1
2021-09-23,41.279573014319254,105.12875508559091,203.2793637271176,7.0,27.859451692770502,78.9239621084113,3.1593375645007393,1003.7932494573894,-0.8464771939510949,1.3395453459162363,1.2755327120156994,1057.2983168163537,0,0,1
2021-09-24,7.9832532644834036,87.49971280701774,207.36968089323923,7.0,30.164854113786163,72.12069453504898,3.4822908228944565,1006.252140965738,-0.4763450760299039,0.28125662636996723,0.8424513280936221,1080.4710792786504,0,0,1
2021-09-25,18.266770293952817,67.52959657275547,191.14986990045765,7.0,30.487102457920226,70.64275977671701,3.8748397063429234,1007.0431140366189,0.06594778312712676,-0.33539252533861674,1.1251897161022464,988.5814257250951,0,0,0
2021-09-26,20.67327901655591,46.92330257499212,156.63447385928538,7.0,28.507898300501395,72.30214572987073,3.9794596669853086,1005.2645537526861,0.03377090910563858,-0.7471523621170109,1.0507002456697068,793.042292383865,0,0,0
2021-09-27,39.900455721794145,78.84050503230287,191.95251338237713,7.0,30.264171563897516,77.4599482008634,3.663366804501343,1003.6009215050816,-0.08178383666336657,-0.4083526791258237,0.6082708285764514,993.128619987311,0,0,1
2021-09-28,7.184373154114219,67.75810789246427,173.5245909934348,7.0,29.094371056139483,79.40260225702825,2.8240446644385893,1004.2712148302646,-0.0277492626757659,-0.9524578688906482,1.0698180436573992,888.7294130677412,0,1,0
2021-09-29,38.47076939451858,85.55559827042694,173.75847385973827,7.0,30.85399966682747,75.64870605840328,2.350225035117358,1009.2867443971828,-0.19293759873460267,0.7067297392724723,0.5662566404481733,890.0544233016032,0,0,0
2021-09-30,15.08069678699699,60.73583933562978,147.559597632416,7.0,32.095817416698445,68.17978009756823,3.3596042677238374,1004.4425193271076,-1.2977808620760116,-0.6214009228850568,1.0534295092731094,741.6306432037646,0,0,0
2021-10-01,3.979885692144311,57.53135187365987,143.5562300600769,7.0,29.225242589323546,66.83165691714824,3.3368784085448615,1008.288867397148,-0.46485966794474953,0.8748276705730137,0.7436142754269366,1142.6539003846215,1,0,0
2021-10-02,4.454832797812183,23.515415276953476,129.74429256393628,7.0,31.833652428995425,69.28137738844495,3.023925958157649,1007.9218551490133,0.8231616485881619,-0.32050313581600903,0.8438238670269199,1027.4444203077264,0,0,0
2021-10-03,0.18857144841495552,8.623289938371443,109.25958499579532,6.0,32.583324656657915,63.86894274792144,2.8993272977470257,1007.9264511201159,-1.2315008677960058,-0.8346801468938518,0.4868846634972972,852.5872286605072,0,0,0
2021-10-04,0.32060806971889394,4.964012315946025,69.67973734372008,5.0,29.397421787537528,71.8948973015014,2.7498915594391136,1007.6275074997606,-0.17059996038535066,-0.34104127041104115,0.8072720690514757,507.0390951957757,0,0,0
2021-10-05,6.8306576304094735,7.339837148543316,69.32602182001533,5.0,29.95120532852397,59.10422077463534,2.939568599402015,1009.6237047642442,-0.7377785358937596,-2.0993334220011337,0.9722393967219413,512.13229808254,0,0,0
2021-10-06,3.681044208055421,10.832309908183781,34.53629663355217,5.0,29.935446326509208,65.94748705754803,2.157652787146652,1008.2673613943259,0.10021538645830019,-0.09661486133920555,0.5003008277176368,209.40294004876048,0,0,0
2021-10-07,2.4334422987515056,12.945144137216392,21.88904214530669,5.0,30.57048053007952,59.15068088776718,3.222228584818172,1007.0770797521116,-0.34976986296013635,-0.13609535290412686,0.5096245660612533,104.60452994373397,0,1,0
2021-10-08,4.17555483891704,10.29004134572396,22.08471129207941,5.0,30.257462555321222,68.02268469760433,3.2618913683722925,1008.2956770236557,1.3296542984772022,0.6597941972383742,0.7324048629133166,106.3536111654719,0,0,0
2021-10-09,9.025955391824581,15.63495252949312,26.655833886091813,5.0,30.478775840752977,66.14414389813243,2.540948188313036,1005.9036786451737,0.4559248387712284,-1.5090439423867037,0.69407822748091,147.2147526551722,0,0,0
2021-10-10,5.592529746971141,18.794039977712757,32.059792184647996,6.0,31.92955792361953,68.96113111446935,3.016312071709986,1009.0599584150893,-1.1806228491994903,0.9294930886908382,-0.08071882361904215,195.5205900289018,0,0,0
2021-10-11,1.3403241392857765,15.958809278081493,33.07950825421488,6.0,28.102237853389475,66.41559245107207,1.7241778146970002,1006.9775178094271,0.6041052104523288,0.6564794359981249,0.9837012727092523,204.63580445182532,0,0,0
2021-10-12,36.96941526218434,43.90226914844125,63.21826588598975,6.0,29.392923473732168,61.74780857616383,2.862136242901803,1007.0811900650468,-0.6971866706358567,1.0016348509589301,0.5625310967757701,474.04534545360315,0,0,1
2021-10-13,5.358246667324618,43.66798606879473,64.89546834525895,6.0,31.694273570723908,61.37781756838384,2.6742323367540033,1009.126743706778,-0.5192967342397802,-0.042177100803309935,0.5538374046407621,489.0378129680034,0,0,0
2021-10-14,14.743732085897639,57.07139401540659,77.20575813240508,6.0,31.530260872099316,61.686211724891386,3.5096472374412917,1007.4700894937401,0.28243711809640965,0.8111174672822044,0.29176631299055417,599.0791611109462,0,0,0
2021-10-15,9.102216322886404,29.204195076108654,82.13241961637445,6.0,29.274415192383348,59.44172305003977,2.634921839007967,1007.5714290618209,-0.4425726777571213,-1.1769952279255242,-0.18915427660914458,643.1184551416989,0,0,0
2021-10-16,2.897378731785116,26.74332714056915,76.00384295633498,6.0,31.53995699445523,68.31981508813335,3.275306201347571,1010.3049925635987,0.8035702346906598,0.5704380521636264,0.3895497193112664,588.3352737926868,0,0,0
2021-10-17,19.695783499675358,31.695378554346867,90.10709670903921,6.0,32.61398800357778,67.12274746514234,2.5194039866095026,1006.4515202196022,-0.6970590553620559,-0.6169302096799563,0.02507578065176233,714.4038784302527,0,0,0
2021-10-18,2.3696072304910776,24.962769461951538,91.1363798002445,7.0,30.687737143778378,56.58959995361225,1.3824470645739422,1009.1003511431153,-0.5570518973322269,-1.321121465938349,0.24734593076624384,723.6046122013805,0,0,0
2021-10-19,7.006097571398035,29.071488301564457,61.17306210945819,7.0,29.345228833140652,62.114218815233734,2.6187857008328637,1009.91240138921,-0.590733804193298,-0.8993124145314886,0.001309334574840497,455.76332409683823,0,0,0
2021-10-20,6.76698956374365,16.14269436563275,62.58180500587723,7.0,31.98131022287004,62.357454016554065,2.872161846387066,1010.3036730981812,-0.5090748735195351,0.004424910903416459,0.05999321715497578,468.35603882485464,0,0,0
2021-10-21,5.0628420393960445,18.835929174537718,52.90091495937563,7.0,33.168637867389315,58.21034016864485,2.844609995532108,1012.1209941739484,0.9892723999930316,-0.6594393665740828,-0.24879344424744293,381.8188239939763,0,0,0
2021-10-22,15.61995047612923,27.449782079268914,59.41864911261845,7.0,29.515777839214703,63.974742404206,2.85367779648309,1007.0474057107716,0.5659166642492728,0.30085882535664,0.10569501177783008,440.08067367106776,0,0,0
2021-10-23,2.695632463047804,23.378424978573065,59.21690284388114,7.0,30.81132716756014,66.64462276082726,2.450234971899663,1006.640973640101,1.5389495586108641,-1.446590044003214,-0.46251419878031597,438.27726922011453,0,0,0
2021-10-24,2.9430423922805526,21.258625331457573,42.46416173648633,7.0,32.28259215287192,66.37840615457146,2.5598709478719885,1009.6742459525688,2.0408797835093293,-1.7016780348926894,0.34146612491694395,288.5249686307071,0,0,0
2021-10-25,7.9860009781868575,13.624675833515202,48.08055548418211,7.0,30.917876464978555,68.06011032454715,2.0783011865706835,1009.8956921449935,-0.9276453287391058,1.0979099473148608,0.28573274492524126,338.72976075049655,0,0,0
2021-10-26,26.981235743767385,37.91027911423478,68.05569365655145,7.0,28.310159397818772,59.287226026021024,1.5561440940135114,1006.7799357740689,0.06337721459456,0.7230401035211476,0.0814370038790474,517.2869817286925,0,0,0
2021-10-27,13.79624405331786,48.763480775272086,75.08494814612567,7.0,31.37715907033021,61.95392741310036,2.6902320912910684,1009.0759062242456,-1.0585802849790897,-0.8394374687310461,-0.059843433772942656,580.121297885916,0,0,0
2021-10-28,0.6380515601176996,41.41553135720293,70.66015766684733,6.0,29.386042173178033,57.768271713732425,2.306985643820134,1013.1068304892907,-0.6998453349734404,-0.002399714776431611,-0.45065699026761397,540.5682152202052,0,0,0
2021-10-29,3.0338448865233643,17.46814049995891,58.07405207724146,6.0,28.977362625438474,62.446813671311276,3.402008840718811,1008.391654071384,-0.5670742592301025,0.8156056481610592,-0.1873646069908108,428.06135706355917,0,0,0
2021-10-30,6.03469594625945,9.7065923929005,61.413115560453114,6.0,28.33752707664998,61.89768661314585,1.4449172815108873,1009.865555988879,-0.951439386724447,0.3353604866324844,-0.5510487718996736,457.9091554160512,0,0,0
2021-10-31,17.611398502483933,26.679939335266734,76.0814716706565,6.0,32.42294447446204,63.3924537841903,2.928718772805579,1011.0413854341122,-0.9466985456085724,0.11857847694678272,-0.9617612575517496,589.0291947747472,0,0,0
2021-11-01,3.6488314777297184,27.294925926473088,71.74430217019935,6.0,30.190301452010186,62.5891783383349,3.7400841214793292,1013.3555616035383,-0.12985594066822936,0.8761232650500776,-0.24218950112894994,719.6769237063878,0,0,0
2021-11-02,0.9460670544446893,22.206297034658327,45.70913348087666,5.0,31.8255679509816,59.750381241583895,2.3574839036444573,1009.2910778705835,-1.0950465765477664,-0.5845699801609764,-0.3784848359874399,421.39575305499955,0,0,0
2021-11-03,0.3908553056719378,4.985753837846332,32.30374473323074,4.0,32.169433501445745,52.727034773073115,2.465542908145735,1011.1042789167823,0.7579142632238696,0.02494275893170296,-0.7091881805331243,269.89183182177345,0,0,0
2021-11-04,0.7944465967998902,2.131368956916503,32.46013976991293,4.0,31.58544388437586,49.916624304587344,2.722999824537855,1007.4295291249817,-0.8259781836757628,-0.01427891063391331,-1.046147805554095,275.9964619853062,0,0,0
2021-11-05,0.5487364372090818,1.7340383396808954,29.975031320598646,3.0,31.774096390598142,57.71422144309735,2.769903436878397,1008.893604234304,2.528612073086753,-0.21820963813683406,-0.9226173421973685,251.4028046257409,0,0,0
2021-11-06,0.6548628319540878,1.9980458659630456,24.595198206293283,2.0,31.892364620993877,60.77983324107189,2.222087360618573,1008.0452040794318,-0.4062460058679557,-0.3118444091366017,-1.265174348056963,193.16804456190368,0,0,0
2021-11-07,2.532791237128202,3.7363905062913574,9.51659094093755,2.0,31.552234059938133,56.329168402147104,1.8622140365260655,1005.4552053333824,0.064815877725347,0.058294590262792594,-0.6049395061397492,22.218779637885294,0,1,0
2021-11-08,0.6907123757373255,3.8783664448196014,6.558471838945158,1.0,30.294673978592147,48.6542027525223,2.858824241085278,1005.9633577431712,-1.1658070660194317,0.027525996788422033,-1.270763069886027,-12.159062830217438,0,1,0
2021-11-09,0.19990733459940746,3.423410947464921,5.812312119099876,1.0,30.169825271622358,64.21903369535868,1.3223549301047737,1009.622877165344,1.5354825823148754,-0.8387421140276207,-0.8242699228971343,-20.83057348291824,0,1,0
2021-11-10,0.6101438835209058,1.5007635938576245,6.031600696948843,1.0,31.211923136788283,57.07285753207133,2.966528754585206,1009.6582586010206,1.0075506127226246,0.641436727920358,-1.1301781377375555,-18.28210672940973,0,1,0
2021-11-11,0.9499438612958476,1.7599950794161465,6.187097961444801,1.0,31.182267631365956,55.38432237525327,2.2321126481140485,1006.9738870901439,0.2672242836625013,-0.7811081662130066,-1.296371345885074,-16.474992046480814,0,1,0
2021-11-12,2.993569759159345,4.553657503976084,8.631931283395065,2.0,31.959944924031785,51.02468045590319,2.4690428550072503,1011.6521121860887,-1.2121222939016092,-0.17458675563773912,-0.8976478463363006,11.93768908801619,0,1,0
2021-11-13,0.2621657960093992,4.205679416464577,8.239234247450376,2.0,32.9012073926658,55.36736475034995,2.151827039805938,1006.8508516594496,0.18960018995215827,-0.2362243781760412,-1.0552739268005238,7.37395234384499,0,1,0
2021-11-14,1.4155532320304656,4.671288787199195,7.121996242352639,1.0,31.840364803431868,58.753557376351225,3.325721336667935,1009.3119026613666,-1.0092879414155296,0.2864828901273727,-0.7738655792801716,-5.610052293682331,0,1,0
2021-11-15,0.681599070109458,2.3593180981493087,7.1128829367247715,1.0,30.223660091870556,56.680596298723295,2.6165981870097172,1008.1013875110298,1.3161197371260247,-1.6952831521738663,-1.3088685037041357,-5.715962763963084,0,0,0
2021-11-16,1.3216143538532419,3.418766655993151,8.234589955978606,1.0,28.305279158011718,52.25416281558099,2.2741489705876723,1009.041324977843,0.7282752586678555,0.7127278519435666,-1.1867893390314896,7.319978614225743,0,1,0
2021-11-17,0.5054910462991357,2.5087044702618213,8.129937118756837,1.0,30.28238521040353,53.72045621813107,2.2572500251699132,1010.4661784141545,0.0858951346389625,-0.5415922780897313,-1.5967869303233528,6.103753496911577,0,1,0
2021-11-18,2.004714487224996,3.831819887377359,9.184707744685983,2.0,29.476610792497446,51.61342410570155,2.378297481754238,1010.2120341636105,-2.1927380969225903,0.9759706358216435,-1.5452935047683343,18.36179219242978,0,1,0
2021-11-19,1.9378139042221538,4.448019437746272,8.128951889748793,1.0,30.336376215329462,63.23256598463502,3.905355868475228,1010.1229346090399,-0.8850743807931276,-0.38253193961292353,-0.5459060090879969,6.092303637569961,0,1,0
2021-11-20,0.5367550545495446,4.47928344599668,8.403541148288939,1.0,31.698085083045875,60.350855018156466,1.6769387483671796,1009.8930986636014,0.6189850184398852,-0.039074868587208406,-0.4677302288629732,9.28344839816066,0,1,0
2021-11-21,1.0321739102192404,3.5067428689909246,8.020161826477715,1.0,31.477044009608726,53.4544117636193,3.1169210711344055,1006.5578785391143,1.0915953225508404,1.531028832054739,-0.9555733751006327,4.827997661955572,0,1,0
2021-11-22,0.5697392273467474,2.138668192115518,7.908301983715003,1.0,33.96034596234807,50.33726308347187,2.8080549348089345,1010.8909718705007,0.9982528303429185,-0.22187056703493477,-1.1718171827509731,3.5280161803400483,0,1,0
2021-11-23,0.5016978468601855,2.103610984426159,7.088385476721946,1.0,32.035211471549644,56.49045249266765,3.3910788140022063,1006.9402992454775,-1.43281170201731,0.9910799077387671,-1.0245970048107396,-6.000660503238879,0,1,0
2021-11-24,0.16098686964191822,1.232423943848837,6.7438813000647295,1.0,34.03173149527516,54.1874533487464,2.8446318396698738,1008.6579571689214,0.2713970761316137,0.031236068451648075,-0.7127847072615751,-10.004322934122191,0,1,0
2021-11-25,0.3815518265381149,1.0442365430402045,5.120718639377848,0.0,32.36009246422048,53.67221869736369,2.469209562775051,1008.2164300758475,0.9139636948346366,0.3323350642347917,-1.0380957294381337,-28.86794144482258,0,1,0
2021-11-26,0.6032990434806446,1.1458377396606636,3.786203778636339,0.0,32.87888673926163,51.335818511078806,3.0792083397271885,1009.4790404609722,-1.4925020090240206,0.055966871529099606,-0.8256038521795481,-44.37703356454603,0,0,1
2021-11-27,0.17602790541536306,1.1608787754341083,3.425476629502157,0.0,30.85643411836524,51.74258888019806,2.605053057164537,1007.9763310907754,-0.007114063835912713,0.6782813010400993,-0.8609843589937675,-48.56923160638627,0,1,0
2021-11-28,1.1523527212575717,1.931679670153565,3.5456554405404885,0.0,29.854584301973574,56.16602852175642,2.920165380918747,1008.563499431184,0.24645815847761063,-0.548425290282441,-0.9701347057020511,-47.172571062496424,0,1,0
2021-11-29,1.7178626169387508,3.0462432436116713,4.693778830132492,0.0,30.73035345151335,54.55551781088967,3.3241234408464977,1011.7627810032081,-0.2706881263620614,-0.7872388184153484,-0.9270612294046747,-33.82963128878899,0,1,0
2021-11-30,0.88501922425617,3.755234562452478,5.077100207528476,0.0,31.34227995568538,66.2084680349018,2.5227037468484506,1006.5173624625204,-1.6669456698610814,-0.5108609523016174,-0.6873096739801706,-29.374853954806852,0,1,0
2021-12-01,0.471506767041548,3.074388608236455,5.387620104928106,0.0,30.605192123714996,57.06047900994712,2.152695410379495,1008.9790760243538,-0.2931282990663558,0.07976830105927285,-0.9676417247642501,-26.53300971363915,0,1,0
2021-12-02,0.2919590827307847,1.6484850740284887,5.298027361120775,0.0,30.083015167062833,51.06820148949067,2.0210392808210043,1006.9780867057348,-0.29457488722952163,-0.17665502844026357,-0.5710349504191113,-26.689507219278376,0,1,0
2021-12-03,0.44510373915673873,1.2085695889290573,5.13983205679687,0.0,32.06818733071109,49.059276729993584,2.677650643928523,1010.1973449526363,-0.13326516409297878,0.5682199011769412,-0.7602991556497826,-27.6965265609006,0,0,0
2021-12-04,0.7969038618042046,1.5339666836917139,5.760708013185711,0.0,30.07705852864587,57.277711399022394,1.8804253540028535,1007.6754037389579,-0.5071242828825626,1.043785359857216,-0.5670174987185987,-19.04476474284714,0,1,0
2021-12-05,0.6637193134139995,1.9057269143749287,5.27207460534214,0.0,29.337725833956082,54.996411870835956,2.197443420802068,1009.0528811938697,-0.3987109379173206,-0.7806706697880069,-0.20747573657698787,-24.1484944749859,0,1,0
2021-12-06,0.4424545061667994,1.9030776813849895,3.996666494570188,0.0,29.91369400186539,61.05743525816388,1.8267851423490715,1006.5991187203314,-0.035735654112280114,-0.587159033291146,-0.5484136524164969,-39.006511216251035,0,1,0
2021-12-07,0.2709838286290297,1.3771576482098145,3.3826310989430475,0.0,31.15651687775348,57.66064653486774,2.712329870421782,1011.3082872975672,0.39820914447274003,-1.1489915346502833,-0.2277513640634055,-45.66495156097443,0,1,0
2021-12-08,0.9629882637895293,1.6764265985853444,3.874112595691029,0.0,30.097327810451695,47.033400421145124,1.9560329370231169,1009.1145374518767,-0.2739840865710005,1.6242983926072831,-0.8556351725056144,-39.57165501609145,0,1,0
2021-12-09,0.30326491930315125,1.5372370117216962,3.8854184322633953,0.0,31.16528869667611,51.840161304952666,1.6352866519419504,1009.2314935273325,-0.3686840355312017,0.24373559929746147,-0.4738844370254805,-39.43148734878507,0,1,0
2021-12-10,0.10366768106644351,1.36992086415911,3.5439823741731002,0.0,32.32523658871292,53.659094206227245,1.7408611456191472,1010.4758265192405,0.08311863442901227,0.3838418560412622,-0.29693886437229433,-43.66454834258861,0,1,0
2021-12-11,0.5580615771262623,0.964994177495843,3.305140089495158,0.0,32.28883482693072,59.4465721336536,2.0646733828158848,1006.7309802541421,-1.7288243333056634,-1.0721667080248387,0.23034191559766254,-46.62567074013498,0,1,0
2021-12-12,0.0426939269264818,0.7044231851191736,2.68411470300764,0.0,30.55945828859699,51.17572089979903,2.119145908032399,1007.8764754456727,0.4293316145038123,-0.0009359912054997066,-0.6863355887969906,-54.32502843072449,0,1,0
2021-12-13,0.638770546561358,1.2395260506140882,2.880430743402199,0.0,29.659096339467496,57.299712486840846,2.5581979867025635,1009.2896130922601,-0.0005067874106629274,0.40739838753046825,-0.16565099207198297,-51.89113853139698,0,1,0
2021-12-14,0.6833388179477276,1.3648032914355532,3.2927857327208967,0.0,30.678741710113137,52.45236942535958,2.3103524261545805,1005.8119365836417,0.035724173937805644,-0.20220615242754,0.27775964760909677,-46.778837766655734,0,1,0
2021-12-15,0.2468419597653811,1.5689513242744526,2.5766394286967484,0.0,32.402517295018995,56.55927359685034,2.6295128756250867,1006.0051875680698,0.8646608768350176,0.8605644998611157,-0.22721506809998934,-55.65748697077551,0,1,0
2021-12-16,0.28916293850162594,1.2193437162147207,2.562537447895223,0.0,32.72948928198442,58.51111967854323,2.677693914095498,1007.5052434155959,-1.7575339770434233,1.8494649005142638,-0.028621540174447947,-55.83232071622167,0,1,0
2021-12-17,1.0844713754949729,1.6204762737619658,3.5433411423237526,0.0,31.97866045076872,63.35609878071269,2.851626106227585,1006.9297198439889,-1.7764504828730674,-0.7576502616751615,0.16299516803774142,-43.67249821626229,0,1,0
2021-12-18,2.3344861768510476,3.7081204908476324,5.3197657420485385,1.0,33.166625032715615,58.53840324317526,1.2626316532864874,1008.3645615769595,0.2464234607911676,-0.8176697967813574,0.18141278302724112,-21.64871512906589,0,1,0
2021-12-19,0.4979585598015332,3.9169161121475398,5.775030374923589,1.0,33.90549752878915,55.289470007633625,1.7309923765604673,1009.9238934563065,-0.0064051696156641955,-0.7022048524228613,0.5815360453801055,-16.004428552947992,0,1,0
2021-12-20,0.2527202750503686,3.0851650117029354,5.3889801034125995,1.0,30.808095461940688,63.96567269835659,2.7402584331430946,1010.3333001901717,0.153159248872739,1.2849593280131926,0.3564331037349863,-20.790608299517892,0,1,0
2021-12-21,0.689025525521878,1.4397043603737656,5.394666810986751,1.0,33.56580311690311,57.944170536742384,2.534173804548401,1012.2404547686001,-0.415914367655201,0.8338842536237476,0.6297252361548349,-20.720105552532274,0,1,0
2021-12-22,0.42506131435110445,1.3668071149233367,5.572886165572474,1.0,31.119845232213585,60.84765776381289,2.993486171503176,1008.942791602295,0.597918306815938,-0.10842225423491879,0.2603284400882443,-18.51057501127304,0,1,0
2021-12-23,0.6472077256524313,1.7612945655253995,5.93093095272328,1.0,32.91240273748612,55.192653268384795,1.4809158222594316,1009.2613614384796,0.839374958692008,0.029247731520699424,0.21666670475155136,-14.071602071508297,0,1,0
2021-12-24,0.5597311152891449,1.6320001552926664,5.406190692517452,1.0,32.47661601746389,58.45467010306475,2.122233655573794,1008.9387305895718,0.43558406455637433,-0.6532349009573771,0.3955949889234417,-20.577234604227442,0,1,0
2021-12-25,0.5732855328618054,1.7802243738033674,3.644990048528209,0.0,28.716732774368353,54.4252052551946,2.2294984375098403,1009.5599984778281,-0.23474561256412482,0.7120217261945473,0.2110829609279522,-42.41227390860266,0,1,0
2021-12-26,0.021222215795197657,1.1542388639461336,3.1682537045218733,0.0,30.13189657242452,60.064169769282906,2.507264672163625,1009.7005769364011,-1.8969204488529627,-0.303921459286843,0.6690241426798307,-48.322762781479796,0,1,0
2021-12-27,0.28817882256673677,0.8826865712237256,3.2037122520382413,0.0,29.774811478487525,61.56106397326741,2.4288528240917224,1010.6433275684824,0.6923125872334153,-0.20806123156399947,0.49727280057057505,-47.88315427841779,0,1,0
2021-12-28,0.2584137968563886,0.5678148352183088,2.7731005233727526,0.0,28.98974871704578,56.29727035691,2.688773068580833,1010.6362904543043,1.0995557995958336,0.4870318172234055,0.46955914712868585,-53.22179871533939,0,1,0
2021-12-29,0.25426311967850074,0.8008557391016119,2.6023023287001488,0.0,32.71565553807594,56.90845769277323,2.338534022666554,1009.9183694925391,0.580102570785582,-0.15039595046657694,0.8039679116533736,-55.339323090838874,0,1,0
2021-12-30,0.8513930670793965,1.3640699836142716,2.8064876701271135,0.0,34.38089515849012,59.6125305298549,3.2307281619432735,1011.7018266803933,-0.7916781846307559,-0.1879727947982771,0.4330752259250225,-52.8078710551773,0,1,0
2021-12-31,0.1177947013662985,1.2234508881241815,2.3645512562042676,0.0,31.123873054743353,56.17528572898948,3.422051966273762,1009.0316783087663,0.606414954300982,0.00846016442326006,0.9491120070888573,-58.286916841909886,0,1,0
2022-01-01,0.021467550284243412,0.9906553187299243,1.8127332736267054,0.0,32.69578462268801,52.60858203141555,1.7292784759722601,1007.8991409532376,0.774476737165301,0.6362843310344614,0.6720501554365302,-65.54635516363423,0,1,0
2022-01-02,0.2478284751103239,0.3870907267608516,2.0393395329418316,0.0,33.57844073594212,61.198302002050596,2.42708325416999,1008.1934817182153,1.402934623019177,1.3171944603870667,1.1141139745117958,-62.59635169919299,0,0,1
2022-01-03,0.1926945565094271,0.46199058190398024,1.9438552668845221,0.0,31.79162967143094,58.46023574904156,2.8788130931961318,1008.8094600874773,-0.7884989318051618,0.4683889857968656,0.7563172253420519,-63.67240494135502,0,1,0
2022-01-04,0.5012916320414822,0.941814663661219,2.1867331020696157,0.0,31.46452700029402,59.084804127735275,2.751213317037448,1007.0494196661141,-0.20380912608972462,0.6426513788994136,1.040004120532569,-60.51901056039256,1,1,0
2022-01-05,0.36426607857627563,1.0582522671271708,2.2967360609673904,0.0,31.156002192336146,61.46381499248492,2.155310353410458,1007.8959012018977,0.6725448460291097,-0.1598832496808995,0.951720776797517,-59.02652125013057,0,1,0
2022-01-06,0.31150296330757504,1.1770606739253187,1.7568459571955688,0.0,32.25254772626204,62.43026028301405,2.5529354591599405,1006.94825508085,0.05166906429434201,-0.5662382905349735,1.114810992450495,-65.65754417454356,0,1,0
2022-01-07,1.3800954028227619,2.0558644447065983,3.0191466586520326,0.0,32.72453696122069,58.79487769752082,1.449941539245189,1009.6190912829163,-1.0055948418461473,0.5231889857880921,0.9754615486813805,-49.76160090031326,0,1,0
2022-01-08,0.197105716907753,1.8887040830380757,3.194784825275542,0.0,32.14649215962993,53.880402967030186,2.388531400943018,1009.636840790404,0.37315465652403274,0.1369926596804571,0.5483396784095339,-47.566164639490545,0,1,0
2022-01-09,0.8070406515664739,2.3842417712969746,3.753997001731692,0.0,32.09841359731869,57.51995041800616,1.5238343053106602,1005.8159157637471,0.52079547043365,-1.1381029189997995,1.229626495409831,-40.57614240635541,0,1,0
2022-01-10,0.43955820449887867,1.4437045729730913,4.000860649721144,0.0,31.42828122948394,61.754413317765525,2.70480390643126,1007.8226149541372,0.07916660669790179,-0.2624556987404784,0.9657304814951237,-37.49040418274499,0,1,0
2022-01-11,1.1046850758026796,2.351283931868018,4.604254093482341,0.0,29.26982895607319,60.52635657268886,1.73044175915242,1012.2853027346298,0.19762643446194975,-0.06631761878524288,1.1922058106971096,-29.948126376944256,0,1,0
2022-01-12,1.7339109048732082,3.278154185174752,5.973898919779273,0.0,32.756768235434315,57.729929745158785,2.4978364328726705,1010.1335668260305,-0.23283531151715714,-0.408366293622783,1.1714943264090163,-12.827884382240853,0,1,0
2022-01-13,0.4326566300720338,3.2712526107479074,6.095052586543732,0.0,29.70149012371429,55.879265873916395,2.591533882264806,1009.8177685174546,1.3304510421444533,1.1853884756337019,0.8066321700362924,-11.31349170632276,0,1,0
2022-01-14,0.045148527399229234,2.211716062344457,4.760105711120199,0.0,32.367105190095224,61.394511460594714,2.445534861467919,1007.8043069489539,-0.8106229653414089,0.38387122952177344,0.7691955309619387,-28.000017379635732,0,1,0
2022-01-15,0.1189702662626926,0.5967754237339414,4.681970260475139,0.0,32.557996601165215,59.00510207174544,2.020844810252807,1009.517071409244,-0.528588686487401,1.0985399343109183,1.156592120731001,-28.97669235239151,0,1,0
2022-01-16,0.0830129906772097,0.2471317843391173,3.9579425995858752,0.0,29.90336034488806,62.28294047123611,2.2737955778776957,1008.9738449588748,0.00988696217477306,0.21074020932172766,0.9087367855925617,-38.02686983438636,0,0,0
2022-01-17,0.2899233491963582,0.49190660613624626,3.8083077442833546,0.0,30.64904418432786,63.53610985757189,3.1086595289377015,1007.5658193676372,0.7910586249308034,0.06511026914006217,1.2074141102605935,-39.897270747408314,0,1,0
2022-01-18,0.24174635084865587,0.6146826907222096,2.9453690193293314,0.0,34.47002966312072,58.03514999449075,2.1452514880949205,1008.1111417388412,-1.3476358530850832,-0.7492782540881994,0.9145110413861324,-50.68380424438573,0,1,0
2022-01-19,0.5860663546315712,1.1177360546765711,1.797524469087694,0.0,31.388690158157942,63.79309359090369,2.4128745921792367,1008.1517066582439,-1.1792670747888954,0.009543626557253377,1.1977089037572521,-65.0315943394056,0,1,0
2022-01-20,1.0333491778993542,1.8611618833795671,2.398217016915014,0.0,29.79166614556675,60.12279927491141,2.065943245336567,1006.3203509421625,-1.833955656961246,0.010443140540352155,1.0275715459590047,-57.523077105033806,0,0,0
2022-01-21,0.03707780300667327,1.6564933355375844,2.3901462925224584,0.0,32.621196226773336,60.49822428549239,3.012272787734709,1006.617541733539,0.02942570272794371,-1.0936911072273865,0.9707839771960277,-57.62395928413617,0,1,0
2022-01-22,0.47358943911415924,1.5440164200201725,2.7447654653739253,0.0,30.418220003372625,50.19413226782457,2.4467149931080208,1008.6409190024407,-1.0064752354858895,-0.43162197581631595,0.7795589024424955,-53.19130204438074,0,1,0
2022-01-23,0.20386170956347555,0.7145289516842939,2.865614184260191,0.0,28.81123165973934,55.37341154165518,1.9416321229336844,1007.4735662474837,-0.34609509901612506,-0.2586260788130899,0.9027461371131354,-51.68072114606381,0,1,0
2022-01-24,0.49005954778709093,1.1675106964647115,3.0657503828509234,0.0,32.22764265844013,56.11301319421689,2.404291683130921,1008.4583101663404,0.5952403709025372,0.3307836352445772,1.1118237030241955,-49.1790651795041,0,0,0
2022-01-25,0.29125357535476354,0.9851748327053158,3.115257607357031,0.0,30.216700349078696,57.6419061338489,2.25539739912298,1006.1097876970516,-0.577388448704562,0.3690800895885649,0.7665174525188053,-48.56023637968872,1,1,0
2022-01-26,0.8890286930768475,1.6703418162186878,3.4182199458023077,0.0,31.94962897028649,59.6499322044415,3.235565794549796,1010.442349624713,0.2081538204690281,-0.4650547855721639,0.8769187126640902,-44.77327756388555,0,1,0
2022-01-27,0.13082647906214404,1.3111087474937408,2.5156972469650976,0.0,30.362199237831767,59.41491472633252,2.373204024108248,1012.74482580671,-0.2694041169765498,0.3750956820335079,0.7174728136009839,-56.05460153426214,0,1,0
2022-01-28,0.2197786220882677,1.239633794227245,2.698398066046692,0.0,32.490051163152636,59.88475269861815,1.5703671949833744,1010.8492748910752,0.6049028835867931,-0.1456631434788136,0.6966134077147907,-53.770883759221,0,1,0
2022-01-29,0.40274160152337013,0.7533467026737676,2.627550228455903,0.0,31.756862945623386,56.895056328793785,2.699196469881585,1011.0349252632619,0.4276152606132079,-2.2956960198839655,1.0538413206769235,-54.65646526259158,0,1,0
2022-01-30,0.32554036425340993,0.9480605878650334,2.749228883145837,0.0,27.875073266632505,61.963245906504774,3.471668988031042,1010.1269833083745,-0.622740326557149,-0.3877616255612339,0.8790250636957029,-53.135510359623176,0,1,0
2022-01-31,0.40020586123129187,1.1284878270080576,2.6593751965900383,0.0,32.0347828481615,65.61804045135442,3.1181750617396196,1009.4780173260364,-0.15178657806040738,0.8631909121139029,0.552262113992756,-54.25866055770088,0,1,0
2022-02-01,0.05582484395616495,0.7815710694408524,2.4239464651914395,0.0,31.093412137880378,56.93862829410714,1.7386988534512644,1009.1547083615632,0.9393690579484449,-1.3454446053021438,0.5382004647159252,-57.180111012411835,0,1,0
2022-02-02,1.5287340455532057,1.984764750740648,3.0636518176677976,0.0,33.482440696750054,55.001253625657476,2.239222162127354,1007.3528192370666,0.3540391832286873,0.09015296033243218,0.2597998453112938,-49.195029780453474,0,1,0
2022-02-03,0.2671719701751894,1.8517308596845456,3.1999973087808433,0.0,32.05232698630512,55.11850448765222,2.382049142303546,1010.2410675102242,-1.2572658519760183,1.2682089713482299,0.34136204047275115,-47.498699117258056,0,1,0
2022-02-04,0.14298499704726148,1.9388910127756422,3.123203683739837,0.0,32.557656978937146,58.3735606952421,2.3893297335860013,1010.134242348839,0.5900562550542444,-0.6084903624083846,0.41010508280251845,-48.46523222375039,0,1,0
2022-02-05,0.4124022153511227,0.8225591825735592,3.1328642975675893,0.0,30.50427887625363,56.13470670051522,2.6290361630297197,1008.1655498850674,-0.9761495601926143,0.0017192643421486888,0.4925329827413595,-48.351645150645325,0,1,0
2022-02-06,0.4776188254023501,1.03300603780072,3.2849427587165296,0.0,30.392941146537776,51.11872591799198,2.193998444130657,1009.9457744896143,1.2712617629649055,-1.043213005782337,0.4134451552843948,-46.458753871763165,0,1,0
2022-02-07,2.088003418724155,2.9780244594776133,4.972740316209393,1.0,31.463126934198133,50.915388516148774,1.8510847503739245,1007.749865599864,0.9216889558569225,1.3017849133308577,-0.10561227046334945,-25.379282410592218,0,1,0
2022-02-08,1.1774511773626464,3.743073421489137,6.094366649615874,1.0,30.994173420171535,61.98963956238329,2.9715392506277754,1007.8645074768434,0.26089692832656075,-0.06666610159729143,0.36098092895987005,-11.366190021689212,0,1,0
2022-02-09,0.3183997380564063,3.5838543341431928,4.884032342119075,1.0,33.37224867077704,62.23163878738707,1.7263193993603596,1010.3941567687276,0.14150955909257407,0.03730147423521452,0.03921437791189546,-26.48755973926791,0,1,0
2022-02-10,1.8048679728186148,3.300718888237653,6.4217283447625,1.0,31.284389315470264,62.803842605959375,1.9191891240978594,1009.773916520768,-0.18812903042467802,1.0834403724044979,-0.24085697119454308,-7.276280983315107,0,1,0
2022-02-11,1.5315727018094587,3.6548404126844654,7.810316049524697,1.0,29.784285547705704,58.62277429982321,1.7225904372737402,1008.5814673342486,0.6106715562600253,0.5291827157163849,0.2844519450367504,10.072106101918953,0,1,0
2022-02-12,0.14478419398554507,3.481224868613604,7.54269802815912,1.0,30.3404227185188,53.6947886162309,2.767786509993723,1008.3731680617419,-0.3337003525158555,-0.7005029859973919,0.2607935863729255,6.728607517197179,0,1,0
2022-02-13,2.472844317622837,4.149201213417826,9.537923520379607,2.0,32.85010751614253,55.018993912340534,2.4643418343713153,1009.3135580891256,0.2120128835759045,-0.5178223392698528,-0.09414726925782935,31.65605289400577,0,1,0
2022-02-14,0.2725594906924732,2.890188002300841,7.722479592347925,1.0,31.264875715714826,50.94725237469611,2.930561220545206,1005.6952461526578,0.784740929867506,0.3959450436186389,-0.03744950699933147,8.97471711160006,0,1,0
2022-02-15,0.534287769017882,3.2796915773331783,7.079316184003161,1.0,31.19003952255326,50.69514078705222,1.9293429989687536,1007.634982188249,-0.5056258891730308,-0.499296844050352,-0.07668717475748649,0.9393242237347029,0,1,0
2022-02-16,1.3455401316012678,2.152387391311609,8.106456577548022,1.0,32.983298594587836,58.095779111966074,1.6486511785014275,1006.721770736946,-0.5545734659916252,-1.6937946496964216,0.027320635040531838,13.771951991490674,0,1,0
2022-02-17,0.037438678421553476,1.9172665790406893,6.339027283150961,1.0,30.218367533271167,58.68325840080853,2.1341184754402804,1009.020302662163,-1.074928932652013,-0.042592638911262234,-0.19168579157334772,-8.309510662849448,0,1,0
2022-02-18,0.4005303310908112,1.7835091411136184,5.207984912432313,1.0,28.369789179884663,62.948539893510166,2.29096067666607,1010.9584803695666,-0.9580254715135551,-1.1841701288998476,-0.7565524046034581,-22.4402427654992,0,1,0
2022-02-19,0.6163320854106732,1.0543010949230236,5.679532803857441,1.0,30.305022692783623,56.74456347759563,2.5259168333844553,1009.8578528354349,-1.6455557802973522,1.2930254028509809,0.028204440090312477,-16.54893656884091,0,1,0
2022-02-20,1.1409669372314404,2.1578293537329105,4.347655423466044,0.0,31.8379607216478,50.93511972318575,1.3910240687497823,1008.0782707977826,0.6568459101139766,0.14143011021052218,-0.2559870862822729,-33.18881049675712,0,1,0
2022-02-21,0.45508869006222463,2.2123877127043237,4.530184622835796,0.0,31.149719869209598,54.77793455607232,2.6876975666926213,1007.7270928215676,1.6280230878744937,-0.7241400453948604,-0.696324236408554,-30.90837319044624,0,1,0
2022-02-22,0.03837500554179407,1.634430632835445,4.034271859359708,0.0,29.314434529564718,53.69875042633038,1.8639158057487069,1007.6420076236534,1.282796049123275,-0.5589059317299631,-0.8711357837319401,-37.104083084597036,0,1,0
2022-02-23,2.0756389967683138,2.5691026923723186,4.764370724526754,1.0,32.92151934157509,53.7154531028155,2.0120096586519174,1012.5982779627733,-1.4634760397638649,-1.5115180702991364,-0.5304187488418165,-27.982557897553022,0,1,0
2022-02-24,0.4716008834446579,2.585614885754752,5.198532929549858,1.0,31.727931722201152,56.46379091053954,3.1046847674072673,1009.1214792740914,0.65236920440058,-0.879569509424403,-0.7670536165895184,-22.558331566952276,0,1,0
2022-02-25,0.6390302605561468,3.1862701407691048,5.4370328590151935,1.0,32.04365657028181,50.51427636551357,1.0905409414504972,1009.3585188328946,1.279895714931201,0.8130585620325594,-0.6537040800704628,-19.57862125987142,0,1,0
2022-02-26,0.06672994974477481,1.1773610937455656,4.887430723349295,1.0,32.086490361379646,56.0623277310313,2.593960265022588,1005.1989338137402,-0.41112898266479764,1.7854289163939132,-0.586793872954551,-26.445101900383932,0,1,0
2022-02-27,1.477251420386316,2.183011630687224,5.2237152065041705,1.0,29.68110205349307,57.24189318330487,2.591696226762907,1006.8732776884659,0.09130268758504452,0.5811172105591668,-0.948314624674754,-22.243715582097504,0,0,0
2022-02-28,0.2769960607182985,1.8209774308493754,5.045622577160246,1.0,31.923066480684213,59.89212643069607,1.9091880626119624,1008.9194487530084,-1.8071037457242034,-0.07363403089682334,-1.1173005329382484,-24.468724388015627,0,1,0
2022-03-01,0.20477532179192834,1.959022802896529,5.212022893410379,1.0,32.755049857804835,56.41706873414354,2.1391238068208507,1008.0868238761943,0.24006255117897737,-0.34556750052313334,-0.7708017012746843,-22.327695631932766,0,1,0
2022-03-02,1.2175905959438538,1.6993619784540668,4.35397449258592,0.0,33.08104888384094,58.707776301036056,3.1399544806612343,1009.2230201458118,-0.9572037564912457,-0.7651966508610899,-1.0269100368910187,-33.07508663910582,0,1,0
2022-03-03,0.07978170747489273,1.5021476252106611,3.962155316616154,0.0,32.49438321634016,53.12551372992555,3.58508052575308,1009.1992975692439,0.17967151612036308,1.6478127194717924,-0.8805886800146255,-38.04225409009628,0,1,0
2022-03-04,0.647732260311438,1.9451045637301707,3.970857316371445,0.0,32.20299608335086,52.70124868862749,3.0461619195011376,1010.0643296460531,-1.4050826299699923,-0.15099896149149994,-1.2736639224968427,-38.04383420494866,0,1,0
2022-03-05,0.19730989843098812,0.9248238662173052,4.101437265057658,0.0,29.052224790643447,59.947198052519795,3.538849400026746,1005.6190246467654,0.4885724020298363,1.6925038640500034,-1.0187038814117086,-36.534394088048536,0,1,0
2022-03-06,0.7203261236325417,1.565368282374954,3.3445119683038844,0.0,31.46370604743357,49.63673861438752,1.9925272445699345,1006.9941041515929,0.9220614078840208,1.1148156076880489,-0.7917973107774856,-46.02807958500643,0,1,0
2022-03-07,0.900796756293205,1.818432778356721,3.968312663878791,0.0,30.145410472111003,53.41267205479666,1.4592759594947562,1008.8042134111162,-0.7048618755436509,-1.392637145077019,-0.8309345309629834,-38.40378002219202,0,1,0
2022-03-08,0.2661230321047489,1.8872459120304819,4.029660374191612,0.0,33.27964959604693,58.64545943944103,2.375753494286689,1007.8181898264464,-1.0232303232693911,-0.5327619166074334,-1.1883581514597334,-37.643202475002546,0,1,0
2022-03-09,1.4073372176850985,2.5742570060830383,4.219406995932856,0.0,33.067145850649894,53.03530506320451,2.890241581033867,1008.4250159469574,-1.940420738294983,-0.5352360993390579,-1.2891270675887763,-35.290759011089186,0,1,0
2022-03-10,0.4724524944296174,2.145912744219451,4.612077782887581,0.0,30.153874226313754,53.47057193353194,1.2944763357003162,1009.1797649598345,-0.23977218066765935,-0.06387709128459157,-0.9958358120678131,-30.422499340563697,0,1,0
2022-03-11,2.0997236704415476,3.9795133825562496,6.064069193017691,1.0,31.420245104133603,53.89336773139867,1.8514522897745833,1007.6426361345437,-0.5234345408534447,-0.04825140249100279,-0.8591493574087108,-12.420978833511361,0,1,0
2022-03-12,1.2303250040576348,3.802501168928786,7.097084298644337,1.0,31.832527782231974,55.33452470100227,1.9180893435627393,1009.3296018220844,-1.3959174711132494,2.396991276318514,-0.8946607958292803,0.3861510698029984,0,0,0
2022-03-13,0.5264737068392685,3.8565223813384373,6.903231881851064,1.0,32.745722321806674,58.65323390178964,2.6212645368026766,1009.9626877578371,0.40771688068095446,-0.861782299579807,-1.1174684228295253,-2.0171952805263524,0,1,0
2022-03-14,0.5227309147604532,2.279529625657343,6.525166040318312,1.0,29.138749011507592,58.53601260000395,2.5438981376202157,1009.1006579239928,-0.40497334367818427,0.18317594853151198,-0.9053932257901597,-6.704385543420529,0,1,0
2022-03-15,0.09262218190689633,1.1418268035066044,6.3516651901204595,1.0,28.39114332194934,55.669253820496216,1.9422299352678567,1010.2808256041856,-0.9681623627807092,0.49320619397424253,-0.591657894674449,-8.855416941428444,0,1,0
2022-03-16,1.2162170865596371,1.8315701832269728,6.160545058994998,1.0,31.538022476499176,59.221190223683095,2.5152131179849393,1005.0722211107941,-0.49911516507640236,-0.0012576035753569463,-0.9003734549866335,-11.22488892023115,0,1,0
2022-03-17,0.23773106133120586,1.5465703297977254,5.925823625896586,1.0,27.940631009996423,55.11618392100806,1.7204432885124628,1007.9286526865383,0.9641740850366541,0.08814446222508643,-1.3414230093989512,-14.134921763322936,0,1,0
2022-03-18,0.5828963244026734,2.0368444722935024,4.408996279857712,0.0,31.706615935058917,58.38671768555594,2.151471511801076,1010.589711237443,0.5426432493797,-0.8358471154452698,-0.8609330307655509,-32.94026619227503,0,0,0
2022-03-19,2.0850104509330616,2.9056378366669273,5.2636817267331395,1.0,32.31370544433786,52.0477724574993,1.6484528477560336,1007.4276800700695,-0.11702345534864085,0.08518895568214542,-0.37652769492608285,-22.344034360828786,0,0,0
2022-03-20,1.3857974604669678,4.053704235802689,6.123005480360839,1.0,33.21512643298091,61.100755729653905,2.3171837026935758,1007.1834092940557,0.5571945166183673,0.40911919693949755,-1.1824099181059387,-11.690297661559974,0,1,1
2022-03-21,0.15733831050121075,3.6281462219012264,5.7576128761015966,1.0,30.613019009563637,55.92461942446638,1.9270328440560496,1008.7562328595868,-1.044820760748065,0.2620804674169029,-0.8235209533207335,-16.22036747657948,0,1,0
2022-03-22,0.4750780601321774,2.0182138311003426,6.140068754326878,1.0,31.710268865911246,43.970927518109164,2.8215514114116083,1008.9523413460186,0.029133090654327478,0.45616072312967315,-0.8553618735224288,-11.478750352068955,0,1,0
2022-03-23,0.6404519836920082,1.2728683543253831,5.564303651459248,1.0,32.39672833684648,61.89025718076917,2.391614156935905,1008.0210611281861,0.13259009743782352,1.1300863205089857,-0.7401684417179014,-18.616979431253366,0,1,0
2022-03-24,1.5280450837107735,2.643575127534946,6.854617673838817,1.0,29.838606549541925,55.42634066154812,2.271280748300968,1012.3019485034961,-0.4228528576488542,0.7495732335314734,-0.6785794617924096,-2.619905225200306,0,0,0
2022-03-25,1.3477067737432222,3.516203841145991,7.6194281231793655,1.0,32.766101478174264,54.513320915822106,3.4682010207672267,1009.4991989582617,0.3919125023616761,0.05703569079794957,-0.40290913230352626,6.862073037038928,0,1,0
2022-03-26,0.8005041432064425,3.676256000660425,6.334921815452746,0.0,31.868693816640736,53.11647901228372,2.637299305581646,1007.3583264154094,-0.7023901091800061,-0.9374066815066224,-0.6253433272615921,-9.062998198683335,0,1,0
2022-03-27,0.7336213783663728,2.8818322953160243,5.68274573335215,0.0,30.636989698333892,58.15091131134409,2.1864339491913065,1006.3924022131374,0.4588386369985061,-0.48000421976889557,-0.28386630159195114,-17.148556442509932,0,1,0
2022-03-28,0.46639647196695383,2.000521993539756,5.9918038948178935,0.0,31.68254736243786,52.080574025292584,2.057085191118814,1009.7135533770208,0.49667289437816275,-0.17570492153393227,-0.5873759560579004,-13.316910612732652,0,1,0
2022-03-29,0.6230702180665809,1.8230880683998942,6.139796052752297,0.0,31.28954628207039,53.29855518265849,1.6986228358117137,1007.3156738649604,-2.6254438926273598,0.20187666507315788,-0.5985554231380288,-11.482131255669946,0,1,0
2022-03-30,0.363209226160067,1.4526759161935883,5.862553295220356,0.0,32.576718091669036,53.316558817707055,2.36779606809759,1012.8582303457591,1.071275133159106,-0.3826662091995161,-0.6297993432930751,-14.919335601593566,0,1,0
2022-03-31,0.9762868749652854,1.9625663191919198,5.310795086474868,0.0,30.97997043511632,53.76650489243826,2.591894524796445,1009.7538126490456,-2.742869308817479,-0.7485865593474813,-0.8668306095757108,-21.759931654965765,0,1,1
2022-04-01,1.3837914306629107,2.72328753178825,5.346879743394556,0.0,31.676823989364983,55.14886229745637,1.3185661670544018,1009.8567680827218,-0.5544441230005128,-0.9505589512962698,-0.2923957517542519,-20.872572028463672,0,1,0
2022-04-02,1.58598724475255,3.946065550380733,6.132362844940664,0.0,30.489593033219943,61.86317039851579,1.6488016463679034,1009.2964554376211,0.9228132308319795,-1.3209422072444248,0.20449167845075794,-12.638569456373046,0,1,0
2022-04-03,2.1958938617988464,5.165672537214293,7.594635328373138,1.0,30.045917324466156,58.6720255726034,2.1575300889948426,1010.8676435188836,-0.2855580527271966,-0.1879605630196551,-0.14116332894273448,3.4607549477233537,1,1,0
2022-04-04,0.4775512751670305,4.259432381718414,7.605790131573214,1.0,31.59904320730837,59.4379313760056,1.8082833330188288,1004.5371908842593,-1.319567384222588,-1.175732353656244,-0.029960101256393673,2.695885148108372,0,1,0
2022-04-05,0.02257172323214891,2.6960168601980126,7.005291636738782,1.0,30.103422564808582,59.7575752659829,2.493146254170524,1006.6829324730841,-0.9843633555450035,-0.8004205473259138,-0.25020730554227727,-5.177326134702194,0,1,0
2022-04-06,0.32564432602319876,0.8257673244223649,6.9677267366019136,1.0,32.47970970666293,57.18610278140662,2.576482988299092,1010.7102669468792,0.9242151716885577,-0.315121498275442,-0.15288192548001073,-6.508392976647921,0,1,0
2022-04-07,1.3621148719605487,1.710330921215883,7.353554733597178,1.0,32.18802284368255,54.38393722709167,2.393807341795162,1011.5498623755598,-1.7293540774937743,-1.0687338475131472,0.20979594712700494,-2.9189904872815498,0,1,0
2022-04-08,0.6242706606976465,2.3120298586813806,6.594033963631913,1.0,30.287737059753137,66.4647629553686,2.7972963553854573,1006.6253108871307,1.0160919908658155,0.3038017507989576,0.5213553448366526,-11.74577686093754,0,1,0
2022-04-09,0.7274813459768397,2.7138668786350215,5.735528064856203,1.0,31.658189903257036,62.76746351968015,2.116244396014209,1005.5752824353754,-0.04959188913806041,0.5921784508845498,0.4466560901572237,-21.722920961109146,0,1,0
2022-04-10,0.4319159143200375,1.7836679209945103,3.9715501173773937,0.0,30.28131743816696,65.22008531688215,2.439648846278637,1009.1503577508819,-1.0731557973981902,-0.43954161582031887,0.3312370341481458,-42.2230272464813,0,1,1
2022-04-11,1.3989929577840772,2.558390218080941,4.892991799994441,0.0,29.112859370512233,62.56276183313598,1.8652036116537525,1009.7225608880061,-0.524803565072422,-0.3496218460880014,0.19356938940829468,-31.514473629685845,0,1,0
2022-04-12,1.8233753484118562,3.6542842205159576,6.693795425174148,0.0,30.52278206420873,56.827941994348066,2.6379635869304705,1009.1141068131719,-0.9155019069914772,0.429943816111262,0.29149717361621974,-10.586396967485417,0,1,0
2022-04-13,1.2415457213908967,4.463914027586817,7.609696820541846,0.0,31.288453737652787,48.80936952984461,2.5127366558467576,1008.7414861975512,0.7796026807726758,-0.5711960777877433,0.10423864295624843,0.05777008618690609,0,0,0
2022-04-14,1.786906497514052,4.851827567316792,8.034488446095349,0.0,32.08886951351353,52.98234576950827,1.7480707694878506,1005.5154794467581,0.6591850287865545,-0.6261871292778362,-0.016781281660078973,4.994494768844788,0,1,0
2022-04-15,10.738413349848999,13.766865568753936,18.148631135246703,1.0,31.568169201293056,60.774624837594864,2.3741561374321076,1008.1738002838999,-1.547245020488442,0.9571987825490323,0.11514078999698829,122.53621370550589,0,1,0
2022-04-16,0.017747804026534794,12.543067651389572,17.438897593296396,1.0,32.6296417596741,58.68280716803644,2.4444986385947427,1008.4421966784709,-0.36323290666740066,0.7073501909702298,0.4596456678451964,114.28803063435686,0,1,0
2022-04-17,1.7711841003173519,12.527345254192872,18.77816577929371,1.0,29.985264658651378,57.31921772781025,2.635798904487033,1007.8619861715276,-0.7768670961098494,0.48124000187513566,0.4231729950815112,129.85236362208104,0,1,0
2022-04-18,1.5759093344977315,3.364841238841604,18.955082156007364,1.0,30.831519555557556,48.39910826205392,2.658062866497651,1005.3950893658428,1.1641589716134333,0.7405156971152743,0.17625503715594626,131.90840096168418,0,1,0
2022-04-19,0.42984669079574356,3.776940125610813,17.561553498391252,1.0,33.661010681107435,59.338304687447526,2.0344801991887542,1009.901344294236,-1.215089206313779,-1.5818229802938903,0.5800516274620842,115.71347877817686,0,1,0
2022-04-20,0.689344362202586,2.695100387496047,17.009352139202942,1.0,28.655385224503426,54.99787869004764,2.925378557314589,1010.4071910011097,1.4438061942165126,1.0830684374344859,0.5537232861149625,109.29605923477108,0,1,0
2022-04-21,0.5667220170391146,1.6859130700374299,15.789167658728005,1.0,30.72616127033819,55.998436418268845,2.781025169858515,1007.4184583250013,-0.02996526556524381,0.31364969326699377,0.38211282622523685,95.11565999948056,0,1,0
2022-04-22,2.0237440612671214,3.2798104405088075,7.074498370146127,1.0,29.858805771766875,62.89782771261383,2.0324440084316757,1008.5140696396168,-1.0457409657420789,0.808625107204588,0.6226906597023341,-6.162049800201162,0,1,1
2022-04-23,2.8249429746172976,5.415409052923519,9.88169354073689,2.0,31.08533953267887,55.505868323191095,1.7815735355463378,1007.9543777595405,-0.6095467656083501,0.3097294232930901,0.6727005855030738,26.461827070337435,0,1,0
2022-04-24,0.2470304670921383,5.095717502976543,8.357539907511676,2.0,30.750670816224016,55.7913266702171,2.0783007753784144,1007.9718724546589,-0.7214569566916056,0.039139859744124955,0.63415968637617,8.748844024823264,0,1,0
2022-04-25,1.6578186461756923,4.729792087885114,8.439449219189637,2.0,32.2019149119607,61.315341462185174,1.5842029939765725,1009.7365171283435,-1.1471565618139554,-0.22024736988964366,1.0529341907100975,9.700754788537644,0,1,0
2022-04-26,2.9421533368002906,4.847002450068107,10.951755865194183,3.0,31.71662622180789,62.37002008077988,2.5919956697994686,1009.7799926477742,0.0853441737573381,0.29371550150896436,0.3759548154228773,38.89757855731027,0,0,0
2022-04-27,0.5225495172483089,5.122521500224278,10.784961020239907,3.0,29.53103269796019,57.28740121441542,3.1773277164004536,1010.7834067625389,-1.105123995622659,-0.2493983271236417,0.38301604810926354,36.959168808876655,0,1,0
2022-04-28,0.47534998985478677,3.940052843903372,10.693588993055577,3.0,30.535470396183857,66.07294411889177,3.32011939731053,1010.7458907702924,-1.9623295878643698,0.69430088005209,0.9053591292122809,35.89728690073496,0,1,0
2022-04-29,0.27336161922153673,1.2712611263246183,8.943206551009995,2.0,31.35873342985862,55.20313372098346,1.813586911949225,1008.5395675664527,-0.34170882376335576,-1.2691653156417604,0.9508503027658615,15.555181063601317,0,1,0
2022-04-30,0.4481513480605708,1.19686295713688,6.566414924453268,1.0,32.3940305362892,54.742695514486755,2.9392743187831165,1013.9646065192544,-1.6225705767760945,-0.43326068943542223,1.0472932964603798,-12.066752097318092,0,1,0
2022-05-01,27.76982591576636,28.491338883048456,34.08921037312749,2.0,34.16251306258199,57.870354416273706,2.8048080200441143,1010.993171664124,-0.6769447812607683,1.6358585987813172,0.8279974011794782,233.44657966211474,0,1,0
2022-05-02,27.365312156693754,55.58328942052067,59.796703883645556,3.0,31.740288368567676,57.215745935801166,1.3165432856589645,1007.0186062543165,-0.8181925997430203,-0.500864370857914,0.7467904347907401,459.94765775026815,0,0,0
2022-05-03,19.30409743565002,74.43923550811013,76.15864798249528,3.0,29.338874375260815,65.76610214793229,2.554669204127643,1008.4311359558983,-0.7840944648232328,-0.19094697845078243,0.9849605523303117,602.9091218912117,0,0,0
2022-05-04,2.4585321281999115,49.127941720543674,78.09463059344688,4.0,30.62499090647122,60.25601859766744,2.4878976554030254,1004.6287941473876,1.8008667914311383,-0.706064746680061,0.8838683875032348,616.9173056598254,0,0,0
2022-05-05,19.065353189206352,40.827982753056276,96.68463379279846,5.0,31.009740937077424,59.78282591311148,3.480598230903825,1008.2523218791208,0.050770410452613685,0.2686765383086591,1.3864361848169253,779.7953299630959,0,0,0
2022-05-06,1.3125829070041062,22.83646822441036,97.72385508058102,5.0,30.029227045549163,65.77403022827414,2.2315347879315692,1011.2159087126508,0.22083390809579895,-0.5890119121137559,0.9189354165062673,785.7873884681916,1,0,0
2022-05-07,13.005199974797456,33.383136071007904,110.28090370731792,6.0,31.414735192338455,67.71563748115088,3.0919461016343623,1013.2096061866952,-1.5987584667080652,-0.1484887478456401,0.9849342343687864,894.7369946810253,1,0,0
2022-05-08,3.3542540945232573,17.672036976324808,85.86533188607481,6.0,27.576446340269413,70.19154645525745,2.689854492326808,1007.984956781776,-0.5885668202732297,0.6790932288280564,1.6122431844519292,676.4868571663266,0,1,0
2022-05-09,1.0994069022248607,17.458860971545562,59.59942663160591,5.0,31.530783733889294,67.8006215008364,1.886622091347426,1008.8060464330918,0.19377236694736077,-0.5590107350518527,0.936791494276501,441.69663903396986,0,0,0
2022-05-10,8.949627444028554,13.403288440776661,49.244956639984444,5.0,30.089431872627433,61.069023145213286,2.42279630818418,1009.2928197920512,-0.9220760216217058,0.6308888954121767,1.11357284116704,349.13831125411497,0,0,0
2022-05-11,7.223164001265303,17.272198347518707,54.00958851304984,5.0,30.602786939656358,65.86725879133671,3.673086369352425,1011.7667245687744,0.8172565591661869,0.6577834524482853,1.1221560108287383,391.7292269663031,0,0,0
2022-05-12,10.390826224471386,26.563617669765232,45.33506154831487,5.0,32.808386378667194,66.76126647743332,2.650085164098371,1006.4339043316367,-1.082426927310927,0.843964875775435,1.1265101045590307,314.1878645608095,0,0,0
2022-05-13,9.564737699349468,27.178727925086147,53.587216340660234,6.0,28.990250218177604,62.54847385171327,3.2976277290091516,1012.9831816277272,-0.2577295222786581,0.11243279593443223,0.9962007702414377,387.95365351746796,1,0,0
2022-05-14,9.525622270021628,29.481186193842472,50.107638635884406,6.0,31.138181254075455,64.9905328773559,3.2647400659541104,1007.6325287438503,-0.5274464759780028,2.5930072615814286,0.9496078221084036,356.8498023310025,0,0,0
2022-05-15,4.889156702879953,23.979516672251037,51.6425412442411,6.0,31.86786447463912,59.20295513922686,2.485149182588062,1006.0969810499753,0.14788859344372438,0.8436269572336657,0.9007692610430162,370.57025531888024,0,0,0
2022-05-16,6.023083064096332,20.437862036997902,56.56621740611257,7.0,30.994845305630914,61.20591230102057,1.9840540076230124,1007.6357879729718,-0.5764410646698833,0.2599020995254612,0.7035232395725342,414.582863635976,0,0,0
2022-05-17,10.27885733184775,21.191097098824024,57.89544729393177,7.0,28.496505036301848,65.68995989718371,2.0630164958848254,1006.7459691297788,-0.24380426436384361,-0.7007395312653881,0.8981223073461341,426.4648137262367,0,0,0
2022-05-18,7.093606110628765,23.39554650657284,57.76588940329523,7.0,32.646929542251954,71.21418751203834,3.625107718833452,1008.9579183849576,-0.212517082600187,-0.07764730069931279,1.2906047952734085,425.3066992387057,0,0,0
2022-05-19,3.8563601279591477,21.22882357043565,51.23142330678299,7.0,30.460478593461193,69.18925618302913,2.845149940469931,1005.2289486922912,-0.660948981652171,1.1410615815200271,1.0503971293102934,366.8952831723371,0,0,0
2022-05-20,2.4120074658658686,13.36197370445377,44.07869307329939,7.0,30.017817073920853,66.5651444898466,1.7138148147312582,1008.4582102085419,0.43658448164740143,1.3676276925010151,0.7856822689773107,302.9572206730146,0,0,0
2022-05-21,5.93976036073968,12.208127954564684,40.492831164017446,7.0,30.321698228960006,64.48492117906147,3.254483809987345,1009.3984022308679,0.21454953735368276,1.1826632803521835,0.8834464469985304,270.9032978511628,0,0,0
2022-05-22,16.44573282483845,24.79750065144399,52.04940728597594,7.0,30.221369316622276,62.68137150876794,1.681996732712288,1010.8723593265495,-0.07975255072785058,0.6281538453836957,0.40991546168126736,374.20721988431495,0,0,0
2022-05-23,8.451093218154773,30.836586403732895,54.47741744003439,7.0,29.090122722180407,57.461771360796206,2.2584329471710265,1009.4283490977476,-0.3874125001157623,-1.0045281650364577,0.5178665079523088,395.91113711754906,0,0,0
2022-05-24,15.209304054592867,40.10613009758608,59.4078641627795,7.0,30.987305084538338,60.550336801044395,2.8028841168631278,1010.7615522022293,0.7168896274679973,0.38972945426053607,0.773943212054551,439.9842672955515,0,1,0
2022-05-25,3.4134420640105754,27.073839336758205,55.72770011616131,7.0,29.92024805295049,60.89884006836933,4.266358941260399,1007.1130563291575,-0.21225081943276322,-0.9931219024423982,0.8611018321112238,407.0873802133396,0,0,0
2022-05-26,5.435958038520346,24.058704157123778,57.307298026722506,7.0,31.695617845039855,64.87507453287252,3.2437081403311234,1008.9128006012718,-0.2760275590433435,-1.1899769547046068,0.24741294569755196,421.2073633012622,0,1,0
2022-05-27,6.921732990295189,15.771133092826101,61.81702355115183,7.0,31.481007955091346,66.40903047077299,2.4646736525490116,1004.1906495500023,0.09422102689931341,0.19132694766179087,0.26869379134545696,461.5196780431142,0,0,0
2022-05-28,9.066273769361855,21.42396479817738,64.94353695977401,7.0,33.03231144049943,67.1117837481617,2.771096070925141,1007.9980798140977,1.5269280146737656,0.41855955781580034,0.8831940654359247,489.467497015744,0,0,0
2022-05-29,4.514215941603427,20.50222270126046,53.012020076538974,7.0,30.460087863308342,67.46100115516452,3.3059330232803656,1008.8994104483695,-1.2063205872190836,0.7227016787846439,0.3091321985677156,382.81198963748534,0,0,1
2022-05-30,8.445636658653438,22.02612636961871,53.00656351703765,7.0,29.63182461256735,63.96464645923063,3.607225467818801,1009.0622767167142,0.6928712037498193,0.3977089923088752,0.6872445386634654,382.7632135993798,0,0,0
2022-05-31,18.827701590427054,31.78755419068391,56.62496105287183,7.0,28.69873499481629,58.59763794566646,2.605523795263637,1005.3699192314541,-1.7038540451142945,0.42526878859419864,0.22874150783038585,415.10797150881996,0,0,0
2022-06-01,12.200648758680932,39.473987007761416,65.41216774754218,7.0,32.31868723312187,72.2726813199488,3.3412077004624465,1005.8848511738972,0.19554584240576156,-0.7877220679939012,0.18364914245068367,307.63399810017194,1,1,0
2022-06-02,4.1287356010456575,35.157085950153636,64.1049453100675,7.0,30.174957687739717,69.09002037702186,2.9743487573049943,1006.135780911975,1.4175745448478576,-0.0839813477477331,-0.009568524186934824,294.9964009945535,1,0,0
2022-06-03,35.36342466006477,51.692809019791355,92.54663697983707,7.0,28.278618602965423,75.26207245673032,3.87147306902548,1005.8148146401346,0.4398016720205764,-1.2056934285075904,0.24693697619472485,450.89451692071475,1,0,1
2022-06-04,22.778183246120044,62.270343507230464,106.25854645659527,7.0,31.61842361759112,71.31494471055687,4.087961056315662,1007.8921603374696,0.15356257068581353,-1.6026953035201565,0.29520170949092894,523.3443988793221,1,0,0
2022-06-05,2.666033896544594,60.80764180272941,104.41036441153643,7.0,31.146633830057574,70.7231696098698,2.3091669103806565,1006.1968604312414,-0.504404521922768,0.5925141678744593,-0.3583975881646063,507.64211803913383,1,0,0
2022-06-06,12.710902599998425,38.155119742663054,108.67563035288143,7.0,27.35621798917994,74.18063759850338,3.2342942523385365,1006.7659383425959,0.027942480439698814,-0.602499515032767,-0.24285654776003435,526.5741876077346,1,0,0
2022-06-07,72.39984467899386,87.77678117553687,162.24777344144823,7.0,28.193141667499567,69.09742870121438,2.7443102475958705,1005.7058345348345,-0.22685653386302065,0.6979988017144428,0.019406324144610132,824.8431656570995,1,0,1
2022-06-08,28.741232143721817,113.8519794227141,178.78835682648912,7.0,29.06275170939261,75.12988677557023,3.56292203481412,1008.5038338088306,-0.7073789471382198,0.886678062304031,-0.2957238467751534,918.5500823099206,1,0,1
2022-06-09,14.582554680716651,115.72363150343232,189.2421759061601,7.0,27.749887358214384,65.52329495059905,2.7296101259869903,1008.637771348885,-0.26088805392738285,-0.49545385969855815,-0.43984387631264926,977.7738188855203,1,0,1
2022-06-10,4.665070995132411,47.98885781957087,158.54382224122776,7.0,29.112795244541935,72.94875342192884,2.6802932303268525,1006.0321346735283,0.17854304456379558,0.4722488756442393,-0.11629619961823146,803.8592717807154,1,0,0
2022-06-11,4.747134283960183,23.99475995980923,140.5127732790679,7.0,30.244753217632834,71.29003143028869,4.146489429085078,1011.7182104332825,-0.6904953616775763,-0.5289253828909133,-0.1438650518560015,701.7084610790723,1,0,0
2022-06-12,26.90304945165885,36.315254730751434,164.74978883418214,7.0,27.32544129096592,73.86793132008854,3.373021379446597,1005.207489777599,-0.7256536386162157,-1.4767030997014592,-0.5818903659305981,839.0177653319228,1,0,0
2022-06-13,6.015533895471883,37.6657176310909,158.05442012965563,7.0,29.658207259780642,65.35406654605822,3.4364341633984647,1008.4001042585029,-1.224219093832957,0.09864752355396672,-0.4646910622819853,801.0866753243969,1,0,0
2022-06-14,17.10496827502344,50.02355162215416,102.75954372568518,7.0,30.883903658222916,63.723609156738476,3.7313889368495103,1004.8753485992611,0.3516525234800065,-0.3766991037726086,-0.8666065605263208,487.826117707003,0,0,0
2022-06-15,11.134004849363905,34.25450701985922,85.15231643132726,7.0,29.80831482759586,72.93016394761986,4.054869237851884,1007.9785934603916,0.4907909357703544,-0.3520712084697054,-0.8333214580175269,388.07637235933623,1,0,0
2022-06-16,21.37930875245986,49.61828187684719,91.94907050307047,7.0,29.142143595925003,68.89586960140159,3.2212221611133995,1007.838157001758,0.20849439981286572,1.5802744942764204,-0.6214927526483187,426.58183812704135,1,0,0
2022-06-17,8.319666546093218,40.83298014791698,95.60366605403128,7.0,28.31266402921037,69.93570233913293,3.234589098458184,1004.7660212022852,0.8686534434557993,-1.2206855861861374,-0.685751718005351,447.2861187876239,1,0,0
2022-06-18,21.88556444415327,51.58453974270634,112.74209621422438,7.0,30.411185113556222,66.93866442728466,3.23713794435404,1006.3520644774084,0.07908087337265476,0.3062969082971769,-0.9742515913191621,544.3800004964064,1,0,0
2022-06-19,26.908491587481677,57.113722577728154,112.7475383500472,7.0,27.60031833574988,73.29404436474458,4.121283197855986,1009.9490808169745,0.35280984362918105,-0.7958457897158012,-0.9481948815133994,544.4108316802946,1,0,0
2022-06-20,12.162962532885564,60.9570185645205,118.89496698746088,7.0,29.587915028150302,70.53576024854837,3.431496782900031,1005.1214069870719,0.2734536830738066,0.7266091274138595,-1.0697578569243653,579.2376917459601,1,0,0
2022-06-21,31.596075237355052,70.66752935772229,133.3860739497925,7.0,29.28372851889177,71.17207671694389,3.2977188735141025,1007.3105085903308,-0.08238601747638709,0.23874498894005264,-0.721547873801367,661.3337654282469,1,0,0
2022-06-22,48.55417610743831,92.31321387767892,170.8062452078669,7.0,30.823861929310723,63.94365505706072,3.7069157197794285,1007.1910208088314,-0.47773964531668256,0.30347547934449093,-1.3564612477835833,873.3292427090507,0,0,1
2022-06-23,10.27051285495813,90.42076419975149,159.69744931036516,7.0,28.432158227120684,71.1592705516586,4.571130380525746,1006.5110404952951,1.99273735421272,-0.7559116940818079,-1.1440166841512545,810.3948838023487,1,1,1
2022-06-24,25.93943425362518,84.7641232160216,177.31721701789712,7.0,28.551176355966767,64.59274082045738,3.5169477472156507,1003.4711151159448,-0.4067558818681577,-0.6124703306306588,-1.3806790214927287,910.2156740112958,0,0,1
2022-06-25,3.8282824634972163,40.03822957208051,159.2599350372411,7.0,27.509395673733138,67.30111151980891,3.310709525851298,1008.0786748752823,-0.5992899400083928,0.7418004058767089,-0.8311865674740446,807.9162461042891,1,0,0
2022-06-26,12.881319871385491,42.64903658850787,145.2327633211449,7.0,29.860204477057703,63.040061330696375,4.638176971452687,1006.6080591208815,0.3906088411050963,1.4166381773820502,-1.4047352237528574,728.4484921395888,0,0,0
2022-06-27,1.8325677972617314,18.542170132144424,134.90236858552103,6.0,28.65466431237198,68.98390963275074,4.270258846009253,1008.5740720243833,0.22666897376550463,0.38424625377934973,-0.9612858072522927,669.9239881394867,1,1,0
2022-06-28,9.290430746709411,24.004318415356618,112.5967240948754,6.0,28.041102924439336,74.84240126697934,4.18327286455732,1007.0043144028834,-1.2643123928492948,-0.7179365766171463,-0.5715127290036095,543.5564277871271,1,0,0
2022-06-29,10.844025378499612,21.96702392247074,74.88657336593673,6.0,28.174463719268935,71.48961338173194,3.171965808128012,1006.7031944303928,1.0104104291073648,0.2711508179696546,-0.572182649655965,329.91813770614834,1,0,0
2022-06-30,77.87002416271639,98.0044802879254,142.48608467369496,6.0,29.999954187665203,66.62573389876277,3.1124811902021277,1007.2577236722657,-0.08477511781574998,1.9419776354700877,-1.4481090097881328,712.8878083899789,1,0,1
2022-07-01,12.36671928886532,101.08076883008131,128.91336970893514,6.0,26.036871256526492,81.25053192574102,3.1656902060090677,1003.0235330584361,-0.9998379856941485,0.08193824857512937,-0.9250454556287504,448.6326468388296,1,0,1
2022-07-02,22.109409018642832,112.34615247022452,147.19449626408075,6.0,26.161183605167224,80.42396148280318,4.8451330107417006,1007.605679733518,1.0699057029184866,1.1694726875148795,-1.246821879256724,518.2437397390781,1,0,1
2022-07-03,6.639367897321658,41.115496204829796,140.9525442900169,6.0,28.835921951863117,80.15406018788879,4.312381168252114,1004.1253427074223,0.5631080144365386,-0.5922634926709697,-1.294709936090124,488.9540876219444,1,0,0
2022-07-04,23.06341385232756,51.81219076829204,162.18339034508273,7.0,27.34844714997752,81.28948378842092,3.1856501518102354,1004.1484777627437,-1.1380877927531228,-0.03366884130910943,-1.018565690010598,570.4612993470349,1,0,0
2022-07-05,30.522458513815675,60.22524026346488,183.415418112189,7.0,28.91863907651681,77.28197711384703,4.987291439276415,1007.1272218954879,1.5994645562319518,0.49565216490043407,-0.6738423051123983,651.9732768767553,1,0,0
2022-07-06,41.140914990097016,94.72678735624024,213.7123077237864,7.0,27.07791781470595,81.50598740352441,4.0637723054874115,1005.2463044763465,0.5929176315295734,0.3178626466102913,-0.8186905316018253,770.0435351635988,1,0,1
2022-07-07,15.327480458823656,86.99085396273634,151.16976401989365,7.0,27.579439696983496,73.27533710384954,4.137734613607074,1004.3754784672014,-0.009176504062541519,-0.6131109440889286,-1.1320918845428145,513.6955037174879,1,0,1
2022-07-08,8.441964143821792,64.91035959274245,147.24500887485013,7.0,27.799834936849486,83.53203470717482,3.3584012998285093,1005.5459646928304,1.4311969250596015,-0.6476139657044797,-0.7588080075396927,497.8670991640682,1,0,0
2022-07-09,88.6092201013069,112.37866470395234,213.7448199575142,7.0,29.523216730144334,75.02839307775419,4.561501942393004,1005.9278598659623,0.14336800544667652,0.7906275224821269,-1.4748681788049685,766.0585846562715,1,0,1
2022-07-10,17.28875416752365,114.33993841265233,224.3942062277162,7.0,29.40923791283316,85.14137147810594,4.567244893495251,1004.5880771962957,-0.02527476759362878,0.953240650120116,-1.0782320539751433,809.0071987483542,1,0,1
2022-07-11,1.1217930597842787,107.01976732861482,202.45258543517292,6.0,29.19554780960805,70.67242322402222,4.237390346195556,1006.461282677461,-0.5942701044197901,1.209714846497536,-1.069276805495476,720.5173853390519,1,0,1
2022-07-12,75.82319072464884,94.23373795195675,247.75331764600608,6.0,26.70066953822923,87.78833949172189,4.015240117697958,1002.514090659045,0.5236653953763707,1.4431443866022944,-0.8143682283172363,903.2137038354373,1,0,1
2022-07-13,1.4106722810693808,78.35565606550249,208.02307493697845,5.0,26.199454559002277,74.43786103222868,5.842063461131403,1005.2723461447332,0.4289426705915819,0.10769554905807717,-0.8527266212271194,742.982980805945,1,0,1
2022-07-14,67.51650788682393,144.75037089254215,260.2121023649787,5.0,28.646124004424053,76.31936202548104,3.544162236449923,1006.2415739559158,0.01321212590074016,-0.24895939538527473,-0.8029839001514256,953.4595605801323,1,0,1
2022-07-15,4.168305720554379,73.09548588844768,255.9384439417113,5.0,29.508479539359925,82.38647862060539,3.8333206827111255,1005.9203197133459,-0.7109877184808426,1.080792751022775,-0.774523929426698,936.2240409243308,1,0,0
2022-07-16,4.771861433655758,76.45667504103406,172.10108527406015,5.0,29.20896218110501,83.88588261657722,4.691136920735189,1000.7671995006208,0.11693686874946647,0.5704554254812694,-0.6862150454116958,598.1108133112448,1,0,1
2022-07-17,6.051263204402638,14.99143035861276,160.86359431093916,5.0,27.59928491640557,80.70396299984537,3.6575189160312713,1004.5732219244675,-0.0628189071859241,-0.7859642069340732,-0.5156222345994192,552.7903929139859,1,0,0
2022-07-18,16.146268647938076,26.969393285996457,175.88806989909295,6.0,28.59994791896259,85.27160284499028,3.613258728097466,1002.6158220818887,-1.200126886860781,-0.8269085324151292,-0.5701526625797322,613.3835940242783,1,0,0
2022-07-19,90.7477497092391,112.9452815615798,190.8126288836832,6.0,28.62455867045796,78.35651992334019,4.945094065886751,1007.115477592241,-1.3246311161917672,0.3935441610850473,-0.6335293432174826,673.5738348569581,1,0,1
2022-07-20,6.24496242322497,113.13898078040214,195.6469190258388,7.0,27.789535864069947,80.48973049202704,4.629297912993685,1004.0978755008405,0.5086380409287925,-0.1418197291871997,-0.41522480530117095,693.0703632442851,1,1,1
2022-07-21,55.071948254145624,152.0646603866097,183.2023593931605,7.0,27.85033903077058,81.2663476828926,4.556665664285719,1006.915555459006,-2.34169948354652,-0.021143963792558035,-0.2607603358344167,642.8818757907565,1,0,1
2022-07-22,33.90139919787444,95.21830987524501,212.93545287048056,7.0,27.718489427662707,79.58176397224778,4.375277787451692,1002.6104096092797,0.18486947426513398,0.8580266917681558,-0.5564851549789367,762.7944346106385,1,0,1
2022-07-23,30.926743835839176,119.90009128785923,239.09033527266396,7.0,26.477680809548318,74.43677438874442,3.8508908401970343,1005.5042455357517,-0.43027475197844206,0.6072297159880287,-0.38122864243952626,868.276189372256,1,0,1
2022-07-24,59.58553911559854,124.41368214931215,292.6246111838599,7.0,26.620542543560447,82.96871679856568,4.114580215757868,1004.8153816081328,1.177421946191919,1.0638985987347453,-0.02367009112338475,1084.178110710435,0,0,1
2022-07-25,25.669098649159615,116.18138160059732,302.1474411850814,7.0,26.598929450025288,81.32494084261965,4.21873798887145,1009.7764131925345,-0.4441213882384882,-1.5452288850986933,-0.536636333991023,1122.58336153051,1,0,1
2022-07-26,30.693767622654597,115.94840538741273,242.0934590984969,7.0,25.342084468643275,88.04987918192855,4.773912689922385,1006.921358362165,0.5935357928267064,0.20271833377696066,0.24423513387162382,880.3876860344942,1,0,1
2022-07-27,54.68740191120628,111.05026818302048,290.5358985864782,7.0,27.781019854426557,76.76507045791918,4.521697297381082,1006.8060802103818,-0.35722245711401246,0.5557508179177655,-0.4870848686693463,1075.754403557918,1,0,1
2022-07-28,13.18405500463625,98.5652245384971,248.64800533696882,7.0,27.524213234166197,80.11012334939339,3.7094767987041686,1008.4511424599848,0.10237333813752911,-1.2212686853501473,-0.18352305869439317,906.8219489865792,1,0,1
2022-07-29,20.886947214564778,88.75840413040729,235.63355335365918,7.0,28.647765746095963,87.24223689698938,4.739908214684474,1005.3118701887129,0.6631528778280461,-0.5239165130479777,-0.2793153190051709,854.3351049873987,1,0,1
2022-07-30,36.552633790132944,70.62363600933395,241.25944330795295,7.0,29.34602015230954,85.70160797606809,3.2590792480680526,1004.6219772545472,-0.4163001446921221,-0.6723881298631352,0.5607568954090177,877.0241286025507,1,0,1
2022-07-31,50.21256458862371,107.65214559332142,231.88646878097813,7.0,29.435028066923923,85.18267428705474,4.073929768668555,1004.41674554091,0.8968993960485636,0.01735853684793295,-0.05656189999155041,839.2232398339318,1,0,1
2022-08-01,29.191434941800434,115.95663332055707,235.40880507361894,7.0,29.566867597772433,84.93867483702049,3.580953851778961,1005.3911585082425,-0.8943280893958349,1.3022831749552513,-0.0006479794983101084,853.4287027870846,1,0,1
2022-08-02,29.128901434203975,108.53290096462811,233.8439388851683,7.0,26.52110251793417,85.17499056804854,3.751920811346718,999.814867811691,0.2651335583025412,1.6180715237319205,0.08677747436087589,847.1176504570952,1,0,1
2022-08-03,32.305273453347844,90.62560982935224,211.46181042730987,7.0,25.57627296695675,91.0550451473288,5.422134644852891,1004.8052756983094,0.8303757505090675,-0.6514300424586259,0.25771395021198057,756.8512845552644,1,0,1
2022-08-04,22.285012778385344,83.71918766593714,220.562768201059,7.0,28.884056965430386,84.00604775474567,3.3837783901763157,1005.2093132912772,0.5940337426113014,0.42124580039485937,0.2053299321665063,793.555138972377,1,0,1
2022-08-05,9.253321908533833,63.84360814026701,208.929142895028,7.0,29.51600276962004,79.84858436226234,3.7746664444333624,1004.5205576651363,1.7248003890618693,0.4470382817138521,0.3069588708900638,746.6371221887548,1,0,0
2022-08-06,55.82865598892444,87.3669906758436,228.20516509381952,7.0,29.75940538223338,84.45567175962995,4.5724239408200775,1002.0454549801194,-0.6870953855795945,0.3101006172117982,-0.49043139107589434,824.3766667635252,1,1,1
2022-08-07,38.55474059442373,103.63671849188196,216.54734109961953,7.0,28.260010649708107,82.00195962966916,3.98418122208588,1004.5313826697302,-1.241234326213729,0.31918370779138727,0.45664241366778197,777.3610574902201,1,0,1
2022-08-08,20.939214964498596,115.32261154784675,208.2951211223177,7.0,24.785630429493704,83.92661371995966,4.3595175164899365,1002.0404299477638,-0.8949015976456075,0.24299400196106247,0.4959205332898754,744.0801338561685,1,0,1
2022-08-09,7.702672127853783,67.19662768677608,186.86889181596752,7.0,28.09286920494581,86.60406182786369,5.123912657640318,1007.9938524555284,0.5943983098935933,1.3500560966451358,0.7987110113730722,657.6688768523924,1,0,0
2022-08-10,1.8479699332111077,30.489857025563467,156.41158829583077,6.0,28.358633171211956,82.12181957765289,4.6589595926272045,1004.3378581653918,0.44813064084244075,0.8819732114944462,0.9122706184480724,534.835603461608,1,0,0
2022-08-11,38.870818324544494,48.421460385609365,172.99739384198992,6.0,29.333920985900807,82.54090587005936,3.9849734679947666,1001.0882212286991,0.0920309936826742,-0.8481231180786137,0.58220982757212,601.7255954042897,1,0,1
2022-08-12,14.688393781494817,55.4071820392504,178.43246571495092,6.0,29.58249612771531,87.21841531138669,4.1859511903886775,1004.4293688116084,-1.010661344196417,0.6365768647044394,0.8753842938787654,623.6450561611683,1,0,0
2022-08-13,3.1994971460638095,56.7587092521031,125.80330687209027,6.0,28.85450272087825,82.0221142694956,4.584546483900632,1006.4128056201114,0.6901805639961547,0.7138986996091617,0.43605354476950464,411.3934412997916,1,0,0
2022-08-14,12.388140657617518,30.27603158517612,99.63670693528407,6.0,26.758825498524583,89.37311352262158,4.647176737725376,1005.118029057661,-1.1022342998854864,0.2519738297214311,0.9412047865008105,305.8644301179585,1,0,0
2022-08-15,34.780349787281686,50.36798759096299,113.47784175806717,6.0,26.14025171576506,80.78658349820176,4.2786345219454605,1003.1561475897317,1.0430546241392098,0.9051394964021835,0.6418614388976662,361.6852580058105,1,0,0
2022-08-16,7.174968533528246,54.34345897842742,112.95013816374163,6.0,28.32856156868161,80.47345042077322,4.482548278063597,1003.5802417917189,2.5716945808258784,0.15045922743922976,0.5219950536045466,359.55704728524444,1,0,0
2022-08-17,36.9045804890824,78.85989880989231,148.00674871961292,7.0,26.47163480154299,92.75687555093698,4.48313234225692,1004.2847634839017,0.32980603191439545,0.1603741768610006,0.8024367182030204,500.9391701549403,1,1,1
2022-08-18,14.465225911266463,58.544774933877086,123.60115630633487,7.0,29.6462079057181,80.07314773292278,4.210846945626073,1004.0096943540299,0.5247973220919688,0.09699243574163464,1.226997282754584,402.51224266340324,1,0,0
2022-08-19,24.498785415502372,75.8685918158512,133.41154794034242,7.0,25.19463344384609,85.38836946933496,3.903040314191304,1002.5338694698193,-0.44357379200600344,-1.6145952686397351,0.9474701171679977,442.07721980768673,0,0,1
2022-08-20,37.72674972279161,76.69076104956042,167.93880051707023,7.0,28.374657213491314,93.77973673854116,4.711740236842152,1004.6794125786638,-1.6291919889781348,-0.06431871512469921,1.2988964223525703,581.3244598788862,1,0,1
2022-08-21,52.05171613709193,114.27725127538588,207.60237599654462,7.0,28.028364920778266,84.90542787965246,4.4412601549773365,1002.4003669022757,-0.5424474267272001,-0.5346004595636565,0.7572933515365716,741.2863162298654,1,0,1
2022-08-22,56.402742001291664,146.18120786117518,229.22476821055463,7.0,27.291542621595152,91.57171084202754,3.017595048562801,1006.5093692470226,-0.9836057169888744,-0.9491583825540458,1.2232271493453672,828.488691595442,1,0,1
2022-08-23,37.13223209601324,145.58669023439683,259.1820317730396,7.0,26.285853172112144,87.76657501195749,3.7706815662170285,1006.7290790524537,-1.302304118773514,1.1472146277916182,0.8120461047717215,949.3053207752919,1,0,1
2022-08-24,7.460630617002681,100.99560471430756,229.7380819009599,7.0,24.694529132718493,85.70333093486279,3.9777799118692334,1002.9953511383143,1.5501239477960844,0.40336601482756623,1.0422312717575508,830.5588683209388,0,0,1
2022-08-25,72.49475708403496,117.08761979705085,287.7676130737284,7.0,26.837015795637026,85.22358095891562,4.145504063980863,1003.5111294808752,0.2455762662231957,-0.023864864755638246,1.0478406849435953,1064.5900018574678,0,0,1
2022-08-26,16.61756576417505,96.57295346521268,279.88639342240106,7.0,26.8615795024112,77.55865986391697,4.988549829867049,1004.0396882811937,0.3417188225525853,-0.4518426808819411,1.1637476912319276,1032.805309970864,0,0,1
2022-08-27,39.28343357957276,128.39575642778277,281.4430772791822,7.0,29.13744727852662,84.50682385683692,6.187578420277673,1004.7443564946691,-0.2781201286766246,0.23693566770299218,1.0626840815880925,1039.0833632343974,0,0,1
2022-08-28,41.683028713064786,97.58402805681258,271.0743898551551,7.0,26.485018062546605,86.08978766154229,2.790890291334442,1005.2634144626122,-0.15558397419909273,0.7931488746540105,0.8137413383237506,997.2667980805893,0,0,1
2022-08-29,15.504807700489962,96.47126999312749,230.17645555435337,7.0,28.21489481512809,87.08839104063043,4.448826693808851,1005.6345834129488,0.8680956140154,-0.6615726748375527,1.2140716437808026,832.3268144156742,0,0,1
2022-08-30,3.97453331256711,61.162369726121845,197.01875677090726,7.0,25.771880231320267,96.53824379799846,4.307934550189179,1005.592587875076,-0.029103406825693897,-0.0038626978212880064,1.4192993907898965,698.6029384007292,0,0,0
2022-08-31,2.5962355698503243,22.07557658290738,192.15436172375487,7.0,28.253363427855806,86.32484532486504,4.1578890048255595,1007.5980465195415,0.4776245442222595,0.694453199080938,0.8297811071435532,678.9849979513193,0,0,0
2022-09-01,9.762884119255162,16.33365300167258,129.4224887589751,7.0,26.115225999558596,75.79202113284387,3.7981415878757967,1006.6958051316911,-0.17640386806051428,-1.548800903267304,0.5032599201797479,604.1868905629426,1,0,0
2022-09-02,4.817805293777105,17.176924982882575,117.62272828857715,7.0,32.1814211417201,79.34880578414177,3.5622511050061973,1004.2426830875911,-0.3079376016588425,-0.04605580992432323,1.0702652261132175,543.1200428116084,0,0,0
2022-09-03,41.42148592769153,56.00217534072378,119.76078063669593,7.0,29.050511955100138,76.28302122131814,3.2555174752752363,1003.6906232308069,-1.2662227490416758,-0.3434330964380309,0.8430903703951379,561.0147064957515,0,0,1
2022-09-04,14.12819152913554,60.36748275060416,92.20594345276668,7.0,25.335705478458518,73.84585116608372,3.4899234589742747,1009.5315661884861,-1.7799741561304154,-0.10706388620402718,0.8707029535245457,410.6910516484304,0,0,0
2022-09-05,9.83309295971118,65.38277041653824,86.5342287119879,7.0,28.243157226833304,74.23186191651682,3.80631785949835,1007.5045303767284,-0.23540571095976165,-0.4013028450975224,1.0173285077821244,384.34125450302815,0,0,0
2022-09-06,67.47315901323634,91.43444350208304,150.03285441265712,7.0,28.022079366296918,72.45137538669536,3.749260619367266,1006.9587640101541,0.05084702279390942,0.11009968416583649,0.7362813065685403,749.8603035590271,0,0,1
2022-09-07,20.72706896422068,98.03332093716818,168.1636878070275,7.0,28.32986110800431,75.67172869959714,3.58555724523032,1007.3953704166356,-1.1575170330379119,1.5389017763381745,0.7526378135326832,858.3584342226519,0,0,1
2022-09-08,1.0675500023179811,89.26777797977499,159.4683536900903,6.0,28.737508538498748,73.2364135815791,3.1223092840068194,1006.8756338783061,-0.031027378531169592,-0.2591379791428408,0.7617625665117976,809.0969946230565,0,0,1
2022-09-09,48.21277053855257,70.00738950509123,202.86331893486576,6.0,28.3203424779613,77.30989766732147,5.16386359059355,1007.3668898391301,0.04837730669145182,0.2333688072752853,1.1187448223903684,1054.941309583668,0,0,1
2022-09-10,2.7440696011416317,52.02439014201217,164.18590260831587,6.0,28.10502958472163,69.77948925964688,3.6880858473714584,1005.9164906601156,-1.9404072054534414,1.5957971347272903,0.7210193806986225,835.8231960510889,0,0,0
2022-09-11,23.382432103377017,74.3392722430712,173.44014318255734,6.0,27.62585035981875,73.51212794780692,3.929855797060191,1008.4865036748658,-0.823612193531551,-0.4400124626980443,0.36457762598128635,888.2509931842827,0,0,0
2022-09-12,20.855813464243074,46.98231516876171,184.46286368708925,6.0,30.398511686123452,79.05266504879607,3.167696388941876,1005.6423923732575,0.3665375043619217,1.4517402791431753,0.3324422855789905,950.6977115110177,0,0,0
2022-09-13,0.9830465414551968,45.22129210907527,117.9727512153081,5.0,30.929596353947876,72.67026348474832,3.586122077156231,1004.9612330005344,0.3483528564561695,0.004258405301685788,0.6221869699633826,574.0130878438272,0,0,0
2022-09-14,28.685145395102147,50.524005400800405,125.93082764618956,5.0,28.89160314008633,80.03324065617038,3.581342706738833,1003.5436294617463,-1.0383074247597845,1.425516980691941,0.2591776396336582,619.0977615500652,0,1,0
2022-09-15,8.538568350411488,38.206760286968816,133.40184599428306,6.0,29.223315182571945,72.92658320095343,2.325207987609589,1006.1592453373435,0.14260324544976147,0.6001608999570553,0.10344294496743628,661.4231183624281,0,0,0
2022-09-16,23.282569466418593,60.506283211932214,108.47164492214908,6.0,27.67114328834752,73.29691386567895,3.042381404450762,1008.8686544240433,0.9201665028244249,0.24568669006593735,0.6038626340175308,520.1867290753789,0,0,0
2022-09-17,6.92904220312757,38.75018001995764,112.65661752413503,6.0,29.347435470288126,73.89398910577471,3.031291848909242,1005.7639195570392,0.6993656630918085,-0.05250454550926923,0.5656900189360486,543.8957404010196,0,0,0
2022-09-18,20.771478228230713,50.983089897776864,110.04566364898872,6.0,29.569955759632478,71.3948485359793,3.1121038008677835,1004.1057636385476,-0.0857572083125411,-0.4992331519033685,0.2509005853661358,529.1039745081691,0,0,0
2022-09-19,14.498950101207948,42.19947053256622,103.68880028595359,6.0,28.940848439017778,65.00021744970003,2.830474379561856,1007.0998403736643,-0.42117868199186315,0.06063323997148221,0.3636606739626226,493.0906095943273,0,0,0
2022-09-20,25.398208482135285,60.668636811573926,128.10396222663368,7.0,29.80251146149436,76.24321899314462,3.498691482439076,1005.4152277802253,-0.566410035901054,0.7178891672160194,0.2836918044131612,631.4091617144155,0,0,0
2022-09-21,23.631813492247055,63.52897207559027,123.05063032377859,7.0,29.680198787488564,81.61652153875006,4.310793028997554,1009.3740305867273,0.4210378046186914,-0.01048914479733646,0.33295153349699275,602.7806580868988,0,0,0
2022-09-22,11.291820359957756,60.321842334340076,125.80388233332486,7.0,27.77221134789032,74.63164913672783,3.5506710804989425,1008.5214257912622,0.17559357582859922,-0.25329824404948614,0.2786568029512131,618.3785817258013,0,0,0
2022-09-23,8.21295232654917,43.136586178753966,110.73426519345543,7.0,30.91827301183767,72.73045263808542,2.7636155872553596,1004.2995391827443,0.5664636054919804,-0.20062602734221835,-0.5792485026238111,533.0050900874843,0,0,0
2022-09-24,25.783574180766692,45.2883468672736,129.58879717109457,7.0,28.957301728855725,71.17437041677479,2.8538355187391504,1006.2741392901244,0.11868643180903679,0.7939812908664426,-0.043419556084939616,639.8211566933609,0,0,0
2022-09-25,8.255290939759046,42.2518174470749,117.07260988262288,7.0,31.59380673530091,76.87103700431464,3.2461471711328143,1005.227661395098,0.7368875553126977,0.9801291640798846,0.09063622390917571,568.9135416625253,0,0,0
2022-09-26,10.890686131320285,44.92955125184601,113.46434591273524,7.0,29.836595317804047,71.36400574438517,2.6230139519213296,1004.4982415585724,0.08513327966193014,-0.5337204110146964,-0.19687913239794252,548.4717420465921,0,0,0
2022-09-27,41.2355596284948,60.38153669957411,129.30169705909475,7.0,32.00731287513769,72.73129889241086,3.655052111035024,1006.4864677282608,0.7062198445185178,-0.5348702859579918,-0.14034861983833768,638.1946562465561,0,0,1
2022-09-28,13.372768149406193,65.49901390922126,119.04265171625387,7.0,30.893383329646156,65.71143020699516,4.284237182518576,1008.0599687883806,0.7837404933299751,0.3034871357336899,-0.016397588946825803,580.0743660185504,0,0,0
2022-09-29,35.17759254106841,89.78592031896937,142.92842389736452,7.0,29.566071972014335,69.30121034550724,3.126835333018985,1006.4400766954137,-0.7240739672023322,1.222025651805804,-0.237884889093635,715.3937807489807,0,0,1
2022-09-30,9.40654028379966,57.95690097427425,144.12201185461504,7.0,28.235656879349655,73.64674387672432,3.5180582047258877,1005.6580775605536,-1.6273296421836714,0.916792246650048,0.065616493912098,722.15578210191,0,0,0
2022-10-01,4.54178845942276,49.12592128429081,122.8802261332711,7.0,29.7741797993528,65.38159382121398,2.49673108071628,1004.2320324108883,1.389143570413098,-1.0014817697439293,-0.0819032094352124,957.8316593444334,0,0,0
2022-10-02,3.674125200661073,17.622453943883478,118.29906039417313,7.0,31.502622263005623,64.58612603582561,2.3763307825529094,1007.0047905645258,0.23099285764103553,-0.2112607759934897,-0.4444551356633751,925.135798857988,0,0,0
2022-10-03,3.725911144685601,11.94182480476942,111.13428540753843,7.0,30.956750781337377,54.35525623556623,2.867853134072489,1009.1965067106378,-1.5430373059465095,-0.7444828437516099,-0.5142100038515262,869.3451250414473,0,0,0
2022-10-04,0.2721519198607196,7.67218826520738,70.17087769890436,6.0,29.931737533642572,52.98206089156031,2.356124195052076,1005.7877644630829,-0.64243754749684,-0.2140100175322066,-1.2257299655653613,511.42938557450543,0,0,0
2022-10-05,1.4185914813690734,5.41665454591538,58.216701030867235,5.0,31.92265819068415,62.68994935850641,2.269067221825017,1010.5118699522928,0.6946868631328456,1.2835279968282836,-0.6416415808721959,412.82637939760843,0,0,0
2022-10-06,1.4583108783716154,3.149054279601394,24.497419368170448,4.0,30.810654126528537,56.61159048649006,1.7825326641613506,1007.1527153887082,-0.2517091480196037,-1.1380805190264138,-0.9434723471826594,119.665687130668,0,0,0
2022-10-07,3.2540181267546733,6.130920486495349,18.34489721112546,4.0,31.93098800545111,64.05307645944777,2.792860429962191,1008.5519538159956,-0.4608552773872144,-1.2950922346241522,-0.5931195484741525,72.92351403633369,0,1,0
2022-10-08,2.5540985919776027,7.266427597103878,16.3572073436803,4.0,29.390716170647913,53.808131412249494,3.394313130290625,1007.4848076601718,1.26079367428167,-0.662843322746882,-0.6514802631553887,55.15560796054668,1,1,0
2022-10-09,11.53106550177172,17.339182220503982,24.21414764479095,4.0,32.15563459924153,60.17667298405889,3.1784927664444065,1006.0858880072733,-0.9425584317454294,0.22984848206079422,-0.5548768589893469,125.38858524720649,0,0,0
2022-10-10,4.356477599924066,18.441641693673375,24.844714100029414,4.0,31.457768061116283,60.779139870114435,3.649303491768169,1008.9957910385792,-0.7183380219793505,0.49660385651260547,-0.4165671069516584,131.02520177110097,0,0,0
2022-10-11,7.088553608699768,22.976096710395538,31.661115788868464,5.0,32.43297179427676,61.862290198676355,2.349398220481259,1007.126835274179,0.1902478275434408,0.34995874788922654,-0.8068332383210666,191.95683248761654,0,0,0
2022-10-12,4.280389647834949,15.725420856458769,34.52291395533434,6.0,32.124776965032964,57.17730582769161,3.264593125743016,1006.7038020447635,0.35140943884849407,0.9405483225848132,-0.26222363767560686,217.53836905548255,0,0,0
2022-10-13,7.590162370696925,18.95910562723163,40.65476544765964,7.0,30.637439503039015,52.08117756850759,2.09252792221172,1003.9261894492009,0.44670873090665836,-1.4104684753871435,-0.803708437062714,272.35082404190734,0,0,0
2022-10-14,2.5782584828620663,14.448810501393925,39.97900580376704,7.0,30.52484990712945,59.60207164939782,3.17966268075574,1010.5480943319781,0.8201142401120521,0.9506692306871497,-1.2162097213003789,266.310226824433,0,0,0
2022-10-15,1.107280653704467,11.275701507263443,38.5321878654939,6.0,33.25261765365741,61.430061353510276,3.740619860713266,1008.2143258869885,0.17872075861336517,-0.2496762560370332,-1.0532658572550724,253.37716032495803,0,0,0
2022-10-16,6.865146736449664,10.550685873016183,33.86626910017185,6.0,30.34957840689535,63.4192986806422,3.053136395186272,1010.1950830376314,0.44044554504456823,0.5851954478438941,-1.0272104305423961,211.66863841854365,0,0,0
2022-10-17,6.5895808671265215,14.562008257280638,36.0993723673743,6.0,31.804181442403074,58.51233382623402,3.7511944634852474,1009.3196044726251,-0.23328833338357488,-1.0587403414105636,-0.8043857866781672,231.63028825086135,0,0,0
2022-10-18,4.453690331072711,17.908417934648885,33.464509089747246,6.0,30.222432474964453,62.04851881029812,2.394868294473412,1010.1948364927478,0.05642847291304282,0.003965357607256141,-1.2046850640918858,208.07731652917525,0,0,0
2022-10-19,3.8599531561193263,14.903224354318546,33.044072598031626,6.0,28.149737951837384,61.263512302326966,2.673568854010976,1007.1877974724872,0.09678076204827098,0.18901661647121087,-1.0548350814771157,204.3190460776393,0,0,0
2022-10-20,7.7619747066682745,16.075618193860297,33.21588493400298,6.0,29.038099527101757,64.67201337559524,2.2046972762147465,1005.7328380386103,0.1935883222371325,0.9246008299987345,-1.030044736691257,205.85487191153783,0,0,0
2022-10-21,0.8159727442760794,12.437900607063668,31.453599195416988,5.0,31.32466350283687,58.96544244523973,2.774981402392261,1009.5761053157772,0.6952858268244847,-1.2682036980862124,-1.108204318819775,190.10184725978905,0,0,0
2022-10-22,5.741075200726483,14.31902265167082,36.087393742439005,6.0,31.73795864347724,53.046317942436076,2.915911785581857,1008.4376158786306,0.49963111375034797,0.02460203882792333,-0.7966359011414594,231.52321164587724,0,0,0
2022-10-23,14.48501854999292,21.04206649499547,43.70726555598226,6.0,31.329273036938318,59.58838876811576,2.76972853089844,1007.3637986507755,0.03979530261016479,-0.8681882329137145,-0.8393909775493181,299.63704012083616,0,0,0
2022-10-24,2.6005637525295637,22.826657503248956,39.718248441385306,6.0,32.360703565981,60.548242018118685,2.4696241249354536,1009.5401422739678,-0.7282133864469359,0.4043968353666201,-0.7052263528792824,263.97932380014805,0,0,0
2022-10-25,3.6875836017514665,20.773165904273938,38.952141712064055,6.0,31.304138481357874,61.34604367186215,2.459678036895184,1008.7578932111363,0.06090413225643859,0.621773229164901,-1.0736952816791487,257.1311164245656,0,0,0
2022-10-26,14.874191220612591,21.16233857489361,49.96637977655732,6.0,29.671045675162375,54.12347474827331,2.961209848509027,1009.3533473934747,-0.02521600640616954,1.0297361940064702,-0.6813202771321081,355.5870932001648,0,0,1
2022-10-27,4.078440023321139,22.640214845685186,46.282845093210184,6.0,31.588397318093364,57.43198893214691,2.6585353351089047,1006.3629481645846,0.17386342183187853,-0.42802356344669956,-1.3109346860350553,322.66007608720895,0,0,0
2022-10-28,6.6802681415354686,25.632899385469187,52.14714049046958,7.0,30.99382540933204,62.17486449935174,2.0630256902176813,1009.9629677716255,1.985872776426362,0.7417811885510324,-1.3020218773491048,375.08085436138805,0,1,0
2022-10-29,7.780795106708668,18.539503271565263,54.18686039645176,7.0,29.95059305710074,58.44011292733187,1.6157358657351393,1008.1949229232355,-0.47139550068711183,1.0887212699816426,-1.240420067299857,393.31385554732606,0,0,0
2022-10-30,5.432096936926044,19.893160185170167,45.133938783384885,7.0,31.417901286083698,58.45001880695802,2.396814401160477,1010.1560244487698,0.3800601172128236,-1.3145975758843735,-0.9138194283918714,312.3900335935611,0,0,0
2022-10-31,1.875547868584153,15.088439912218853,44.40892289943947,6.0,30.867492496454517,68.10317620452784,1.9247462512891262,1009.9461141168706,0.9616158605198684,0.48987593607876045,-0.5918537172288774,305.9091361757192,0,0,0
2022-11-01,0.39828780735064173,7.705932612860826,41.119627105038646,5.0,30.511896527392295,51.1192781788389,1.96584976943732,1010.0841549208501,0.0882017226894446,0.7668090030240848,-1.0165558998417357,363.771627561339,0,0,0
2022-11-02,0.9526720215367611,3.2265076974715434,27.198107905962818,4.0,31.109885215646408,60.48306939263371,2.2132086119585974,1008.6487913541954,2.1040606072549486,-0.20698110910994993,-0.9560936492291985,206.26948558700175,0,0,0
2022-11-03,0.12964285697612118,1.4806026858635115,23.2493107396178,3.0,33.33789128839358,59.877577914045744,2.3795322588206416,1010.1260431358698,-0.34023536255832904,-0.9686188620200868,-0.8592422820881834,164.66553945896504,0,0,0
2022-11-04,0.7433038609868221,1.8256187394996921,17.312346459069154,2.0,33.29214024113209,55.47035984176758,2.0675882634064067,1010.8482325307832,0.29168030008804235,0.7543646048877306,-0.6278635950136048,99.95606799683362,0,1,0
2022-11-05,1.3888670113724593,2.2618137293353904,10.920418363732944,1.0,31.62229909361334,55.67429609162538,3.7819124274518607,1009.9409376919416,-0.7189251704036838,-0.9596070620462055,-0.8539305487259037,29.9592251293658,0,1,0
2022-11-06,0.6896207343867664,2.821791606746036,6.177942161193668,0.0,31.43907131967678,55.72218576308201,1.7105299423961808,1009.2134937566141,-0.3163722616289638,-0.1426811476087219,-0.8290655923515122,-20.86847837143675,0,1,0
2022-11-07,0.7070631336778165,2.7855508794370296,5.009457426287331,0.0,29.352632916465204,56.190724217002916,3.192719237319201,1010.1301464540144,0.22404051935699212,-0.03209924624266322,-0.9911005936562709,-30.160965939292588,0,1,0
2022-11-08,1.7578080462703076,3.154491914334878,6.368977665206998,0.0,33.766008457347375,53.675763842406376,2.3696509567392754,1007.9025504424945,0.7616736560769567,0.5724304413631995,-0.754702161444768,-14.361273298689136,0,1,0
2022-11-09,2.5398768963701768,5.004748076318289,7.9561825400404125,1.0,32.809775940949734,55.5467446400085,2.072675927750605,1011.5739997239563,0.2871853506212168,-0.501305247610026,-0.27253885201850864,4.084461058280022,0,1,0
2022-11-10,3.96479836903788,8.262483311678352,11.791338052102173,2.0,32.41162949762064,55.275896701889124,2.8197373687897236,1005.8215292423274,1.1332033644012625,-0.547666951062284,-0.49755594011562776,48.65480034770668,0,1,0
2022-11-11,2.625947645755848,9.130622911163892,13.673981836871198,3.0,28.174274294707686,55.00492185007494,2.1954652317939565,1008.9107434317119,-0.08546877953340457,0.07913238301048874,-0.6570288093195897,70.53398412118975,0,1,0
2022-11-12,0.6369263748582984,7.227672389652014,12.922041200357036,3.0,31.416189009552696,56.414283974816094,1.983012950691299,1008.118094280787,-0.2989516768551048,0.8051123820957994,-0.11335031149802999,61.79529042557829,0,1,0
2022-11-13,0.26077555963358073,3.5236495802477146,12.49319602560385,3.0,31.18091710698786,47.683116827242316,3.541077703904125,1007.6952134862624,2.433586596551448,1.8299600005225178,-0.517707476953137,56.811457336862816,0,1,0
2022-11-14,0.46050108544372975,1.3582030199355963,12.246633977369763,3.0,32.31483891225542,58.42056355455609,1.150515734793999,1009.3981713345482,0.3548138844978277,-1.2059849598230197,0.03571301082753614,53.94603138187163,0,1,0
2022-11-15,1.712260783725012,2.43353742880231,12.201086714824468,3.0,30.727454159670465,56.04266166464555,2.320267467259523,1006.8229624438393,-0.6475333913806929,0.2522736142292625,0.08473924379673287,53.41670292596841,0,1,0
2022-11-16,0.6278810745906788,2.8006429437594083,10.289090893044971,2.0,31.034502995599656,49.97787799734352,2.581234734851435,1012.7222964915825,-0.624837386023262,-0.8692280209874336,-0.19822493278685083,31.19640384587572,0,1,0
2022-11-17,0.5176900420208155,2.8578319003364934,6.841982566027906,1.0,32.226075413171166,55.209791355660656,3.312005282461513,1006.4150287452734,-0.8484119230782065,0.8150489945653941,-0.5322757041860163,-8.864237038009342,0,1,0
2022-11-18,2.6011667028975083,3.74673781950899,6.8172016231695665,1.0,30.275887584710432,57.591386667332806,2.2281332238476703,1007.1365360923976,0.8429124202711091,-0.7508356378473864,0.4698127614371679,-9.152229279167335,0,1,0
2022-11-19,0.6119806620105155,3.730837406928827,6.792255910321784,1.0,30.555237541861533,63.165785336088256,4.063800909155962,1006.9665879865175,-0.3279395636039177,-0.539718574545859,0.0496490207955701,-9.442136398173455,0,1,0
2022-11-20,1.2879045321826896,4.501051897090701,7.819384882870892,1.0,31.629554594299925,55.60225533864119,2.922663199363909,1009.2061151438187,0.11462622809083706,-0.471416687251197,-0.07260380136423558,2.4946642495538995,0,1,0
2022-11-21,1.3992337681998834,3.2991189623930763,8.758117565627046,1.0,33.23277728332398,61.36912554830639,1.046816076102279,1010.674997925168,-0.05715780699444185,-0.06095915097584312,0.3029120612171865,13.404165582922964,0,1,0
2022-11-22,0.05249674945795623,2.7396350498405164,7.09835353135999,1.0,32.490754930747265,64.2088596816688,1.594982125174423,1009.7956309640455,0.6583431671468412,0.25855807748696596,0.2947707969425931,-5.884816549616689,1,1,0
2022-11-23,3.666138528245443,5.11786904590327,10.136610985014755,2.0,32.86446299514008,56.68310212423856,2.6093521630300236,1011.4990382601645,-0.7620696835956181,0.3869611148868109,0.5018769138221905,29.424355433665767,0,1,0
2022-11-24,0.25071703933332967,3.9693523170367166,9.86963798232727,2.0,31.447540827335988,57.908109004456435,1.7808720081408036,1007.3597360524859,-0.968015057528714,-0.004614036946226595,0.06296526725360521,26.32172314835815,1,1,0
2022-11-25,0.10935754089181828,4.026213108470579,7.377828820321579,1.0,33.45200653193075,65.7601398479943,2.7958917093399864,1010.0345171667999,0.20186757646343484,-1.063912817952465,0.3618752290344194,-2.636888685191679,0,1,0
2022-11-26,0.5322660739333859,0.8923406541585214,7.2981142322444486,1.0,28.92124190433275,58.9531468977198,2.194953892596078,1008.3024525897955,0.5408633562299073,0.5822289202481514,0.03862304054134719,-3.5632934230805353,0,1,0
2022-11-27,0.3366095219906698,0.9782331368158614,6.34681922205243,1.0,34.190032204396466,60.81936893163749,1.749575920227746,1009.2593519520632,0.2992790817878767,-0.04236693093042235,0.5534739550369346,-14.618788105173126,0,1,0
2022-11-28,3.3422950220854646,4.211170618009508,8.28988047593801,2.0,34.37135986388663,57.39106891177358,1.8884381381882513,1010.8444445014942,-0.7285083561875949,0.9293878320117591,0.4317599727509793,7.962538538152948,0,1,0
2022-11-29,1.0420773864190656,4.720981930495187,9.279461112899119,2.0,31.998160187986226,62.081399592697345,2.9783399256027754,1005.8027319613736,0.6097363578822544,-0.5661910235839493,0.5570046380795758,19.462970425435785,0,1,0
2022-11-30,0.4847850898618643,4.869157498366382,6.098107674515541,1.0,32.5240649910443,59.02691163770084,1.2534196362102772,1012.4326339485556,-0.6694748343860708,-1.2818197818807957,0.49791896666949315,-17.50919451087274,0,1,0
2022-12-01,0.062414197298765385,1.5892766735796828,5.909804832480977,1.0,31.431414751714637,51.068817787330104,3.0344912944698015,1008.7220764048036,-0.469384780307745,-0.027220802146460218,0.517863979065224,-20.059060201313724,0,1,0
2022-12-02,0.7007535007929708,1.247952787953588,6.50120079238213,1.0,31.191218853019354,56.70130602606518,3.05204852305519,1006.0915860884518,-0.849558172249802,1.036762150627412,0.4078666283239851,-11.772785918254304,0,1,0
2022-12-03,0.360743142788515,1.1239108408802387,6.329677861237259,1.0,30.629396035811954,54.53214675547855,2.20848231709373,1007.7363900745705,1.1710425137868279,0.12875370929284066,0.8649169300684757,-12.945038708128436,0,1,0
2022-12-04,0.7913968041650434,1.8528934477465169,6.784465143411632,1.0,31.415997738551834,60.25168663074917,1.5646608136660956,1009.1676650191354,0.5700793869246142,-0.15973583933828525,1.0800612729889991,-6.352413503419658,0,1,0
2022-12-05,0.6336590268636562,1.785798973817202,4.075829148189824,0.0,32.26292142717001,54.95173961223112,2.7408449248299016,1007.7359787160107,0.5444940381109861,-0.6962776141259466,0.6066105637120545,-38.97932403648171,0,1,0
2022-12-06,0.18842168067897663,1.6134775117076638,3.222173442449735,0.0,32.072451947350814,61.31509339995324,2.1155108090647197,1005.2973082905029,1.1224902790282054,1.406213173344658,0.9200039783987319,-48.60853259395779,0,1,0
2022-12-07,0.8845855477188205,1.706666255261441,3.621973900306691,0.0,34.26585886168976,59.589358708879544,1.498255790928222,1009.1577539126614,2.531384323414851,-0.8236820759078235,0.9230941735831454,-42.69762385028439,0,1,0
2022-12-08,0.09630368320797444,1.1693109116057592,3.6558633862159002,0.0,31.6249989254456,54.230501580346484,3.5528105361381,1007.6843663870598,-1.53830349351914,-0.580315406102592,0.8479872013901791,-42.27746828234379,0,1,0
2022-12-09,0.3442604998163861,1.3251497307431686,3.2993703852393153,0.0,29.400254575438982,56.36396205796319,1.8766784218171932,1010.1555675153498,-0.6645389227893973,0.4560273568672183,0.4926179716925743,-46.69720246460425,0,1,0
2022-12-10,0.39656358317961643,0.8371277662039646,3.3351908256304172,0.0,33.78664943103481,61.021005555314794,1.5240358673324155,1007.0604183524564,-0.5545575757570714,-1.4848165519094318,0.5744740630415874,-46.25310728072552,0,1,1
2022-12-11,0.4550932256310916,1.1959173086270818,2.998887247096465,0.0,29.77527857175835,63.513186074573085,2.578356891255006,1013.0542687941552,-0.7657376601444236,1.0196725323050717,0.7274577360522889,-50.422536743832026,0,1,0
2022-12-12,0.08757094465192133,0.939227753462617,2.4527991648847305,0.0,30.701467265614433,54.512721538360914,2.3666179376002647,1009.9080479431346,-0.9698249228433413,0.4993544913738845,0.4079347489080628,-57.19283561888565,0,1,0
2022-12-13,1.3544891798125067,1.8971533500955071,3.6188666640182605,0.0,31.86505495921329,55.9922264664751,3.29903942091649,1009.3377455995864,-0.26968775764982905,0.7193848574488878,1.3117675420211181,-42.73614679014216,0,1,0
2022-12-14,0.18784691234793133,1.629907036812347,2.922128028647371,0.0,32.06865967649054,67.57100469390204,2.179014234321043,1010.10513775117,-1.0949433437604645,0.44649360955972334,1.065798136604534,-51.374183313761016,0,1,0
2022-12-15,0.6527742553941779,2.1951103475546034,3.4785986008335747,0.0,29.46100091481925,59.50722163318714,2.1853526093494517,1005.7047933969516,0.30153813078367186,-0.12889881396509606,0.9774895311922699,-44.47516425146266,0,1,0
2022-12-16,2.2014135471341527,3.0420347148762494,5.335751648151341,1.0,30.43955343039896,58.58216789046292,2.608463338688161,1008.0889910097368,0.04652848928575317,-0.8505189681243384,0.4454890231954114,-21.450524826750243,0,1,0
2022-12-17,0.02915690833952675,2.8833447108678447,4.968344973311252,1.0,29.41151911554048,55.500216056567126,2.5270371521032926,1012.1929529887045,0.4329257982872898,-0.11206035297996851,0.5420842743148908,-26.005564715704622,0,1,0
2022-12-18,1.0669166235959406,3.2974870790696076,5.5801683712761,1.0,32.35501284997361,60.46192809513461,2.5453490283128626,1008.407276758255,0.4569556064744273,-0.7801890494021079,0.9993910359146269,-18.420291574059977,0,1,0
2022-12-19,0.4883695698113721,1.584443101746827,5.980966996435551,1.0,33.14134639990606,67.69154658758363,2.5704972976511087,1008.870429130231,0.5427061680840088,0.3889242480611068,1.4914377160945738,-13.45126447123454,0,1,0
2022-12-20,0.09287474527484224,1.6481609386821425,4.719352561897887,1.0,29.774041299376908,60.169808284835256,2.506096176307777,1008.1438165334945,-0.3360680431414941,0.6454238644384813,0.8199110472884112,-29.0925265041056,0,0,0
2022-12-21,0.39316931266579064,0.9744136277519926,4.924674962215747,1.0,32.87853849558904,64.37044657242215,2.157436619997372,1011.6196301141492,1.9090290623703006,1.181446904958566,1.2032095938713117,-26.54697742296609,0,1,0
2022-12-22,1.7948980525440523,2.280942110484673,6.066798759365621,1.0,32.787704803376556,59.36082043471983,2.906932957431804,1008.5431738615979,0.21098800483388797,0.2974141124422906,0.8569261669552094,-12.387138175608825,0,1,0
2022-12-23,1.4773007915430982,3.665368156752929,5.342686003774566,0.0,30.56191545544592,55.442704100695664,2.1913879576967323,1006.7302120591888,-1.6762362773623154,0.739660285276149,0.9773389088019774,-21.36455397039132,0,1,0
2022-12-24,3.374979122782352,6.64717796686949,8.688508218217391,1.0,28.709003911107068,57.49675864122015,2.8899365779319384,1013.6253828220091,-0.9021381711895957,-0.23771578978411376,1.2508542908822493,20.116329997680296,0,1,0
2022-12-25,0.9209951343292901,5.773275048654728,8.542586728950742,1.0,29.984856134449405,54.73492839568862,3.2399836523375956,1006.5084734094169,-1.5664526901250342,-0.38262171040655585,0.8414270022885771,18.30722240714859,0,1,0
2022-12-26,0.2777447758247846,4.573719032936414,8.331961934964154,1.0,30.651253939649717,59.80685858956945,2.0008018789683,1008.808231188384,0.015601166236176595,0.37893751265344117,0.7332570656144867,15.695935231624958,0,1,0
2022-12-27,1.0504020571108357,2.2491419672648982,9.289489246800146,1.0,33.6429537468549,65.08656077947562,3.850016450571929,1007.4682858555396,-0.10962470164800027,-0.30917829817352704,1.2353744054756464,27.567181452381696,0,1,0
2022-12-28,0.21405074888962686,1.5421975818252347,9.110370683023984,1.0,31.318990956299317,59.90811761477784,1.979758656265113,1007.7206336563363,-0.42158312810951204,0.21534863106212618,0.8646017019952179,25.346502682166783,0,1,0
2022-12-29,0.42875109144999723,1.6932038974504473,7.744223721929928,1.0,30.0750553949356,58.610783079769405,1.9840934921793916,1007.0758171975065,1.809833501160463,-0.8489537514683368,1.0957363052415932,8.409265750731928,0,1,0
2022-12-30,0.21605777432681805,0.8588596146664297,6.482980704713648,1.0,31.69160253825474,55.49102639551741,2.731320898266751,1008.0115297117621,0.4940845866692197,-0.7053021459810409,0.6188063253921614,-7.2273915189973374,0,1,0
2022-12-31,0.9175872562128626,1.5623961219896656,4.0255888381441585,0.0,29.67112782211021,61.2906845595242,2.6722638420073084,1010.7547754552579,0.653488525301701,0.5083274408146322,1.1065326067828047,-37.69368062462663,0,0,0
2023-01-01,0.8466938814599705,1.9803389119996386,3.9512875852748386,0.0,32.22004136146396,54.01192105805513,2.443105663317877,1005.5763876119523,-0.8379661391478929,0.709352060324877,0.7856871508253835,-38.81492331263334,0,0,0
2023-01-02,0.23956231018051358,2.0038434478533342,3.913105119630568,0.0,30.131235608194608,54.429277722990136,2.8909671807981807,1011.2694164605713,-0.8992304021979111,-0.7885249351733444,0.7861802575504755,-39.17471736776528,0,1,0
2023-01-03,1.2651174498557702,2.351373641496242,4.127820512375503,0.0,30.33443205490827,62.27214255626617,2.551594553513846,1010.9590793320386,0.03312494918725927,0.5364914484051366,0.6685032374150703,-36.37334697176615,0,1,0
2023-01-04,1.6130135483551862,3.1176933083914578,5.526783311841061,0.0,32.02565415897973,57.05273742118876,3.639461726511958,1009.916269449388,0.15570642568700324,-0.4261885384282198,0.4653785113539962,-18.769159235542503,0,1,0
2023-01-05,0.2808234502749411,3.1589544484858854,5.378855670666006,0.0,33.950292447098185,57.174544597104585,2.368081277288036,1009.2270696715998,-1.6706804104030113,0.013204140960247935,0.5456519908020628,-20.500742477742783,0,1,0
2023-01-06,0.7131963956583591,2.6070333942884742,5.8759942919975465,0.0,34.57686787550533,57.294131312912796,1.8873203550601318,1009.4979133572557,-0.16227632056458066,1.1335555326325177,0.3880655943990525,-14.169147365456602,0,1,0
2023-01-07,1.6945479405649648,2.6885677864982527,6.652954976349649,0.0,30.044153583083716,61.62796887853172,2.0689909498948467,1011.5621051864716,0.012664874586154326,0.6459897872183589,0.6897012877527218,-4.339841501893806,0,1,0
2023-01-08,0.6559788267938352,3.063723163017147,6.462239921683514,0.0,30.66471643377363,58.53415243016966,2.6828111570495823,1005.8575502899105,-0.19363424919401606,0.6366975904177543,0.34876413836241194,-6.723735359066289,0,1,0
2023-01-09,0.34503882740897923,2.695565594767767,6.5677164389119795,0.0,32.22171049022738,53.96261184026852,2.6915875400051257,1010.3090842536767,-0.7320513711120088,1.5270322867655732,-0.02611751409359553,-5.405303408651759,0,1,0
2023-01-10,0.44688850183201484,1.4479061560348168,5.749487490888224,0.0,33.13627037880726,53.860763512646436,2.523902147162531,1007.6568532960763,-0.48558166372902606,-0.5631034728398382,-0.12443960469028825,-15.632975085484983,0,1,0
2023-01-11,0.2768991332742497,1.0688264625152313,4.4133730758072875,0.0,28.470248125752263,55.745368855959505,1.8903143847693533,1010.4863083518542,-0.15917327421551644,-0.7886999799940366,-0.18976771712741103,-32.33409473315495,0,1,0
2023-01-12,1.298286691932302,2.022074327038554,5.430836317464648,0.0,31.622236837643896,59.064494245020185,3.065205399978298,1007.8954821909017,0.081720021249043,-0.5776978161828725,0.34215355283178284,-19.616040692104608,0,1,0
2023-01-13,1.1673707366609438,2.7425565618674828,5.885010658467232,0.0,30.817965123985623,56.47057856030108,3.5622109220248355,1010.2723287429347,0.5443124242955112,-0.20360084272529205,-0.15504522314935548,-13.93896698915654,0,1,0
2023-01-14,0.20761021592922574,2.673267644522459,4.398072933831494,0.0,28.806335612532642,56.88380170638676,2.417551721149042,1006.2126892088635,0.9727705844557841,-1.883640491433515,0.15261242356517576,-32.52534295178044,0,1,0
2023-01-15,0.25780958763821826,1.6327905402283753,3.999903694675877,0.0,29.627930399185757,57.32600392127094,3.4863794938983452,1005.9533306533467,-0.26491295117452485,-0.16594258935744832,0.05625531714568472,-37.50236589839453,0,1,0
2023-01-16,0.06839963081444105,0.5338194343818726,3.7232644980813387,0.0,30.70508104767775,56.731301318824265,2.919770125877078,1008.7964496992469,-0.4105405765038221,-0.43565658551592956,-0.04961298118606679,-40.960291559110345,0,1,0
2023-01-17,0.8038300024294558,1.1300392208821026,4.080205998678779,0.0,31.582306319150515,53.93050257848432,3.7312288327998697,1011.5839168592375,0.3938901061808756,0.6270078139182392,0.02072111862956587,-36.498605762287625,0,1,0
2023-01-18,0.11929697116400376,0.9915266044078881,3.9226038365685336,0.0,32.91130929554488,61.16724904977265,2.683602982352996,1009.9652747700798,0.5497604247697688,0.28193550320803207,-0.10447439669944523,-38.46859615863796,0,1,0
2023-01-19,2.4422243629511713,3.3653513365446184,5.066541507587402,1.0,31.99605265228997,52.880464746072,2.481978373475596,1009.9523688448721,-0.390780389932997,-0.4805573022154696,-0.8762083301307281,-24.169641145862535,0,1,0
2023-01-20,0.18086541572207787,2.7423867498372405,4.080036186648536,1.0,32.82652050320979,56.68262741979622,2.905457267799649,1010.5483116762896,0.711354129269555,0.4719686762903232,-0.33379447004247065,-36.5007283731978,0,1,0
2023-01-21,0.025092067481675605,2.6481818461549125,3.897518038200987,1.0,31.537379361361243,48.25902959944354,2.139865528408305,1008.2854052638799,0.8816268070403758,0.5786104478590157,-0.19994432342766216,-38.78216280776983,0,1,0
2023-01-22,0.11283368026237023,0.31879116346611125,3.7525421308251388,1.0,30.51304096546328,56.26819306332424,2.644286960727652,1010.099310761118,1.1625178190928058,-0.6148366318331286,0.05146352935653459,-40.594327954544994,0,1,0
2023-01-23,0.6370627986914422,0.7749885464354755,4.321205298702139,1.0,31.242715355756275,52.63119146862263,3.198446395983812,1007.956551459794,1.6004888160478403,-0.3944194043059348,0.011726692043435127,-33.48617052525664,0,1,0
2023-01-24,0.44031249498893765,1.1902089739427377,3.9576877912616215,1.0,32.47368957763197,51.08241651565424,2.8917228014431746,1008.4347359542562,-0.7797745247934951,-1.7802905496783863,-0.8006911190859054,-38.03005487921677,0,1,0
2023-01-25,0.17601544102480737,1.253390734705175,4.014406261122425,1.0,32.94555232823257,65.19914642019413,2.381441933168853,1008.6582337002844,0.012508388399260072,-0.8725279794954279,-0.5959315039356691,-37.32108718851143,0,1,0
2023-01-26,0.41803489760670665,1.0343628336204391,1.9902167957779606,0.0,31.292940732953692,55.63069367074604,2.520265884470807,1008.018012934752,0.010149926956794125,-0.5939756483388627,-0.9470565295774243,-62.62298504149071,0,1,0
2023-01-27,0.24579902469943024,0.8398493633309319,2.055150404755313,0.0,30.199203923838823,61.35214497108573,2.8546225967929404,1008.881071830857,-0.08826621167925684,0.05933294128481742,-0.2208700533103649,-61.81133002119809,0,1,0
2023-01-28,0.7861237818436825,1.4499577041498068,2.81618211911732,0.0,31.969886714457207,59.44372873949583,2.8346844938857934,1008.5417582333574,-0.5843366276491225,-0.7563061434878522,-0.3910867943813912,-52.29861047130734,0,1,0
2023-01-29,0.1259394559949538,1.157862262538054,2.8292878948499034,0.0,32.16913864055419,59.43788960118788,2.850055157888988,1007.7261658452576,-1.3370058029079643,-0.4107615896392872,-0.5981253275882192,-52.13479132070551,0,1,0
2023-01-30,0.5535851627479317,1.4656484005865555,2.745810258906393,0.0,33.22577201164944,54.494934745703965,2.603679391263642,1008.7468797345721,0.08341150142610342,-0.9802645452660793,-0.6836040000359213,-53.178242368056694,0,1,0
2023-01-31,0.5765902887390305,1.2561149074819036,2.8820880526564863,0.0,30.54969726903163,62.383119731369945,1.9052897443491434,1009.2794417701849,-0.6915200935931213,0.1368911188250165,-0.4170878833769375,-51.474801619980525,0,1,0
2023-02-01,0.4545171665792209,1.5846926180661707,3.160589778210899,0.0,30.564119841710962,59.15772513176094,2.001367330438771,1007.0192114191966,0.0773941326728625,0.3405716756679261,-0.49418029786354495,-47.976822452256116,0,1,0
2023-02-02,0.7028495072715897,1.7339569625898288,3.4454043878757825,0.0,32.55766027423833,55.82224878739256,2.6771591075865233,1009.7503886791183,-0.714639187528968,0.3218922787358579,-0.5398070807721944,-44.42558573594834,0,1,0
2023-02-03,0.41321081597521764,1.5705774898260159,3.61281617915157,0.0,30.92862899827017,56.19734522394048,2.899334700427856,1008.1103429261859,-0.9896925112599073,0.009888905524207466,-0.7448959824015167,-42.34112676174961,0,1,0
2023-02-04,0.9088488154765156,2.0249091387233102,3.735541212784403,0.0,30.869478141932177,54.025822120235155,2.82162078313132,1009.3557339345181,0.2108685243392079,-1.2328583972011156,-0.973469958411473,-40.81496393731173,0,1,0
2023-02-05,0.45411260505269474,1.7761722365044155,4.063714361842144,0.0,33.254831815879264,55.41852281038308,1.9953290189117745,1007.8014321083716,0.13582937412584636,-0.49596293111428075,-0.7187442444785044,-36.72202522965118,0,1,0
2023-02-06,1.3463347224284674,2.7092961429576654,4.85646392152268,0.0,29.57962814888928,55.01185373149949,2.3097586273328385,1010.8898588663782,0.5213537741888397,-0.32584533785478764,-0.7280680041069472,-26.824878855084087,0,1,0
2023-02-07,0.550745366504626,2.3511926939857757,4.8306189992882755,0.0,34.37772039336864,56.03652413165735,1.6958918500906615,1010.7199754193089,1.9672773897758629,-0.3226362503365003,-0.9984148301609762,-27.154881899594614,0,1,0
2023-02-08,1.2763743250087158,3.173454413941797,5.65247615771777,0.0,30.641346419331967,61.33054439016598,1.5656018409595198,1007.1100673502639,0.24956057808976215,0.059984974391869096,-1.0543109990358814,-16.88697007500652,0,1,0
2023-02-09,0.2514986067955189,2.0786182983088484,5.201125257241699,0.0,32.71245576160392,50.44574145235871,2.449346628918276,1009.9439656461972,0.43657359035771665,1.1404330978968151,-0.695931504768072,-22.52594419660786,0,1,0
2023-02-10,0.14695847617971455,1.6748314079839368,4.934872917446196,0.0,31.3467164709874,60.143420190586404,3.2153528675437846,1011.6022559439571,-0.9698051959805929,0.6496769701476799,-0.5729702182250622,-25.852380573136703,0,0,0
2023-02-11,0.902870333455218,1.3013274164304391,4.9288944354248985,0.0,31.878943196503915,52.57589891697408,2.460341449145304,1007.29224545852,-1.1582166964827372,-0.7900142238789557,-1.183035932117871,-25.92707302499399,0,1,0
2023-02-12,0.4626037404190312,1.5124325500539513,4.9373855707912355,0.0,31.131134898016455,59.42221282625861,3.545340306046632,1007.4348492935301,1.4245465020960004,0.5427223002373068,-1.0651465795657813,-25.820988618065183,0,1,0
2023-02-13,0.010366220941417833,1.3758402948156547,3.601417069304185,0.0,32.69824331052909,53.39239250030249,2.301996666018699,1010.3220741536044,-0.8311318019399733,0.512241894132589,-0.9121010919018822,-42.51197516359751,0,1,0
2023-02-14,0.2024575959440054,0.6754275573044419,3.253129298743565,0.0,31.01278257405553,56.4683627708058,2.419189373610554,1006.6460458847286,-0.9395496643217779,-0.6448539783612519,-0.8756314469876192,-46.86332512875769,0,1,0
2023-02-15,0.6399931365856589,0.8528169534710698,2.6167481103205077,0.0,30.696910937099783,53.56544372480036,1.8058549141109275,1007.5994438438888,-0.035189029094897684,0.6790927381083512,-1.122242384852807,-54.813984026760224,0,0,0
2023-02-16,0.42290265266998556,1.2653533851996375,2.7881521561949745,0.0,34.03771455390091,48.803857257111815,2.1921126587201636,1007.1725697179965,-0.08117317203964952,-0.12830130875621068,-0.5120803725955927,-52.672539359198,0,1,0
2023-02-17,0.19158050019222708,1.2544762894478592,2.8327741802074873,0.0,31.54017177350209,61.798050686382126,1.6864961085507706,1010.344438870998,-0.8122558557989625,-1.1279627920115558,-0.865713400363059,-52.115051962153636,0,0,0
2023-02-18,0.4586990233677299,1.07318217622993,2.388602870119999,0.0,30.55306221225557,51.17623428705383,1.4732566781519556,1007.7525935745665,-0.27447589684179,0.3641621797097135,-0.8236711763888533,-57.66432752690661,1,1,0
2023-02-19,0.5372780438984134,1.187557567458358,2.4632771735993813,0.0,29.412634771806268,56.09414721156237,1.6967002783894727,1008.4866810116864,1.106438145885094,0.17356945889161945,-0.49912436607068866,-56.73138053505462,0,1,0
2023-02-20,0.04087978916518607,1.0368568564313168,2.4937907418231493,0.0,34.1108452411333,50.22038397500067,2.451624102702045,1007.6519835106787,-0.7253942479486178,-0.1821421033486622,-1.0305422249651468,-56.350157807039544,0,1,0
2023-02-21,1.2470781452128974,1.8252359782764844,3.5384112910920416,0.0,30.72634047064557,49.365963173312025,1.9584352805810479,1011.0662914416505,-1.2543052359295546,-0.02996246798663961,-0.916982761140799,-43.299140875408185,0,0,0
2023-02-22,1.4897715994483398,2.7777295338264105,4.388189753954722,0.0,34.38560953158453,53.23156213902084,2.100535358305132,1007.4520706150133,0.8483342588098131,-0.5752683831107696,-1.182042073734587,-32.68239289479598,0,1,0
2023-02-23,0.20111863035704258,2.9379683750182672,4.166405731641779,0.0,32.057432089660956,52.42499328346376,2.6463813905572136,1006.4652870402058,0.44306722074423305,0.48810440303768754,-0.8829553401475954,-35.453262214184086,0,1,0
2023-02-24,2.142851833951919,3.8337420637572888,6.117677065401471,1.0,31.699075278106356,49.3795058694103,1.4711800252095335,1006.3947408911461,-0.5584667585837955,-0.03476050760714077,-1.1806642909911298,-11.074960224119062,0,1,0
2023-02-25,0.42696231186300543,2.7709327761719544,6.0859403538967465,1.0,31.73681733494212,55.39584562491384,2.449080683973879,1010.2475544826273,-1.423950314514226,0.13315907515858236,-0.5875402393165023,-11.471464351375941,0,1,0
2023-02-26,0.23018290140373343,2.7999970472186453,5.778845211402067,1.0,34.6013673126703,49.4958404574437,2.909304310309844,1010.3775243680695,-0.6701610207947069,0.285713539543098,-0.6331837329115236,-15.308172242221909,0,1,0
2023-02-27,0.22197148249566787,0.8791166957623943,5.959936904732549,1.0,28.42993000049372,55.58618979242443,2.9611947433701578,1011.2463653437875,-0.04923399316434418,-0.92366849154106,-0.7688528333389979,-13.04569448655452,0,1,0
2023-02-28,2.0312477320078655,2.4834021159072543,6.744106491527516,2.0,31.79911412499343,54.78728100498871,2.7103992785744193,1006.7292151704726,1.0491048808954373,-0.7154264175056416,-0.6839353604540847,-3.248634145654479,0,1,0
2023-03-01,0.12950725661849477,2.3827264711220155,5.3838421486976715,2.0,31.113329510779945,46.11676081470286,2.3760170372549143,1008.5673337420523,-0.9329237773826913,-1.7679555676929675,-0.42567385539140884,-20.197512336093915,0,1,0
2023-03-02,0.5485557624365396,2.7093107510628873,5.731279280777168,2.0,31.186283822205738,52.87188088863538,2.0330830614842355,1013.3526545351675,-0.0760678933603261,0.45179380679232567,-0.8552996361406934,-15.99951703441757,0,1,0
2023-03-03,0.6149804440646268,1.2930434631196488,4.203407890889876,1.0,31.69365115432069,57.79157006091288,2.35791114742619,1008.4393456944363,0.6076301939054083,-0.9697680189974132,-0.473855828472251,-35.051249368671364,0,1,0
2023-03-04,0.9082593381558685,2.0717955446570224,4.6847049171827395,1.0,31.111858752027448,52.093516335480636,3.399404336124454,1007.9693800621294,-2.1431406061097285,0.10605576791652185,-0.30194788635191105,-29.193683897404394,0,0,0
2023-03-05,0.5064519911372192,2.029691773357702,4.960974006916224,1.0,31.747997495385654,56.96761313070939,2.5711661208986176,1008.9456981045578,0.9304075511450098,0.29679057995164226,-0.8728500952881371,-25.878016800151617,0,1,0
2023-03-06,1.9158023361372178,3.330513665430293,6.654804860557775,1.0,31.45160611430495,58.32032422749215,2.343197277175906,1009.9374269938045,-1.0642055149857936,0.4818822711140162,-0.2051848813394614,-4.987681571275598,0,1,0
2023-03-07,2.2092190689109015,4.631473396185326,6.832776197460811,1.0,29.645633111863518,51.17440559344348,2.745542060048822,1009.9073353992213,0.2987959441112411,-0.9632135310688474,-0.742911315973676,-2.8906918029857334,0,1,0
2023-03-08,1.5772361728872475,5.702257577935355,8.280505113729564,1.0,32.01852701425726,56.30151619119512,2.437160948684846,1007.877539401147,0.22201483464966965,-0.05212929451255284,-0.30076967470697424,15.05798309484256,0,0,0
2023-03-09,0.6738534827713449,4.460308724569481,8.40580283406437,1.0,32.48709079370144,59.131641840142265,2.5428021697778433,1007.9304520805849,0.9761277523174605,1.3362243366301993,-0.5083568337739429,16.611401018914016,0,1,0
2023-03-10,1.0786591979228455,3.3297488535814255,8.86948158792259,1.0,30.72572269681071,54.083970006021175,2.2592961065316253,1008.4498874967139,0.4958319428041863,1.3714517439874532,0.19483573467069762,22.360004308182283,0,1,0
2023-03-11,0.339381162142557,2.091893842836735,8.300603411909277,1.0,34.09966907083572,55.286277002397796,2.158363746925641,1007.6693596426289,-2.139561442556983,0.7898584752215607,-0.39722014338541545,15.30715807226652,0,1,0
2023-03-12,1.2860495808511623,2.7040899409165524,9.08020100162322,1.0,33.35441500525176,60.54073041202548,3.0049265554884004,1006.7609420640314,-0.7063013224403922,0.2699945110550716,-0.46511826043423177,24.97246456139138,0,1,0
2023-03-13,0.24654048370398152,1.8719712266976885,7.410939149189983,1.0,32.666147780161666,53.762787717523004,1.2371165851348398,1012.2378283349567,0.12438461641795208,-0.8040851110763021,0.03629855414934144,4.277265362158909,0,1,0
2023-03-14,0.16118687095661333,1.6937769355117447,5.362906951235695,0.0,32.649163602961245,58.82684509660639,2.694487441419418,1008.2510512958102,-0.17548189750780827,0.5748973003128425,-0.044943055115431264,-21.113858409898352,0,1,0
2023-03-15,0.15526989542879585,0.5629972500893785,3.940940673777243,0.0,31.52675029497587,52.12998790340407,2.121274607469703,1008.3530778902385,0.4298496567810934,-0.1264169829974727,-0.2623269018453317,-38.74313288453967,0,1,0
2023-03-16,0.8042828042771649,1.120739570662562,4.071369995283063,0.0,33.08253550795021,57.20939373089516,1.264198921072022,1008.4091597146078,0.7104299001027349,0.44842262021827556,0.30026870099547753,-37.12609431982974,0,1,0
2023-03-17,1.731767582931237,2.6913202826371854,4.724478380291455,0.0,33.68367101820897,58.203000779061284,1.8225607458990147,1008.8385976007997,0.5476065627867112,-0.5062747638816933,-0.27459026816831605,-29.028977557270597,0,1,0
2023-03-18,1.8442456165957999,4.380296003804189,6.229342834744698,0.0,32.615848179258755,47.52947462665064,2.3856987457917422,1009.7660831865655,-0.1928474482990187,-0.1383464902719431,0.018004878084389997,-10.371946841953404,0,1,0
2023-03-19,1.1361101923711618,4.712123391898187,6.079403446264697,0.0,30.686217882784714,55.43074291188342,2.468213936872698,1008.1461703548314,-1.6617033100084324,0.1313178880611398,0.18618625806858585,-12.230867602576746,0,1,0
2023-03-20,0.1472836942944531,3.1276395032614026,5.980146656855169,0.0,31.429060547720784,60.27603204964173,2.851329072678531,1011.0343519543031,-0.40993312396933557,0.19702247319508673,0.5824538998838887,-13.461434889376116,0,1,0
2023-03-21,2.9085898745848042,4.191983761250406,8.727549660483358,1.0,32.28775260748855,59.89718221407814,2.8921373400974315,1010.0595841840482,0.37473133332505965,0.39497817156819853,0.7564944744392252,20.600358566081212,1,0,0
2023-03-22,0.09026742586772199,3.146140994746966,8.662547190922286,1.0,32.657457426986625,56.90734880028113,1.479297421434131,1008.6398981022928,-0.9814025272954299,-0.46335598761991953,0.7577170990572502,19.794469990812136,0,1,0
2023-03-23,0.04250639893449796,3.0413636993870115,7.900770785579619,1.0,31.376146460961056,53.91326633376228,2.6338285511812978,1007.7842932791228,0.5681472571094187,-1.0746275616881622,0.49160990596018533,10.350107243972035,0,1,0
2023-03-24,1.1560024566484715,1.2887762814506785,7.3250056592968535,1.0,30.691082595372126,59.53986149001365,2.844452783424127,1010.9363833662054,0.817553967540574,1.2998280319198359,-0.030627051979931652,3.211877874491109,0,1,0
2023-03-25,0.31718931166056813,1.5156981672435246,5.797949354361621,1.0,33.70250434365099,57.60896009718805,2.5386799719297017,1008.691839663482,0.11418027866625831,1.9914033352186864,0.7184069824355301,-15.720283291842438,0,1,0
2023-03-26,0.2968149740234847,1.7700067423325114,4.958654136013944,1.0,29.983366960995486,61.86124752556513,2.708791290494498,1006.7465633507792,-2.757401879681156,0.35793656896190296,1.0309156511450464,-26.12570992119338,0,1,0
2023-03-27,0.1972285558263759,0.8112328415104159,5.008598997545867,1.0,30.16675010343594,61.15409137701355,1.247813915486625,1010.8214317433467,-1.1502795264406231,-1.0591936757840885,1.0122516975028093,-25.50650278069918,0,1,0
2023-03-28,0.24099152706038296,0.7350350569102307,2.341000650021446,0.0,29.626635628020047,57.457650326357474,1.813197405720981,1007.6761243942726,1.6975702427004735,-0.6185560934743015,0.85790155097797,-58.57889289438225,0,1,0
2023-03-29,1.1995677213415878,1.6377878042283338,3.450300945495312,0.0,30.16364341384797,62.594963485645934,3.226954600799734,1010.5468169979164,-0.49188401372554025,0.4072940552407753,0.4808587689923334,-44.82599333992647,0,1,0
2023-03-30,0.15460485425716822,1.5951641026591261,3.562399400817982,0.0,33.23089738928863,56.42690047658856,2.239501406085601,1004.4578337950333,-1.7857289008160964,1.0728924893450287,0.6805765302186855,-43.43621745818134,0,1,0
2023-03-31,0.41006613964635086,1.764238715245094,2.8164630838158615,0.0,33.27778042044051,65.18068666775731,3.741188748211964,1008.3199230811831,1.1117226494792452,-0.970312507633485,1.326520471985285,-52.684197724308056,0,1,0
2023-04-01,0.2582042574459824,0.8228752513494886,2.757478029601276,0.0,31.255233550383345,64.5194715248168,1.70013831560596,1010.9367620155762,0.01202003238930557,-0.09946625667912098,0.5174466907428887,-50.96535772578869,0,1,0
2023-04-02,0.8998706438711833,1.5681410409635037,3.360533699448975,0.0,32.053737452414076,63.66749699409243,3.4054551072344674,1008.8580538484246,0.9944464400619529,0.15674565155517525,0.6105414481448345,-44.851439333055296,0,1,0
2023-04-03,0.6187489311622604,1.7768238324794132,3.782054074784859,0.0,31.344190889961098,60.1090474847897,2.100768394764174,1009.9254620520036,0.24926280769742876,0.6916627610286997,1.1562429689941776,-40.84723712887037,0,1,0
2023-04-04,1.3503923801662112,2.869011955199642,4.891454927890687,0.0,29.690129742300442,70.21169613585464,2.984653352323976,1007.2253432081602,0.41270322259095193,-0.2748808755203035,0.8330779530452967,-28.848817691940905,0,1,0
2023-04-05,1.3410754667478861,3.3102167780763447,5.032962673296986,0.0,34.46424710937879,60.20503376387907,2.2899623132598763,1009.4746879425139,0.32670832294306495,-1.2510517530575398,0.6627885007010615,-28.098788071380092,0,1,0
2023-04-06,3.504652633000829,6.196120479914914,8.383010452040647,1.0,33.28353324973255,62.29146774596319,2.536598651298127,1008.8555726148344,0.6277394807289001,0.49695804756232187,1.354622861923162,9.939356062345654,1,1,0
2023-04-07,4.468981376177778,9.314709475926481,12.441925688572073,2.0,31.855084466096173,60.60067848267345,2.8245177470059115,1009.286819851375,2.0496874037004886,0.8998367721369904,1.0992956751425766,56.21561805217078,0,1,0
2023-04-08,0.386924676341378,8.360558685519972,12.57064610746747,2.0,30.160651407285403,55.66398539038134,2.0991798056910387,1012.5195223617334,0.8739057023632693,-0.06607316939612855,0.8969466491349074,57.71154506884623,0,1,0
2023-04-09,2.2949918903632804,7.150897942882424,13.965767353959567,3.0,31.04398917059689,64.89911843799263,2.947855599479836,1011.197079880412,-1.4223053860609816,0.324192073045145,0.7112563250736497,73.92497555699153,0,1,0
2023-04-10,0.5413937226748634,3.2233102893795094,13.88841214547217,3.0,30.389501526646626,59.43051155627638,2.30766751452205,1010.2744065554858,0.4019953637510131,-0.37959298354165655,1.5117762396650734,73.02599039791667,1,1,0
2023-04-11,1.2740695787212681,4.110455191759399,13.812089344027228,3.0,31.495512435934437,64.10150581822545,2.574021722783173,1010.2971329878803,1.027332691292896,-0.6766182357807154,0.9929508153226985,72.13900337868839,0,1,0
2023-04-12,1.5069380651897042,3.322401366585823,13.977951942469044,3.0,31.79278974307367,65.94002765851631,0.8800889255496918,1007.2123379827051,1.0824307258825314,0.8211405444377751,1.3444522197890778,74.06657900495118,0,1,0
2023-04-13,1.7017134324517358,4.4827210763626955,12.175012741919952,2.0,30.881321607300073,63.382756337238604,2.2647905979007956,1008.0006061787471,-0.3839444847531896,0.3099966782515688,1.211514455708802,53.11368370932317,0,1,0
2023-04-14,1.750734259509293,4.95938575715072,9.456765625251467,1.0,29.32271944456478,57.292351619036005,3.2253169555659467,1006.0901714052958,1.048450000669315,0.39229487952150605,0.847817618743909,21.52351849141034,0,1,0
2023-04-15,1.1308740169320792,4.583321708893095,10.200714965842169,1.0,34.343779878636816,58.668188641407994,2.8839980748261813,1006.5635648819652,0.8349681595960847,1.2016921183956906,0.8367267950749102,30.16934117578101,0,1,0
2023-04-16,0.3784745847034779,3.260082861144838,8.284197660182366,0.0,31.69143474419847,50.50858583029928,2.999119131161195,1007.2530576498673,2.315265693272757,-0.8438738674548585,1.3104823509020502,7.896495577039192,0,1,0
2023-04-17,1.1634039567705465,2.672752558406091,8.90620789427805,0.0,31.99812609890678,60.71368042646863,2.4991823692718134,1008.7963942855716,-0.6750015626236604,-0.4416210145275377,1.2955465504662254,15.125200407377722,0,1,0
2023-04-18,5.497963289850377,7.039841831324389,13.130101605407159,1.0,30.7675241581296,62.24860652013885,3.4729564642896036,1006.6438028790883,-0.4566605187603827,0.12634667906775643,0.43883243742778966,64.21326873613556,0,1,0
2023-04-19,0.5130191563174609,7.174386402938372,12.136182696534915,1.0,29.17208173717368,59.54278629165545,2.6402549924962218,1008.7783121983947,-0.2755071436139585,-0.45145059020899353,1.0208487728854796,52.66241953190145,0,1,0
2023-04-20,0.7887304504556394,6.799712896623465,11.223199714538818,1.0,31.24227655537761,57.644654579715095,2.0711317132299345,1008.5715654196238,-0.44119993503489774,0.6265092282179601,0.8257164291899837,42.05216887972835,0,1,0
2023-04-21,0.44108312976813463,1.7428327365412224,9.91354858479766,1.0,30.90638648605292,58.168857990317115,2.9802762876195272,1006.8072067174154,-0.8010186747872428,-0.14991937672318725,0.5676644043942671,26.832031125271534,0,1,0
2023-04-22,0.07397304796344412,1.3037866281872057,8.856647615829026,1.0,32.35224543164199,64.94929373533093,3.020750778248007,1011.5948748904061,-2.486407955106369,-0.7940262459977517,0.8588580713141591,14.549234603956121,0,1,0
2023-04-23,0.9317331900732503,1.4467893678048167,9.409906221198796,1.0,32.62740590136122,58.77572317078533,2.8449464974154317,1006.4646722712955,-0.3912295263508207,0.05261734015012927,0.4210005002358928,20.97894095577734,0,1,0
2023-04-24,1.6390697206517384,2.6447759586884203,9.885571985079988,1.0,32.4299385702277,66.88340906100441,2.2254314300769567,1010.8600031990293,0.332422253729914,0.13627101664543037,0.6044238718402066,26.506900491674156,0,0,0
2023-04-25,0.3682343029914305,2.9390372137164067,4.755842998221042,0.0,32.74247856891859,56.86233174903099,2.636075065796903,1004.7911213348693,-0.44389966095531963,0.7477456503170643,0.48183243712017504,-33.10835127270547,0,0,0
2023-04-26,2.3075924372940246,4.314896460937181,6.550416279197606,1.0,33.884029429101815,60.09664559519378,3.3031866791547984,1008.5927987498192,1.7418430651761987,0.3145127225179395,0.5148135115597114,-12.252680684822147,0,1,0
2023-04-27,1.4747379270642549,4.150564667349698,7.236423755806221,1.0,31.90468973398436,57.652647216464935,2.753721759252703,1006.6930938347776,0.01203823144427632,0.36891711308786856,0.5782280972814398,-4.2802305739028785,0,1,0
2023-04-28,1.96945367079334,5.751784035151608,8.764794296831427,1.0,32.89779944776835,66.98038811503078,1.580534240539646,1007.6708000425804,1.161926149665722,0.25623334720577984,0.29670311369174934,13.481759353028936,0,1,0
2023-04-29,1.2592240992564756,4.703415697114059,9.950045348124458,1.0,32.0503021020046,60.9012250842324,2.0899335350732526,1012.1070965542172,0.23527837145697153,-0.15057801703354434,0.8966876652902045,27.256179016882538,0,1,0
2023-04-30,0.6591607931047874,3.887838563154591,9.677472951155995,1.0,28.698847738665496,67.89788563226797,2.0620325583994252,1008.2242768325373,0.7437665789039322,-0.5729752920890118,0.5779585630775199,24.08847325485839,0,1,1
2023-05-01,3.410379214840363,5.328764107201614,11.44878244534462,2.0,30.5400458682673,62.409795977866565,2.301513446190554,1006.2150703053088,0.251317398540206,0.2310706813275008,0.853120516403921,31.064405498533866,0,1,0
2023-05-02,5.000658710676547,9.070198718621686,16.081206853029737,3.0,29.541578154364796,68.850455855775,1.487336911971972,1009.0810027012861,1.2319061687132065,-0.26649981270691253,0.3130536983554837,69.17600970907397,0,1,0
2023-05-03,7.9373140601764876,16.348351985693384,21.7109284759122,3.0,31.080380927016197,62.83797009057683,3.88845400998968,1007.5629136911714,0.05034541511916065,1.3518580963528124,0.16338067800672412,116.20242680843067,0,1,0
2023-05-04,3.031874028765281,15.969846799618303,23.268064577613227,4.0,29.648960040991,67.02102498051721,2.228334925513281,1008.474541841577,0.44650863727990714,1.073745835818575,0.686759078347511,126.82411185621734,0,0,0
2023-05-05,3.9763841799080977,14.945572268849855,25.274995086727984,5.0,31.604327510072565,57.19979753849284,2.2717385075931955,1006.5572399386232,0.32969964028503934,0.5062713058812867,0.04845461746519858,141.46649697157224,0,0,0
2023-05-06,23.880875053006175,30.88913326167954,47.896646040477684,6.0,32.129813601425525,63.585199435246274,1.589082420282714,1006.6458685623194,-0.25945691231458695,0.3027735514343885,0.0936154927772,340.3833117340791,0,0,0
2023-05-07,5.144261334336937,33.0015205672512,52.381746581709834,7.0,32.441372328458314,58.338505401293354,3.2739648841351925,1006.7854326967689,0.36448408703220914,-0.07036724078494169,0.26299289871604437,377.1779918787826,0,0,0
2023-05-08,3.201170547598521,32.226306934941626,52.172537914467995,7.0,33.02334045016407,62.281105742688965,2.6995885815854264,1009.6404377964634,2.010947621577914,-1.0088989850777081,-0.2819139066388773,375.3078812490135,0,0,0
2023-05-09,18.49263116372865,26.838063045664097,65.6645103675201,7.0,28.409940546330844,56.25842671212301,2.543559330269264,1007.794964585774,-0.24335724788589783,-0.17293777865757248,0.14979280712383225,495.9122588479497,0,0,0
2023-05-10,6.599528264801506,28.293329976128668,64.32672457214511,7.0,29.077774215104547,61.73703279247943,2.575306681850673,1006.3163897016287,0.3775184035679235,0.08112002672420536,0.06234398571963755,483.9538277309784,0,0,0
2023-05-11,4.048799827495551,29.140959256025695,65.34365037087538,7.0,34.855315524756456,66.78653870356413,3.1067901286791773,1008.494533183517,1.1320010557824987,0.18356517955572985,0.1786342594365087,493.044099998205,0,0,0
2023-05-12,10.303980651437431,20.952308743734477,71.67124684240471,7.0,32.169707471833455,64.22031475672803,2.46609458691395,1008.3463212772359,1.0262279528498524,0.3756290936126609,0.029037733714066788,549.6063140704244,0,0,0
2023-05-13,10.397106469114446,24.74988694804742,58.18747825851298,7.0,31.07060142349591,57.21505935996419,1.560766855708457,1009.2357431765067,0.010544775947428727,0.7370641583021481,0.07734186074467286,429.0752706364839,0,0,0
2023-05-14,7.6466622571729,28.347749377724767,60.68987918134894,7.0,30.801226778466745,53.542275939261124,1.979185928730987,1007.3360159204044,-2.1450498326616256,-0.5537232573542937,-0.32867337434261257,451.44416494395506,0,0,0
2023-05-15,5.399629153596721,23.443397879884056,62.88833778734714,7.0,30.676770058097205,62.52222905907237,1.9480246072775949,1008.0636294205201,0.4650325367836196,-0.5464604857672091,-0.5692216676946975,471.09612708485446,0,0,0
2023-05-16,5.209924469353429,18.25621588012304,49.605631092971926,7.0,28.049129083480505,68.58866761886904,2.919298198165356,1008.9622796814543,-1.9975268327607474,1.160685343794527,0.12254701238774157,352.3623704544843,0,0,0
2023-05-17,0.9509159166053662,11.560469539555507,43.95701874477579,6.0,29.675113517557204,56.009798319205295,3.3121189176388923,1006.3864226953461,1.322943507847108,0.616785271354519,-0.8367689759120314,301.8695771344274,0,0,0
2023-05-18,7.300538905234214,13.461379291192998,47.20875782251445,6.0,30.599787631723572,68.19595917052003,3.633590871241094,1009.7984592917419,0.15252648407393452,-0.312616753706657,-0.8604648194605824,330.9367849833505,0,0,0
2023-05-19,0.5094041220756484,8.760858943915219,37.414181293152666,5.0,29.75417043838555,60.90717833837357,1.7731708429582518,1008.2328566708018,0.8997066178847901,-0.0857689351617894,-0.4097413661665891,243.38332975067217,0,0,0
2023-05-20,1.4080408651151752,9.217983892425027,28.425115689153397,4.0,29.937183877260914,53.64707217491041,3.126269548670555,1006.2214350764598,-0.8119000243629461,-0.08217115733991884,-0.19026343874326618,163.03031493843903,0,0,0
2023-05-21,4.590452627670288,6.507897614861101,25.368906059650783,4.0,34.33859825480296,54.232062961642185,2.3850647779963503,1006.208097989523,-1.397256725970049,0.025259297825106393,-0.5927682071879393,135.71093954980512,0,0,0
2023-05-22,3.387774278292584,9.386267771078037,23.35705118434665,4.0,30.40406000583713,63.957299804272914,4.508182340008329,1008.0243407213443,0.23467894572705048,0.37814647379089056,-0.4320006798715085,117.7270231209992,0,0,0
2023-05-23,10.52030872618479,18.49853563214765,28.66743544117801,4.0,31.145742275603517,59.42491679256947,3.5842399717097457,1007.212851681305,-0.03024309596052778,2.027994196879865,-1.220344110894684,165.19640466138728,0,0,0
2023-05-24,11.596355726716846,25.50443873119421,39.31287525128949,5.0,31.095925063035303,65.67733741094172,3.775244740599697,1009.5615500595586,-0.44238674354144913,0.15180524893012196,-0.8836205434789483,260.35570379522125,0,0,0
2023-05-25,23.336074797412792,45.452739250314416,55.34841114346807,5.0,31.58161756210241,54.00945344384245,3.235571385466987,1007.6871046975073,0.0761951526594874,0.5300785203402006,-1.2622209583323376,403.69692632374097,0,1,0
2023-05-26,0.1873320715257928,35.11976259565542,55.026339092918214,5.0,30.08817839181195,60.85352958833985,2.98324041120412,1008.7487419550201,2.490692302829034,-1.3491813649521143,-0.631181804312522,400.8179329568525,0,0,0
2023-05-27,5.534421079054673,29.057827947993246,59.15271930685771,6.0,32.50214801128425,58.87681588260426,2.5125577108966515,1006.6757401304861,0.751072992632152,-0.387919994223068,-1.2430933077660835,437.70353431502605,0,0,0
2023-05-28,6.2723337023009575,11.994086852881413,60.83460038148838,6.0,31.377361335079524,58.377699456373485,2.3945150068239003,1008.1618653830432,0.9445487452769871,0.9830520021732841,-1.203098943145435,452.7378238458629,0,0,0
2023-05-29,5.478027836963182,17.2847826183188,62.92485394015898,6.0,28.95434414081556,58.47765076613489,2.274044441144415,1010.5712228421007,0.7595432023980201,0.3218523130852927,-0.7797700902972705,471.42254398923995,0,0,0
2023-05-30,2.7456036764961436,14.495965215760272,55.15014889047033,6.0,30.605868665108613,58.84508274885629,3.1246528881562043,1007.9366272142845,1.3315159294669736,-3.5112916678918697,-0.6646498621823294,401.92466539544745,0,0,0
2023-05-31,10.124728002359324,18.34835951581864,53.67852116611281,6.0,30.515366615089587,60.18406926161698,3.6903491728201825,1007.2079226449616,-0.1710645056106704,0.5392185618529574,-0.9888075767882214,388.76982488779976,0,0,0
2023-06-01,66.97744747245741,79.84777915131286,97.31989384115744,6.0,28.94257485515426,71.16723025579795,3.2582931562246764,1005.032300903485,-1.8492851769077645,1.5345315157030153,-0.8225535619096171,488.39996989410224,1,0,1
2023-06-02,15.51587296987518,92.6180484446919,112.64843473950683,7.0,29.961022015729448,70.91432430715945,3.0389685746687323,1006.5533628597304,-0.1697275197054088,-1.5967260688958347,-0.8437028569890566,570.0085098247364,1,0,1
2023-06-03,56.14660749078782,138.63992793312042,163.26062115123997,7.0,30.13662175746804,74.23213603590575,2.5822758175730196,1009.1239163961726,0.7305621389968516,1.21551014051641,-1.0420416195767335,851.5085259121631,1,0,1
2023-06-04,15.790381225271304,87.4528616859343,172.77866867421034,7.0,29.971320808556708,64.0360582190413,3.6191928616946187,1004.1326798402582,-0.8728203556035663,-2.2175645045007424,-1.2688471124091785,900.1990359424228,0,0,1
2023-06-05,9.456547353226052,81.39353606928518,176.7571881904732,7.0,29.722487993925718,62.621898405649,4.209938349268421,1006.4972979781711,-0.15872935544039732,0.7503991560427307,-0.8578630022204694,917.5066087970824,0,0,1
2023-06-06,19.05421721229509,44.30114579079243,193.06580172627213,7.0,29.367899283335774,73.96453967124006,4.239974254290401,1003.5021803834424,-0.6225927687020818,-0.006918900809792162,-0.8466442382122088,1004.6675275533785,1,0,0
2023-06-07,2.777760349235601,31.288524914756728,185.7188340731484,7.0,26.2363166868599,66.30379240153293,4.2994411048126455,1005.8483898349039,1.3518263266588173,-1.8799769721956932,-0.7741589936200893,957.8131263392089,1,0,0
2023-06-08,5.053101098117406,26.885078659648087,123.7944876988084,7.0,30.33705617313057,68.20959427350203,3.721621828455568,1007.0601346686514,0.6745113138659073,0.3569102617918292,-0.9143170005025506,606.9948130184924,1,0,0
2023-06-09,11.724247635591833,19.555109082944824,120.00286236452506,7.0,29.931702225766198,66.37472867308232,3.5264910430564513,1003.742474669351,0.5863865585795631,0.9206717993216469,-1.2760651266422782,585.5142212577601,1,0,0
2023-06-10,9.71231990282958,26.48966863653881,73.5685747765668,7.0,27.86934070527739,67.4794268149173,4.241729217867361,1005.7864926292795,0.5594411818088743,0.2911096030572585,-0.7999255783738942,322.45131618676226,1,0,0
2023-06-11,45.713024818304625,67.14959235672603,103.49121836960013,7.0,29.640821682372426,63.784170008408935,2.806341103366949,1007.1100848413986,-0.03352432729691425,0.4678621096476905,-0.958425555164195,491.97125414374614,0,0,1
2023-06-12,10.782293754073317,66.20763847520752,104.8169647704474,7.0,30.15512036612944,67.08173461043367,3.2078709047372955,1006.823198377933,0.17780065427475317,-0.3293408898712493,-1.0613780351386382,499.4819691285227,1,0,0
2023-06-13,4.190093219832528,60.68541179221046,89.95284077798483,7.0,30.887752383932217,72.12545601472259,4.498886708878876,1007.1972746945163,-1.0666661224790859,-1.4891118041768177,-0.9940633934458621,415.27265222265186,1,0,0
2023-06-14,19.845047230615236,34.817434204521064,107.02012765936446,7.0,29.962428513060573,69.32296562832968,2.8276145468036162,1004.8328758675189,-1.967797780875511,0.5534912178696514,-1.069839464979818,511.96348785119676,1,0,0
2023-06-15,21.70357124218047,45.73871169262822,123.67059780342754,7.0,29.698249022160045,72.40840279748109,3.4517029809798436,1007.1093436803013,0.13507301731052168,1.3998031355570366,-0.6491663063062784,606.2929429677008,1,0,0
2023-06-16,16.359224225987564,57.907842698783256,128.30557439382326,7.0,30.57348773711817,67.03566388256775,3.8511762240831433,1005.5071350057455,0.29159123064493,0.9036646833819673,-1.1973192707487956,632.5513496353152,1,0,0
2023-06-17,2.376235278325809,40.439030746493835,120.9694897693195,7.0,28.818850464345367,72.97473683525108,3.5219969938534015,1007.8724026410971,1.0883381115828399,-1.590300663681077,-1.0599748708383052,590.9904291729733,1,0,0
2023-06-18,28.6201977655361,47.35565726984946,103.87666271655097,7.0,29.824811000050204,67.82957978891383,4.162028364630341,1002.4279774021052,1.414202234474131,-1.211915525768747,-0.8601051035724603,494.1549015069152,1,0,0
2023-06-19,0.77599061242628,31.772423656288176,93.87035957490393,6.0,28.378448020731778,62.73310504591406,4.387784761963646,1006.0658529324126,1.412998636499052,-0.6767741934378724,-0.3383823204805952,437.4664647891879,0,0,0
2023-06-20,16.077405873403045,45.47359425136541,105.75767222847445,6.0,30.802421883286954,72.18011255537088,3.7601764528260104,1006.7651285842169,-0.89822123396449,-1.2743803610241147,-0.43986906622137034,504.8113334751122,1,0,0
2023-06-21,3.947916676029007,20.801313161858317,89.86054167388822,6.0,26.99441093265779,72.40008406292606,4.306415496112965,1009.0161275045323,-0.3170385314547924,0.03535193564483129,-1.0730980249631177,414.7497526215088,1,0,0
2023-06-22,35.147711233384385,55.17303378281642,103.30468166509213,6.0,30.391438536427582,69.07019837775974,2.9151725819802174,1006.7433844832257,0.4323008662932416,0.31473264414441826,-0.28245424871299046,490.91447283107294,1,1,0
2023-06-23,11.00558456895605,50.10121247836942,97.95104200806063,6.0,29.27279903920434,76.2140521755984,3.3778543198269335,1006.9260641665425,2.27871420996796,-1.144202626593894,-0.2384251773017529,460.5846438611711,1,0,0
2023-06-24,15.813536692983668,61.966832495324084,111.38834342271848,6.0,30.59954875563394,66.5530340952855,4.915492568614725,1007.2630322247876,1.3320892833425244,0.6217027674204226,-0.8229948812457244,536.7106216692428,1,0,0
2023-06-25,9.438276143615294,36.25739740555499,92.20642180079767,6.0,28.155244374069312,71.91635700361215,4.638136113361347,1008.842706774506,1.0074574457985424,0.4808831552160112,-1.1119361188305201,428.03980342640483,1,0,0
2023-06-26,45.627317169798076,70.87913000639702,137.05774835816948,7.0,29.373983502959945,77.86684442157474,2.7062143302649675,1005.8997398716014,-0.34900915999436155,-0.43852729987496253,-0.4502197585091948,682.1348024746937,1,0,1
2023-06-27,12.862370153513007,67.92796346692636,133.84271263827944,7.0,29.33288861824092,71.90817009977114,3.4647204155532303,1004.0615680236386,-0.7948796680396121,-0.1380175887871873,-0.100817554773669,663.9207481559057,1,0,0
2023-06-28,45.33419981316516,103.82388713647622,175.22899577541557,7.0,29.855443476687768,71.27813135995083,3.5540226365725442,1003.7169647164943,0.7100170950449155,-1.5598409405224254,0.06830946192952841,898.3853310683232,1,0,1
2023-06-29,6.161023875012813,64.35759384169096,146.242308417044,7.0,27.781419761709955,70.35490712818037,3.722293283508951,1007.7827012818966,-0.9905951378109241,-0.2658097250296593,-0.49427848765700083,734.1678404815729,1,0,0
2023-06-30,16.192787370959977,67.68801105913792,151.42951121904795,7.0,30.138707615935225,79.06449874776196,4.236803457684011,1006.9889224031606,-0.21459271588227238,0.005907979304260611,0.21521086029425834,763.5547592687464,1,0,0
2023-07-01,50.17856380913982,72.53237505511258,185.79453833520407,7.0,24.99676417683748,82.92446100935602,5.369678327791815,1004.3396720800419,-0.10330015410173037,0.13499807618255166,-0.7252918312867265,678.0324731247788,1,0,1
2023-07-02,33.27364493065711,99.64499611075688,209.62990712224587,7.0,26.646037076174473,91.19005384015787,4.288632583386196,1003.7461184935873,1.4336208802105272,0.3031015296161392,-0.20532686444997816,770.0436368027334,1,0,1
2023-07-03,26.26049668468993,109.71270542448683,190.26308663713775,7.0,25.393193946143903,83.83788406498213,4.939374356007392,1005.1265873935021,-0.3192275726637098,0.1953933945844578,-0.16227271168083343,687.8218345702976,1,0,1
2023-07-04,3.4769802066516773,63.01112182199869,180.87769669027642,7.0,28.740523115698657,81.22546678365882,4.655100527892863,1005.1785903325563,-2.195324674715354,-0.21147495781253645,0.28563725234626314,645.8548035891971,1,0,0
2023-07-05,30.468771185974685,60.20624807731626,166.01226806308594,7.0,28.141199044651433,81.73668056063279,4.2535044112223925,1005.6647821789246,0.4540001828962215,0.22895595404345337,0.37765920363100325,581.7869622403007,1,0,1
2023-07-06,21.698374120098986,55.644125512725324,181.54961830817211,7.0,28.21947006179701,84.24050509422611,3.247287973410321,1002.8054880496513,-0.6291196677935338,0.8016255946481984,0.34700629593847354,640.3324982243282,1,0,0
2023-07-07,13.069390823444504,65.23653612951814,178.42622176065663,7.0,29.643481110886764,74.52588239730143,4.877267050052581,1001.6253385049575,0.03836792199397213,-0.0763984586477155,-0.17415497249118286,623.6198745050061,1,0,0
2023-07-08,58.15369388095642,92.92145882449988,186.40135183247327,7.0,27.138697619312257,82.31076346873742,4.62929910536036,1003.1567401427608,-0.07803423075791129,0.2540759126653414,0.43366500928471896,655.7833039363362,1,1,1
2023-07-09,1.789472175709765,73.01255688011065,154.91717907752593,6.0,28.434435910116505,82.31318334876595,4.4999364160971576,1002.3690565776419,-0.24633359623599146,-0.14893685013129473,0.39912575702275366,528.8087017055683,1,0,0
2023-07-10,21.011738169716335,80.9549042263825,149.6684205625523,6.0,27.673447242185848,83.85340133299202,3.677423335020384,1002.2758218423243,0.7113065236062335,-0.517407133183657,-0.09292719243662811,507.6406364103033,1,0,1
2023-07-11,53.49040812267911,76.29161846810518,199.68184847857975,6.0,27.46028757960273,90.54418723197446,5.441665241992738,1007.6266139533267,-1.3795783905174366,0.4183037335340834,-0.13985837681579089,709.3430970486211,1,0,1
2023-07-12,58.739592310867785,133.2417386032632,227.95266960347286,6.0,29.410292121049235,85.06393405137212,4.3576660074984686,1000.7204849722079,-0.4653128024589242,-0.4441807553361642,0.6872431221309065,823.3583610039501,1,1,0
2023-07-13,29.673760129645792,141.90376056319266,235.92805561301967,6.0,30.49564706490164,76.51655351905322,3.5813575327394247,1005.6465570020836,0.6156341218056431,0.30891752079375245,0.4322518300602187,855.5228226234763,1,0,1
2023-07-14,17.697527482114776,106.11087992262833,240.55619227168992,6.0,26.97696262813,79.9810279194318,3.484790650146511,1006.4336853105374,-0.5526762978099314,0.02260429720803641,0.20403929061260268,874.1879409951174,1,0,1
2023-07-15,100.59634046008793,147.96762807184848,282.99883885082147,6.0,28.748223384266616,85.47503424791469,4.672666318307492,1006.5785248657959,-1.4479260383429746,-0.2431477412161146,0.5197290032091636,1045.3576969531948,1,0,0
2023-07-16,79.14846507778404,197.44233301998673,360.3578317528957,7.0,28.027779633844318,85.26717721317065,4.690532721873319,1005.30010615559,0.6016998089310622,-0.26251426571732855,0.7074551528190984,1357.343894880856,1,0,1
2023-07-17,30.526578577397448,210.2713841152694,369.8726721605768,7.0,28.0445733475694,91.22063958083258,3.9883767840411615,1007.176925976791,1.010785167397385,-0.4064967939325495,0.638502879669648,1395.7169239408208,1,0,1
2023-07-18,84.25485293586942,193.9298965910509,400.6371169737671,7.0,27.927064776785663,87.74675900805585,4.5437579748273285,1008.0112080400925,-0.04049568687870571,-1.3166409376712112,0.31195580886488894,1519.788887762434,1,0,1
2023-07-19,13.852979562557934,128.6344110758248,355.7505042254573,7.0,27.11470676809316,89.87181835673005,4.666746683551757,1004.2570726360677,-1.7647610386225794,0.3063160761293537,1.20991846768442,1338.7626990305876,1,0,1
2023-07-20,23.166341027009036,121.27417352543638,349.2430851228205,7.0,22.562043170848398,84.82273243293626,4.350138010627304,1005.6065375849407,0.6353727720289346,0.1852374602226564,1.025881803655274,1312.5184982209485,1,0,1
2023-07-21,0.6678811413927511,37.68720173095971,332.21343878209854,6.0,29.729749010576665,89.33526991562485,3.8453782054625285,1007.0975178726727,-1.4938990932777192,0.679736201958795,0.7248901908052875,1243.8385113883885,1,0,0
2023-07-22,6.174660753807847,30.00888292220962,237.7917590758184,6.0,26.608390333397423,81.45879948685734,4.842996447529528,1003.2495618079631,0.27791934916334915,-0.42516552184543593,0.7663726796953535,863.0390755581443,1,1,0
2023-07-23,7.751292526062995,14.59383442126358,166.39458652409738,6.0,27.24283595320793,89.3968315418144,4.768761664323867,1004.3602542923547,-0.7987174422679438,1.516306900381334,0.9588376048925297,575.0966971536895,1,0,0
2023-07-24,49.83659461844286,63.762547898313684,185.70460256514278,6.0,27.272605896113458,83.52863097100315,4.6067909020587665,1003.6746096934316,-1.0438553571902687,-0.30378875827970653,0.612698516489798,652.973337742768,1,0,1
2023-07-25,7.4597222669549765,65.04760941146081,108.90947189622834,6.0,26.48369120558405,79.83245948858522,3.765943751962366,1005.630848881752,-0.39771901537172116,-0.7000877137557567,0.9991491280076779,343.26117710125936,1,0,0
2023-07-26,12.028074157812165,69.32439104320999,107.08456649148258,6.0,27.91735215493265,87.01535453806204,3.4675633819265714,1001.384509868432,-0.16496780078453385,-0.7949479358741319,0.6063389772777651,335.90139542047945,1,1,0
2023-07-27,14.248264383824328,33.73606080859145,98.16648984829786,6.0,27.518978546547864,91.06431758920112,4.312097224272614,1007.3870170874699,-0.5797874253478035,-1.38713792258373,0.9390331289341807,299.9350944080463,1,0,0
2023-07-28,5.267849307430483,31.54418784906696,102.7664580143356,7.0,26.577865585777428,83.19819403024556,4.823925553997825,1005.7619223402656,0.5298329503936356,1.2261023139145024,0.6792164892405153,318.4866102030756,0,0,0
2023-07-29,35.322158582578915,54.83827227383371,131.91395584310666,7.0,27.79003877945068,91.13644178830783,4.890406606606291,1005.8629826331344,-0.4014624406129504,1.0968539126149295,0.7035337979703431,436.0374816087349,1,0,1
2023-07-30,34.36990884549083,74.95991673550022,158.5325721625345,7.0,27.53475058599707,80.0106654772994,4.616811978489117,1000.5471230524312,0.8821717845046397,0.4805961303078064,1.4031475368709834,543.3894595501489,1,0,0
2023-07-31,2.9924565989431486,72.68452402701288,111.68843414303478,7.0,28.879989955942126,80.86970079417576,3.9959103711610786,1002.9288381557755,0.2530558490791315,-0.7168710462206239,1.0121253795492293,354.468637708498,1,0,0
2023-08-01,65.15791393669357,102.52027938112755,169.3866258127734,7.0,25.704480053384355,85.16889411712697,3.783658438032643,1007.4839330307987,-0.6278014859366773,1.449014145247296,1.0516951966909585,587.1634902530498,1,1,1
2023-08-02,10.138657241409554,78.28902777704627,167.49720889637078,7.0,26.453470906890285,82.88460008894334,4.2560627800311215,1004.4817579576821,-0.7793458954490573,-0.2813753292173248,0.4964381360983984,579.5435358310107,1,0,0
2023-08-03,17.798222542636395,93.09479372073952,171.04716705518283,7.0,28.596432611311148,82.57399868278392,4.261752483254136,1001.6977734814523,-1.482746669142695,-0.2152206649813219,0.8463887738450754,593.8603968347733,1,0,1
2023-08-04,46.97988674813495,74.9167665321809,212.7592044958873,7.0,26.68537583531127,86.42183663021056,4.93056005394836,1005.2000084086142,0.2616598600801402,1.1498072643488608,1.1042261850118158,762.083630886114,1,0,1
2023-08-05,16.75815805207785,81.53626734284919,194.19520396538624,7.0,26.316252788575664,83.58142275278772,3.9783542402364764,1006.0235731114308,-0.3191287925262223,0.5271284675846978,1.0276897166804035,687.2156455806484,1,0,1
2023-08-06,10.328249691988194,74.066294492201,170.1535448118836,7.0,26.754608638726726,82.7603100911426,4.028193312054555,1005.7577748086247,-2.134975975257163,1.7608825110036748,0.4278593815781623,590.2564485979672,1,0,0
2023-08-07,31.499667326436487,58.58607507050253,198.66075553937696,7.0,27.439645752773647,86.74621221421951,5.499177538192812,1004.5303591381434,-0.4821433854924601,0.19897780825521566,1.0023806561639588,705.2250638131585,1,0,0
2023-08-08,76.636701966274,118.46461898469869,210.13954356895738,7.0,27.44496544564492,83.01524284674414,5.196916219861279,1006.8451029928484,-0.8109306263294568,-0.3176246396629798,1.0235320336885816,751.5186271057892,1,0,1
2023-08-09,47.61232700618243,155.74869629889292,247.61321333373024,7.0,27.287074145595515,85.78062143947889,3.7365146133306975,1003.5374669498683,1.4181098329535944,-0.48944390676783667,1.2312535169386627,902.6486678899003,1,0,1
2023-08-10,14.213833318497107,138.46286229095355,244.02882410959097,7.0,26.14102474831067,82.34969669878318,5.1474340173973685,1005.7732487826263,-1.5325007507039787,-1.4775969417525017,0.7221170367253626,888.1929475659854,1,0,1
2023-08-11,9.82038447394575,71.64654479862529,206.86932183540176,7.0,28.663438454293725,79.04979313248565,3.593053830087804,1005.0441202826732,-1.2972157197606484,-0.22287661824496358,0.29828580284705397,738.329933629338,1,0,0
2023-08-12,10.390392911398378,34.42461070384124,200.5015566947223,7.0,29.43772362329953,87.63096528244215,4.005747648543395,1004.5615331026249,0.9989726787951299,0.9156746710619045,0.5798385165356799,712.6489525176563,1,0,0
2023-08-13,53.33224333763737,73.5430207229815,243.50555034037149,7.0,24.906415795197358,91.26382577111215,4.074036779337243,1004.1188943837195,1.2210868417175669,0.47906733812485536,0.5224350861343845,886.082602180017,1,0,1
2023-08-14,12.155969433879013,75.87860568291475,224.161852447814,7.0,25.406059091745846,89.75007423338394,4.219627904380365,1004.1826222163594,-0.6704846448530773,0.01624640524832465,0.9460903842720602,808.0701238247242,1,0,1
2023-08-15,92.41060736258922,157.8988201341056,239.93575784412923,7.0,28.985015720823764,84.56739926393027,4.638036680347727,1004.8591446736546,-0.5688772405280198,-0.7959475550530635,0.045589857630752406,871.6857499652637,1,0,1
2023-08-16,38.533887585317714,143.10046438178594,230.8573184232645,7.0,29.778730833014816,81.99371989171172,4.3300668690007065,1004.2741910873929,0.5546118568979815,0.1814984144101898,0.5733093480989844,835.0727113025508,1,0,1
2023-08-17,35.83705204138579,166.7815469892927,252.48053714615318,7.0,24.60016539575215,84.47977766212506,4.635019290660373,1006.1206143658135,-2.094389817250779,0.8102509641562986,1.000356906579157,922.2784199504379,1,0,1
2023-08-18,16.707546048081433,91.07848567478493,259.36769872028884,7.0,28.72262705792915,88.86023000821515,4.025078360493001,1003.8363149551952,-1.6750743160550006,0.3445754051759876,0.6022338695750846,950.0541092842948,1,0,1
2023-08-19,30.258250473727177,82.8028485631944,279.23555628261767,7.0,29.874047797167073,75.94856314642897,4.4907164523933,1007.624012319646,-0.2526600607656407,0.13338813570668734,0.7791799688457989,1030.180505832473,1,0,1
2023-08-20,4.597741997109203,51.56353851891781,230.5010549420895,7.0,26.373638783972844,81.91754029232035,4.313562981116091,1003.7558851911438,1.3949015095162134,-0.6375661226249649,0.09760835899505294,833.6359127509853,1,0,0
2023-08-21,3.799530408518581,38.65552287935496,222.14461591672904,7.0,29.792550913789277,86.21039913354657,3.433184833367692,1006.4572339303129,-0.3921570793500656,0.6937454512896102,0.058950064864553064,799.9346772264126,1,0,0
2023-08-22,30.05986203448138,38.457134440109165,159.79387058862125,7.0,27.331823962906775,80.4952634522535,4.555989003243791,1006.5348788834075,0.09084311256163916,-2.505523854995345,0.7687298754333557,548.4762333775316,1,0,0
2023-08-23,21.321906143570658,55.18129858657062,142.58188914687418,7.0,28.021507882941147,85.77869244313943,4.323816099120923,1005.099640422045,1.0204103453076108,0.30627656709211604,0.3834316054996637,479.0608952589281,1,0,0
2023-08-24,47.7935602088268,99.17532838687885,154.53839731431518,7.0,26.574089315772856,85.4633918988708,3.837837129311347,1004.9392564888597,1.8961962599503317,2.056257584755679,0.3315498093599605,527.2810876853335,0,0,1
2023-08-25,30.69667734627421,99.81214369867166,168.52752861250795,7.0,28.982455892568726,77.24136330718238,4.011277600971498,1003.4889478961578,-0.5191636258334813,-1.2066987098654778,-0.02714690567031003,583.6987803453032,0,0,1
2023-08-26,12.054598429207257,90.54483598430826,150.32387656798804,7.0,28.749248920800433,84.03314281043116,4.025990431164609,1003.8703599150771,-0.015153051360083452,-0.19309556376109283,0.22346803098051604,510.2840682774115,0,0,1
2023-08-27,42.5333419729194,85.28461774840088,188.25947654379823,7.0,29.995609054160532,80.29942349279744,4.1192317933742535,1005.1966989974676,1.6398496992085583,-0.0063287920997811276,-0.14294229104184136,663.2770579552846,0,0,1
2023-08-28,16.716220487503865,71.30416088963052,201.1761666227835,7.0,29.597866272893096,85.75367074176829,5.321557750408394,1004.7198444468324,-1.3699793476722857,-0.3700662512452617,0.38508629833041397,715.3696315058962,0,0,0
2023-08-29,73.49070884046311,132.74027130088638,244.60701342876524,7.0,27.56820589423465,87.59291572576372,5.520335541418587,1006.9306400412177,0.9248229634984396,0.8290993940471836,0.7148802759162128,890.5247655047209,0,0,1
2023-08-30,16.004222562142402,106.21115189010939,239.289329847337,7.0,31.932746017393434,84.96821649596274,2.6305596680222854,1003.9828268956868,-0.9164839791251325,0.3779608114842408,0.09836018738479765,869.0787277512012,0,0,1
2023-08-31,4.199529178438015,93.69446058104354,195.69529881694822,7.0,29.47212566400196,82.8248307534938,4.5590875161234745,1004.0917724947241,0.09222513039284105,0.12184029803785544,-0.2368395343546853,693.2654773030198,0,0,1
2023-09-01,50.983997036933545,71.18774877751397,215.98261850760753,7.0,30.004728941681048,71.25188917362335,4.045348681764023,1003.5906347206234,-0.21835714266024683,0.6378180489354242,-0.7667543861144246,1094.5736366040912,0,0,1
2023-09-02,8.05646051881627,63.23998673418784,211.98448059721656,7.0,27.851990335902073,65.78582654139771,3.3427317938510295,1007.7454999682066,-0.8622104406311063,0.013400567257393761,-0.6092812608629571,1077.7051087045536,0,0,0
2023-09-03,11.57398257227938,70.6144401280292,181.02512119657652,7.0,27.10596067169844,72.25604642458148,4.029231911527592,1007.5829436930175,-0.8847917348924476,2.543891591058811,0.14630540432610192,908.0939068477044,0,0,0
2023-09-04,2.4511380923023487,22.08158118339801,166.76003880137503,7.0,27.224967492709805,67.44434494061211,4.4648784738861576,1008.3458972263062,0.24877292782837904,0.12107754692539291,-0.5532048486875973,833.060337926253,0,0,0
2023-09-05,10.482404269899856,24.5075249344816,103.75173423081176,7.0,27.940874810922764,75.03644660130956,2.649272666548058,1008.4473350988033,0.8959853953464139,0.1562256787917635,-0.4411993847430979,481.8831196878473,0,0,0
2023-09-06,2.668240390974402,15.601782753176622,90.41575205964375,7.0,31.176230210863448,74.1558235849628,3.552634992393504,1008.0072535845316,-0.1167625828696529,-1.3683744396586204,-0.23616763527282683,412.1131569663057,0,1,1
2023-09-07,43.180577510286525,56.331222171160796,129.39680039149226,7.0,29.92993097128966,74.53564320979821,4.646426166926343,1008.083158523461,0.06310184285989473,-0.4347602618427391,-0.07970089596015545,638.7334425659334,0,0,1
2023-09-08,9.250725004752642,55.09954290601358,87.66352835931137,7.0,28.389284035901287,77.49461897769872,2.7297186800595714,1007.6852735866672,0.5140566596619425,0.9179021454398477,-0.5490549178305306,402.3030729148919,0,0,0
2023-09-09,4.640998507192785,57.07230102223197,84.24806634768788,7.0,29.05778987736174,69.07420636198727,3.403238455985581,1007.962517782351,-0.8744568957116639,-1.0683654802878981,-0.6476695312121843,382.95354898313445,0,0,0
2023-09-10,9.618213190476279,23.50993670242172,82.29229696588477,7.0,28.88716152851809,68.38162094129713,3.203339495002052,1003.2716187316595,0.6657232575716308,-1.726045739441564,-0.5742558796314396,371.87358195981227,0,0,0
2023-09-11,67.11172063035582,81.37093232802489,146.95287950393825,7.0,30.368077431350258,68.61662486898669,4.103513504706311,1004.607526532356,0.7374087873537722,0.02585237695005986,-0.7929017260810665,738.1934195113745,0,0,1
2023-09-12,10.64962161168014,87.37955543251223,147.12009684571854,7.0,28.017689625206966,63.55105498382871,4.187125428976284,1004.3134005691858,2.343263668875369,1.0965956059799824,-0.8213157736150382,739.1407513644505,0,0,1
2023-09-13,11.036629352847031,88.79797159488301,155.48848580759116,7.0,29.73756743317987,64.3822875187473,3.5697742755446384,1008.8734612332335,-0.33849377150362403,0.03390498295690051,-0.6146680188351135,786.5499574797433,0,0,1
2023-09-14,14.18686654095095,35.873117505478135,126.49477483825558,7.0,29.66812657894251,72.72550738117961,3.491703438804618,1005.1778226102124,-0.41227362150131486,-0.2688996821010749,-0.708877881564788,622.2926762210506,0,0,0
2023-09-15,20.857332499352193,46.080828393150185,138.10138233285514,7.0,28.059591278403055,65.78889982531571,2.440889153345724,1005.4659978871023,0.692069284416371,-1.4867903501927842,-0.2575318800832428,688.0472736134304,0,0,0
2023-09-16,23.95641579362018,59.000614833923336,157.41679961928253,7.0,31.471214933511618,65.92985362165989,4.326179373345271,1006.5991328933802,0.7371937520209245,0.3618032981617547,-0.7135144670075995,797.4743812093236,0,0,0
2023-09-17,19.92956563818373,64.74331393115611,167.72815206699,7.0,28.83420680348475,70.1921765933891,3.260478071444372,1004.3485268087009,-0.48157843803904077,0.5290200871064359,-0.5656935789640722,855.8910054542126,0,0,0
2023-09-18,28.10672071908493,71.99270215088885,128.7231521557191,7.0,27.8581563182384,67.49207705073422,3.3869828255846985,1007.2721304163317,-0.362846409237044,-1.4253859992808804,-1.148921035013696,634.9170415591826,1,0,0
2023-09-19,14.793025275802618,62.829311633071285,132.86655581984158,7.0,30.4420384639454,73.61912085815433,4.055337742230246,1002.7524474486416,0.4870177543962364,0.9076259589577751,-0.7747114488996234,658.3905535130634,0,0,0
2023-09-20,13.163382103976614,56.063128098864176,134.99330857097115,7.0,29.324300300633627,69.48300637149218,3.590937665947881,1004.4676683950552,-0.7448258166611953,0.6125564207136873,-1.1088515590931727,670.4391879627705,0,0,0
2023-09-21,16.444808047530284,44.40121542730953,137.25125007755048,7.0,29.819806130339806,66.69820391012674,4.074683030905405,1006.9450189519551,-0.3694805892135134,0.9058527540378765,-0.8484845689614335,683.2310424964703,0,0,0
2023-09-22,7.573431784956217,37.18162193646313,123.96734936315451,7.0,27.589454772348972,73.92097774735944,3.8344239422377937,1004.3522045945376,0.08063349063159118,0.46682007346667354,-0.7915377363328004,607.9741214985064,0,0,0
2023-09-23,25.673031163081248,49.69127099556776,125.68396473261558,7.0,30.385389244915892,72.51709518387644,3.5946500971599518,1008.925553400065,0.8963448163400323,0.5229461670490548,-0.9645441618791276,617.6992158078473,0,0,0
2023-09-24,8.075138277315439,41.321601225352914,113.82953737174728,7.0,32.289406202951504,65.40558070434385,3.6586434977406483,1006.670452803059,-0.5441387545615868,0.41657671896139115,-0.385510237831871,550.5406512752056,0,0,0
2023-09-25,25.94079445991484,59.68896390031154,111.6636111125772,7.0,27.48003927091888,71.42828049255984,2.7987142127126625,1008.6248760521294,-1.658146015827605,0.6947778572009566,-0.6376304541197685,538.2700882170874,0,0,0
2023-09-26,6.274557390715237,40.29049012794553,103.14514322748983,7.0,29.74389882100247,67.39166101737842,3.3829897829588944,1007.231399785054,-1.7249377207663898,-1.455006215299135,-0.7045287494000427,490.01064406474046,0,0,0
2023-09-27,27.62607175972627,59.84142361035636,117.60783288323948,7.0,28.148572919127112,67.02528594353345,4.122806090616716,1006.5656762276221,-1.1334717600355202,-1.2008475468972117,-0.8089011737940041,571.9457259538491,0,1,0
2023-09-28,14.810165430963828,48.71079458140535,115.97319026667302,7.0,33.01345497605358,78.09839965721734,2.9331938292233146,1004.7933379346006,-1.1818509463799436,-0.5888063201518173,-0.5571796149007319,562.6850296493719,0,0,0
2023-09-29,27.444578192782217,69.88081538347232,135.84433667449903,7.0,30.98349196202748,69.12980128992196,3.0432122134396358,1008.2596130604569,-0.13914968275791814,-0.10385613733804261,-1.3522297252417281,675.2604943042759,0,0,0
2023-09-30,0.9063810362023836,43.16112465994844,111.07768654762016,6.0,29.642956772859087,69.53733555722921,2.9446032882310664,1007.381408199728,-1.0699921382378446,0.3105095386465435,-0.6423202151736541,534.9506657339043,0,0,0
2023-10-01,2.478717167106196,30.82967639609081,105.48126543741091,6.0,29.037359797812904,59.24339315463537,2.846135851462635,1011.9556243646323,-0.6324794638390837,0.2597453225830801,-1.221566661205261,802.3028192957064,0,0,0
2023-10-02,1.7160883601715242,5.101186563480118,81.25655933766761,5.0,29.375895759343333,62.70271519288694,3.595624804981642,1009.6943788022904,-0.6966772964838448,0.893684649164825,-1.1007003059585094,594.0138817199814,0,0,1
2023-10-03,34.44830580099905,38.64311132827679,109.43030774795142,5.0,31.801158571984598,57.145671143795184,3.0824034899458415,1007.4879327827183,-0.3964570747631941,0.9187962388642807,-0.8021663435428339,854.1133147340897,0,0,0
2023-10-04,1.9615070434392226,38.12590120460981,83.76574303166436,4.0,28.848885187225605,58.29860479260636,1.4479299454031738,1008.7242169711642,1.1902538983708102,-0.6979080866350343,-0.6142000944382681,632.9535198479912,0,0,0
2023-10-05,0.5058856203641391,36.915698464802425,69.46146322106468,3.0,28.892814881391196,61.61408206615234,3.143282493403535,1008.9631064992761,0.5957528304874651,0.190860888040377,-1.1880434691596027,513.3430051108508,0,0,0
2023-10-06,5.459375082726023,7.926767746529399,47.476260111008486,3.0,30.768738035265123,53.386563432570014,2.4888534605670016,1010.2965830732544,0.014516473748403487,-0.6782652381774706,-1.0021537247738201,325.0729243140003,0,1,0
2023-10-07,1.3303419686628795,7.295602671753056,47.900221043468974,3.0,30.943157601391096,63.86732779459533,3.0597369048046303,1010.5826240686794,-0.4149236525227543,-0.15059763068285334,-0.8213057902031498,337.1177560523295,0,0,0
2023-10-08,11.205567653345406,17.995284704734324,56.62707152970818,3.0,31.288418234102103,53.38343063442305,2.6644073881179953,1007.9117026031636,-0.3899093909607191,0.2574330952387958,-0.8613421330995001,415.1268370042967,1,0,0
2023-10-09,7.430701975995614,19.966611598003915,62.34168514553228,4.0,30.141038847086133,59.554961610968356,2.237833559575762,1006.0153201987787,0.29497182295675456,-2.726969661177353,-0.5677904244784207,466.2096138742541,0,0,0
2023-10-10,1.7645267890327447,20.40079641837378,29.657906133565973,3.0,32.04457942861361,55.84603954161863,2.711224538333628,1004.8663486256916,0.5257521660170612,1.9289952317117476,0.1135464511287777,174.05019544706403,0,0,0
2023-10-11,2.316389232816917,11.511617997845288,30.012788322943667,4.0,29.549833665863094,56.22639287423007,2.489225433094075,1006.152069112538,-0.8168557554905405,0.45312694191798014,-0.6024421537994373,177.2224777593632,0,0,0
2023-10-12,5.179578543908899,9.260494565758574,34.68648124648843,5.0,31.63367635900911,65.02135748928615,2.93873646225224,1007.1380605376423,0.03283268005280834,-0.4765626203307248,-0.8507259406398842,219.00049265629974,0,0,0
2023-10-13,15.670912905847846,23.166880682573677,44.89801906961025,5.0,31.05614321416547,63.763710083915825,2.222504465131708,1010.911061805115,-1.8284576117967244,1.5418958041841826,-0.9486505271556406,310.28115363978736,0,0,0
2023-10-14,5.84508289460014,26.6955743443569,49.41275999554751,6.0,31.597282983910038,64.9090278793051,2.079245580636196,1010.9383680199765,0.19054240575353731,-0.2779449363889555,-0.6615064905093433,350.6383009203493,0,0,0
2023-10-15,2.4332939614091775,23.949289761857177,40.64048630361128,6.0,32.411171536725845,54.23871479083102,3.193356601805088,1009.9315462375112,0.6859343177628174,0.1060155086624462,-0.7691347925925618,272.2231831586643,0,0,0
2023-10-16,0.7930712001803,9.071448056189631,34.002855527795965,5.0,30.11890898088326,56.82973968710253,3.419411194138861,1010.4179761128938,-0.25206176419278786,-0.3896926483181018,-0.3694162346227444,212.88958080850105,0,0,0
2023-10-17,16.24305569047402,19.46942085206351,48.48138442923724,6.0,29.830865719482894,62.50692247200655,3.102142169068894,1006.9299512158932,1.634874296526095,1.3215934699546716,-0.32402908391360563,342.31275987165736,0,0,0
2023-10-18,7.278920362006765,24.3150472526611,53.44391555842709,6.0,28.392623005417875,63.563252794086495,2.364843792515254,1005.4756897503395,-0.7931146026924454,-0.0839877650447043,-0.5022088292387759,386.67269169288613,0,0,0
2023-10-19,21.926760493376477,45.44873654585727,70.19109750789467,6.0,27.929771329738124,59.16353023544365,2.310065532309118,1006.3915067565817,0.19569637377293514,0.11958728059160739,0.1616320277488434,536.3752991196282,0,0,0
2023-10-20,8.28938846918363,37.495069324566884,62.80957307123045,6.0,30.510010442732824,58.47775429658238,2.344613953412358,1004.5405847183634,-0.03224227199935993,0.963025722420357,-0.4656260318831887,470.39205141340864,0,0,1
2023-10-21,20.75742525788751,50.97357422044763,77.72191543451783,6.0,30.605842230812634,56.78733925604298,3.288344451169261,1006.1981386869084,-0.0902679006990675,0.4681115659688613,-0.25791002647540473,603.6930773030424,0,0,0
2023-10-22,1.832893717823156,30.879707444894308,77.1215151909318,5.0,29.235857890508736,68.55587115260668,2.2590781784340948,1007.2925535825566,-0.10288995120427287,-0.04347845210725755,-0.013845966474205995,598.3261157308995,0,0,0
2023-10-23,2.178179939394959,24.768498915105642,78.50662393014645,6.0,29.536834684214273,60.31850294715106,3.284531799096661,1008.5033247689685,0.09639452700852451,0.8883127778859704,0.1043284947596342,610.7075653655702,0,0,0
2023-10-24,4.273977966344846,8.285051623562975,66.53754620601728,6.0,32.88920966424439,62.722740431403416,3.1362493877934843,1008.4470811918054,0.7631628691173299,2.0307865835423615,0.2560265241945238,503.71630264435544,0,0,0
2023-10-25,1.3698905199210216,7.8220484256608405,60.62851636393154,5.0,31.98254995645403,62.54025747731152,3.496743682239254,1006.9619122105166,1.2399626126472698,0.2539283590395371,0.09926966478198973,450.8956443752914,0,0,0
2023-10-26,0.47036387691328135,6.1142323631791635,39.17211974746834,4.0,28.99012463941982,67.15601448877649,3.3919993407118536,1009.2273644291837,-0.0020252200537416516,0.09340807029805312,0.3104111073660864,259.09749414566517,0,0,0
2023-10-27,2.0129002417267063,3.8531546385610236,32.89563152001142,4.0,30.137086992463626,57.989629009441806,3.0797008426877532,1006.9964667081042,0.7337844649544698,0.13650166689526524,-0.06320385539783895,202.9921352877576,0,0,0
2023-10-28,9.484976308351731,11.968240426991734,21.623182570475645,4.0,31.32477803234906,67.59971296294296,1.8728987832989323,1008.2213386011853,-0.6315902516401043,1.0483436006652143,0.3876658878289233,102.22801838007727,0,0,0
2023-10-29,0.8513077148457384,12.34918426492419,20.641596567498226,4.0,29.879342829925335,57.93990183863225,3.1201845188331476,1006.2052901042287,0.6893599074536098,-0.47935818802633795,0.43891191786118955,93.45364759323662,0,0,0
2023-10-30,1.306452084512724,11.642736107710206,19.76986871261599,3.0,29.624200822462488,68.2325837563579,2.8233915285384183,1010.1628593017122,-0.6857923714442913,-0.22265404776932882,0.6448791275123813,85.66129582706142,0,1,0
2023-10-31,1.6830495140074064,3.840809313365883,17.178940260278555,2.0,30.28283016673455,54.8529402762472,2.530155250054846,1008.2407604658168,0.981593942479319,-1.2299543593013131,-0.09734651591994092,62.50105632280389,0,1,0
2023-11-01,0.1552564808942053,3.14475807941435,15.964306221251737,2.0,32.885822538100044,57.88517471609864,3.2845263111956657,1010.0707035629927,1.9895767896539156,-0.947094290111979,0.14508505912064207,71.42854441944021,0,1,0
2023-11-02,0.5016339154991437,2.3399399104007697,15.9955762598376,2.0,33.01285912216082,66.014025940238,2.376390360849124,1006.6596704374358,-0.10987549917425261,-0.41424000215837636,0.6286369510627894,76.07903182364998,0,1,0
2023-11-03,1.004056171327502,1.6609465677208652,14.986732189438396,1.0,30.329271753725404,60.25390085180972,2.1495224123851155,1009.1627820424385,-1.9732891417266678,-0.04474959524833817,-0.19032330277694037,68.64181154784907,0,1,0
2023-11-04,0.26590924481704126,1.7715993316437013,5.767665125903704,0.0,32.00366883112262,61.23497246995828,3.141625463311141,1009.8790192386913,-0.49326563992034067,1.4152666606160957,0.6437274558495346,-34.210685447507124,0,1,0
2023-11-05,0.44342492110046844,1.7133903372450259,5.359782332158434,0.0,31.34992084460573,55.82771998034491,2.224136148388278,1005.1698573723477,1.108687620860373,0.4287942439401795,0.8322783484288611,-34.663821788241385,0,1,0
2023-11-06,0.7394513224036355,1.4487854883211595,4.792781570049346,0.0,29.94736760915411,56.17169020012478,2.119495830181345,1010.9513931371374,0.4977691083227204,-0.729662808151835,0.4680842004115052,-36.966150896965104,0,1,0
2023-11-07,0.3066382762668902,1.4895145197710085,3.41637033230883,0.0,30.94299298008452,64.68724878484743,1.7908993012146681,1006.5998542828511,0.22402223880752659,-0.5823843882912922,0.5475923299813399,-48.67506062799972,0,1,0
2023-11-08,0.15777898284624106,1.2038685815167811,3.4188928342608653,0.0,29.588969435437885,60.89890712683429,1.9750861497075556,1009.2284389220737,0.9078015203593551,1.0997989465845235,0.4275457944147656,-48.64574531927055,0,1,1
2023-11-09,0.38723089464706295,0.8516481537602084,3.3044898134087846,0.0,32.987174630648916,63.01289618765815,2.026558158205362,1012.0666837867952,0.4360080953235798,0.9012882789033538,0.6044858095545772,-49.97528239777391,0,1,0
2023-11-10,0.5113652792461802,1.0563751567394983,2.811798921327463,0.0,33.532358158352004,59.856498376415004,2.8398202759442324,1010.5676439564555,1.0959526687060228,0.02251992817936245,0.6482553802890394,-55.70109981399376,0,1,0
2023-11-11,0.06831804332605425,0.9669142172193117,2.6142077198364757,0.0,30.784094984430855,58.40083838784807,1.8557483793437748,1006.1669302791437,0.827481308982287,-0.3540211724310658,0.6348318592530258,-57.99741005835314,0,1,0
2023-11-12,1.3612309400668423,1.9409142626390912,3.5320137388028496,0.0,30.450186261072542,62.63928545672885,1.3524884370138643,1008.5283553496063,1.369530407463263,0.8999462685637143,0.6527817036230729,-47.33110838204435,0,1,0
2023-11-13,0.5679266733127746,1.9974756567056853,3.3604890897119883,0.0,32.835329511342586,60.97441139385957,2.6491296428918534,1011.0689920963703,0.3229164755156289,-0.7946617013797492,0.7985258321064971,-49.3244856473041,0,1,0
2023-11-14,0.34947717280764445,2.2786347861872756,3.4033279862527435,0.0,33.06150581600661,59.315603978292245,2.086820987256385,1007.3786235057634,0.8147334613445593,0.31362431844601846,0.8219037227499889,-48.82663252306934,0,1,0
2023-11-15,0.14063682832688112,1.0580406744473143,3.3861858317333833,0.0,29.79872133598506,55.746809134495756,2.457431611829223,1008.2010349984502,-0.27641436577720685,1.8181271927146652,1.3848610739567635,-49.025850427187365,0,1,0
2023-11-16,1.511771093723425,2.0018850948579647,4.510726030809745,0.0,31.15163476238087,63.85282452687439,3.2366413480146994,1008.1506302387774,-0.5413147304031053,0.164284545801166,0.8386026647306587,-35.95698319095685,0,1,0
2023-11-17,1.8255044392122581,3.4779123612625784,5.824865190775823,0.0,31.276383555614853,62.303579084592876,2.5101186102501596,1009.8748886005518,1.536090876377076,-0.6204875834092834,1.0411156649063582,-20.684687700200488,0,1,0
2023-11-18,0.48086909238757225,3.81814462532327,6.237416239837341,0.0,30.279810515517696,57.58023526851431,3.3729644318086653,1006.082233963256,0.19458420869041923,0.32829496213723025,0.8258395157345086,-15.890217131001661,0,1,0
2023-11-19,3.5231389060004625,5.829512437600307,8.399324205770961,1.0,31.89927167035701,64.74432115411746,2.4263036399357563,1009.9758169258549,0.7243925092761411,-0.3760069752122781,0.8346502167343242,9.234441113267213,0,1,0
2023-11-20,0.7245946226914779,4.728602621079527,8.555992155149665,1.0,30.37897382951705,60.328222654977566,3.0713656513688665,1007.7277800122201,0.11136601297025116,-1.1152926750027317,0.5649151931766481,11.055160934830244,0,1,0
2023-11-21,1.0036641937838107,5.251397722475765,9.21017917612583,1.0,30.602532255135657,60.504447664776215,2.1387354233026725,1008.8284119257645,-0.5278640858279678,0.5608288214976854,0.6040670530505847,18.657808960952167,0,1,0
2023-11-22,2.1252978299022325,3.8535566463775353,11.194840177701183,2.0,31.217017476865525,63.221226344096486,2.5318061527863027,1008.4440502174878,0.009884603324161191,0.8942675204397779,0.6979837453390785,41.72258793445271,0,1,0
2023-11-23,1.1436966161968942,4.272658639882952,10.82676570017465,2.0,29.274210103519078,63.22900470968614,1.9074109609826868,1009.9283988477039,1.2923946159909427,-0.24872533765805815,1.045397421078198,37.44500276338448,1,1,0
2023-11-24,0.18108865832340207,3.450083104422543,9.182349919285796,2.0,28.47986272066728,62.27831389932338,1.9786722982041243,1008.8109462567656,0.4997160668514816,-0.3017885392770187,1.2651725228122213,18.334390675661798,0,1,0
2023-11-25,0.5156469622254755,1.840432236745786,9.217127789123698,2.0,32.644478611928236,58.54395744156327,2.332391904781467,1011.4416005303726,-1.5403258437574132,-0.7692523128974638,0.5430451919895266,18.738562410957474,0,1,0
2023-11-26,2.2941634343171122,2.990899054866004,7.988152317440348,2.0,30.322444973877996,67.98276744046534,1.6700713298167882,1010.6297908462373,-0.19372001091853924,-0.11994848037405328,0.8429704591031073,4.455998489093761,0,1,0
2023-11-27,1.0191417027851841,3.828952099327786,8.282699397534055,2.0,34.347707014869634,56.570533054432815,2.5628077455982803,1007.417237678851,1.6040644134342408,-0.4498947063385528,0.6260206648477697,7.8790834866115915,0,1,0
2023-11-28,3.946093466104842,7.259398603207153,11.225128669855085,3.0,34.119470393751705,63.140051175187274,2.285535773238232,1011.3063545133431,-0.19241717566496044,-0.8088261493626044,0.8861916573766035,42.07458627392521,0,1,0
2023-11-29,1.8202181519137204,6.785453320803761,10.920048991866574,2.0,30.649827228227903,60.612204440209716,2.607939721225129,1009.4237497934837,-1.6204308225607627,1.513735064319685,1.2027825719718301,38.5290964716233,0,1,0
2023-11-30,1.1832521860582044,6.9495638040767815,10.959604561727884,2.0,34.63357149245026,61.7615826460703,1.679277171839654,1009.1546085576424,1.7037439968802892,0.3731942533996059,0.8008173841792694,38.98879234678676,0,1,0
2023-12-01,0.18963756841329327,3.193107906385232,10.968153471817775,2.0,32.797218902464635,64.22761480625276,2.8283657857611186,1010.5102918951555,0.6141532588315134,0.4579160864234819,0.8765407766340685,42.65340912016948,0,1,0
2023-12-02,1.2574576550010632,2.630347409472575,11.709964164593364,2.0,30.58117523720172,58.91967543823858,3.425894598653299,1007.109448094318,-0.06301157293152036,0.7067196551459417,1.2253678219708992,52.80449739559221,1,1,0
2023-12-03,0.008956407910883044,1.4560516313252536,9.424757138187134,1.0,27.870038925584844,61.876210471019654,3.299246258924023,1006.5005267118071,-0.33427596247386177,0.6168289734078444,0.9465182045194017,25.427180773509743,0,1,0
2023-12-04,0.5272309341108137,1.793644997022774,8.932846369512763,1.0,32.44803175396248,59.689635922046925,3.5496703170913984,1009.0284102417402,0.974116736812562,-0.33048796223737187,0.6099348835285342,20.282818928954196,0,1,0
2023-12-05,0.7775090084418335,1.3136963504635442,5.764261911849754,0.0,31.52842878615563,56.55019654856544,2.432784996120347,1007.8921722947333,-0.48778506020357326,0.21804209837717378,0.8051331737968876,-18.046447431461214,0,1,0
2023-12-06,0.5939476552070206,1.8986875977596818,4.537991415143055,0.0,32.08852078136321,63.43897021798982,2.1959296873685044,1012.7162090302485,1.0334307820643895,-0.21522438740852823,0.5216018527705975,-32.295265136773374,0,1,0
2023-12-07,0.4332229486525987,1.8046796123014668,3.787962177737449,0.0,31.164243914215795,61.93343706678584,2.699876523292486,1007.6077345358298,0.48797575715183045,0.35077089982132803,0.7944465171615138,-40.63973193766465,0,1,0
2023-12-08,0.38475119870567936,1.4119218025653126,3.9830758080298354,0.0,29.883214858483615,57.30654726158765,2.2643945378729056,1009.0559608276301,0.22021373293861493,0.2733527087665314,0.7768709585791316,-38.220749296025545,0,1,0
2023-12-09,0.45175077417123444,1.2697249215295265,3.1773689272000065,0.0,30.886777231132385,62.1743354614744,1.363064109905479,1009.32905165274,0.13096332480203582,-0.30612820869136154,0.2629563045342338,-48.209753939401274,0,0,0
2023-12-10,0.12190583007762047,0.9584078029545483,3.2903183493667436,0.0,32.47390676164508,55.28533567317452,2.898906107604052,1011.1998090887203,-0.1574712330427603,-1.0634389783374394,0.6033778729120621,-46.8094279283734,0,1,1
2023-12-11,0.591036124557566,1.1646927288064348,3.3541235398134965,0.0,30.98848904699813,58.19511955444232,2.266685271625077,1007.1933057617363,0.9410761081883392,0.11698964557240615,0.4833148059185424,-46.018382997755886,0,1,0
2023-12-12,0.1923298663939939,0.9052718210291946,2.768944397765657,0.0,30.980029561042375,56.88670686809808,1.5269147339235536,1006.0817978832731,-0.7788085488916507,-0.16341559024583915,0.6004130460544194,-53.27332559065287,0,1,0
2023-12-13,0.2390196468875847,1.0223856378391587,2.4140163894462208,0.0,29.357472638041322,61.66327643086093,2.102357040217105,1011.4934982543219,-1.4597326141471885,-1.5122977981670067,0.62218355343779,-57.673657283880345,0,1,0
2023-12-14,0.10329150465874518,0.5346410179403378,2.0840849454523673,0.0,31.61229523581161,56.390170585064986,2.2803303078702473,1009.1284495928709,0.5529961106032272,0.406129415110974,0.48253376640441026,-61.76408620345951,0,0,0
2023-12-15,3.671915605956673,4.014226757503017,5.371249352703361,1.0,29.927909843239483,60.7241945358062,2.4144259103128043,1010.4410521421569,0.568114495260433,0.7722736897942204,0.23507699071021076,-21.01043086201444,0,1,0
2023-12-16,0.551983780159779,4.327190890775212,5.4714823586919055,1.0,32.77055124089938,60.70779154392799,2.421633397736979,1010.5255706280249,0.43221703726059,2.0226851801671604,0.4909525529541401,-19.767760622922196,0,1,0
2023-12-17,0.07427646983394641,4.298175855950412,5.423852998448231,1.0,30.45687330099977,55.56483338459762,3.228738246427177,1010.8375310377946,0.36695553265623493,-0.31295800265652884,-0.01469584677447322,-20.358260607414156,0,1,0
2023-12-18,0.49757891886516736,1.1238391688589071,5.330395792755833,1.0,31.070628834627968,63.968342477290385,1.6342021058910232,1008.3033613583954,-0.28848634050379307,-0.4309695172392542,-0.18123899188852896,-21.516925729718672,0,1,0
2023-12-19,1.245647139186849,1.8175025278859773,6.3837130655486884,1.0,34.51419155336415,52.35896116969404,2.3160398956303982,1007.8154323199511,0.7087344339469728,-0.8875368243513931,-0.7050679290394369,-8.458093319054518,0,1,0
2023-12-20,0.5847756638825209,2.3280017219345517,6.729469082543623,1.0,31.0554106495412,51.51849187403171,1.8799480938242223,1005.3902529367111,-0.04100231407908679,0.16691352518960567,0.02079145082890455,-4.171474275066285,0,1,0
2023-12-21,0.42157518684339484,2.251997989912779,7.047752764728274,1.0,30.86780981873572,59.970453047173386,3.1610273501164765,1007.1926930169637,-0.4384022047336603,0.1618545444466841,-0.22260523627514484,-0.22545214853477052,0,1,0
2023-12-22,0.17315705138830575,1.1795079021142358,3.548994210159907,0.0,32.30448534158053,48.57175734727015,2.070453935527088,1009.0953875665995,-0.28070218102985994,-0.6490370678293993,0.026727807693396846,-43.60241252851627,0,1,0
2023-12-23,0.5856996476606487,1.180431885892364,3.5827100776607765,0.0,28.985248038206112,61.517873180533876,2.2010284968618263,1007.7210023627578,1.8185757288982487,-0.1399439056030721,-0.6207854863900698,-43.18440944943773,0,1,0
2023-12-24,0.8900596099704458,1.6489163090194148,4.3984932177972755,0.0,33.23574761181196,56.6479695774305,3.0371436185872906,1006.9298940494905,-1.5614784738408896,-1.5829325335114854,-0.3446462079445849,-33.07048120990441,0,1,0
2023-12-25,0.898656015054757,2.374415272685866,4.799570313986865,0.0,32.876130622159856,51.09564725562885,3.2021912928367864,1009.0742744086133,0.449809293866219,0.7411013982665973,-0.11959281453467849,-28.09800167483682,0,1,0
2023-12-26,0.5339923131918866,2.322707938217104,4.087915487991903,0.0,32.21884700414664,51.93822093025593,3.2909005220987324,1011.4008112794676,-1.5111993848613454,-0.6165434077377334,-0.5481962604084321,-36.920966366441384,0,1,0
2023-12-27,0.5323700220886947,1.9650183503353527,4.035509846198076,0.0,26.756678070455195,49.963457731249775,1.4214585419754227,1008.8826870909182,-0.09741000449067591,-0.027725081130383435,-0.24110286315066537,-37.570681804738825,0,1,1
2023-12-28,1.422277501208506,2.4886398364891016,5.0362121605631875,0.0,31.12143818345594,57.29836922956708,2.69707486098329,1006.9444403378719,-0.3902647366387689,-1.1413547370382233,-0.5342928689734349,-25.164159901221456,0,1,0
2023-12-29,1.3005721618828432,3.2552196851800583,6.163627271057725,0.0,29.70260184491456,50.66081158112905,2.5693965661734803,1011.2738800864612,-1.87652546701189,-0.4658828795692587,-0.45364053043536545,-11.186676226087675,0,1,0
2023-12-30,0.3621384135836103,3.084988076674974,5.940066036980687,0.0,33.05836405886538,58.24673639472778,2.376590712042435,1007.5901041934677,0.35013383139038673,-0.2236729228140218,-0.34567572769700267,-13.958346989249492,0,0,0
2023-12-31,1.944677128145679,3.607387703612147,6.99468355515592,0.0,32.95820008348044,55.12385544771121,2.447267266029877,1011.6463847026331,-0.3420342559729763,-0.00903267756866411,-0.3037670150643941,-0.8833943772179159,0,1,0
2024-01-01,0.07642691600471709,2.3832424577340205,6.172454456105879,0.0,32.04317913693816,53.687095070474655,3.1714808913868895,1008.5263223370072,-1.8892857083051195,0.38378601241800947,-0.5646719043372547,-11.050853672726936,0,1,0
2024-01-02,0.5575141018426523,2.578618145993063,6.195976244756646,0.0,29.81560961517906,56.94933375548,3.0231700642386388,1009.1855970056183,0.7556112816968269,1.1512600667889763,-0.8353126016530159,-10.639358890525855,0,1,0
2024-01-03,0.6128854708694448,1.2468264887168286,6.2764916935373956,0.0,33.59197718590998,57.52331362357016,2.93816446400547,1011.8095703480511,1.2915055601900414,0.586168754215485,-0.788385234843349,-9.515456603214627,0,1,0
2024-01-04,0.1604828122222424,1.3308823849343538,5.014697004551132,0.0,31.132799696547792,60.19688577543015,2.5241650471013437,1006.5672674650498,1.3411119080669147,0.769731634516996,-0.5546228419671341,-25.170119057134226,0,1,0
2024-01-05,0.05292372217848304,0.8262920052701846,3.767048564846772,0.0,34.02748478483587,51.947721717419874,3.762370995061704,1007.1097733227851,0.32306079658632403,1.1568832879545106,-1.0069585319295271,-40.64795668291326,0,1,0
2024-01-06,0.16518423611775532,0.3785907705184952,3.570094387380917,0.0,31.871507184782786,54.80192868461638,2.159642821619083,1008.4121764810996,0.041452324719403945,0.455766305218158,-0.8316259427624255,-42.99236023395953,0,1,0
2024-01-07,1.0521955703097363,1.2703035286059892,2.6776128295449744,0.0,32.20949651765839,52.16738348495777,1.4304396778572157,1008.748020585952,1.1953409588062172,-0.029365756495196273,-0.9166157508331015,-54.03069438457023,0,1,0
2024-01-08,1.0790018383239044,2.2963816447514107,3.6801877518641617,0.0,30.855539152787536,55.460956432304094,2.2408701190997102,1013.7556884167849,1.5141452268060887,0.8072895250040443,-0.8764899448196996,-41.4987408748913,0,1,0
2024-01-09,0.8474545703441915,2.978651978977847,3.9701282203657007,0.0,33.46970310006961,51.05994735649455,2.4346591749252697,1007.4014524323816,1.0202118325880625,0.8584074287693254,-1.1308501178364367,-37.87455240683082,0,1,0
2024-01-10,0.19657026226756327,2.1230266709356735,3.5538130117638196,0.0,32.35177272918613,51.887132603447256,3.181926986642582,1006.652317321593,-0.847383842006821,0.5188526703728282,-1.3666847466867351,-43.078395754021656,0,1,0
2024-01-11,1.0906313816825968,2.134656214294366,4.4839615812241735,0.0,33.52001366069555,53.334495098897165,2.0934296899021874,1007.3154599935303,0.18121036789342973,-1.1637020776288824,-0.7958937016738981,-31.451754821683974,0,1,0
2024-01-12,0.21386911794704638,1.501070761897221,4.644906976992737,0.0,31.748522969140932,56.412251012571176,2.694754572429313,1009.4178022947985,0.39556452986228574,-0.673168122475718,-0.7045696622815341,-29.439974781641855,0,1,0
2024-01-13,0.5908064399661077,1.8953069395957653,5.070529180841089,0.0,31.43411116821696,53.48642215035433,1.5136699633844253,1009.8856271863322,-1.6286552720255063,-0.21988328322438722,-1.4102516443000586,-24.119796157009837,0,1,0
2024-01-14,0.4489167755216348,1.2535923334348034,4.467250386052989,0.0,32.333147519233414,56.816405970904704,3.048867269770287,1007.7272060474927,0.4224245936586967,0.6236968165887194,-0.8836127377345363,-31.660640877293677,0,1,0
2024-01-15,0.296119230261831,1.3358424457495879,3.6843677779909147,0.0,33.519522003902765,54.78306048404033,2.4410081766854157,1009.0378278702376,2.04569264338145,-0.017077135256447797,-0.7156738318168674,-41.44649151983209,0,1,0
2024-01-16,0.8103824510341926,1.5554184568176728,3.6472956586809158,0.0,32.923393321309916,52.56853771174578,2.231682885107348,1012.501327022262,0.5759425492207123,0.9094949067604507,-0.845073205273005,-41.90988439487377,0,1,0
2024-01-17,0.9599017740993513,2.066403455395389,4.410627170512703,0.0,31.69347862119106,55.00853135980471,3.679007982465844,1009.0632660793227,1.3260717732975806,1.052189302995425,-1.1027326485565396,-32.36841791113162,0,1,0
2024-01-18,0.18226507737154543,1.9525493025051037,3.5022608662016523,0.0,28.899859380496018,50.241815281604325,3.0419607757779326,1009.5777448538281,0.16462325711583456,0.959336374941765,-1.2358721347993955,-43.722785591755496,0,0,0
2024-01-19,0.47627412554678705,1.6184409770176982,3.764665873801393,0.0,32.63450574629493,56.83161055269253,1.7761114008861552,1012.4001415964958,-0.06589649158543934,0.9644324515842295,-0.9781008410364206,-40.44278398515241,0,0,0
2024-01-20,0.9164522736086779,1.5749914765270248,4.090311707443963,0.0,29.485778574739488,53.529205904633265,2.334381463218254,1007.7435165252454,0.34314425107287794,-0.8295951237269746,-0.9316658942694123,-36.372286751500205,0,1,0
2024-01-21,0.667712344640734,2.0604387437962135,4.309107276563062,0.0,31.54897334978835,55.41365612150129,4.04180825201446,1007.6258271185343,-0.7342439831859894,0.3861083995646206,-0.9618611637852057,-33.637392990162574,0,1,0
2024-01-22,0.9334002860252252,2.5175649042746517,4.946388332326457,0.0,31.33789262885627,55.330313083592394,3.587306599936607,1008.1545350313478,-0.8673976685109498,-0.486023232764333,-1.0200057313419288,-25.671527910521796,0,1,0
2024-01-23,0.6960103588143658,2.2971229894803393,4.83201624010663,0.0,29.515089414883217,60.32694923496108,2.953794406182387,1008.0497238802787,1.1396741014524292,-1.3192530650873588,-1.2317856378988992,-27.101152480811287,0,1,0
2024-01-24,0.7272115503247142,2.3566221951643196,4.599326016331993,0.0,32.021469616998445,56.429977193715374,1.2917876458395414,1005.7221392097524,1.2351081085798665,-0.22997690564466897,-0.8386356018807609,-30.009726195935748,0,1,0
2024-01-25,0.4163764963657257,1.8395984055048202,4.833437435326172,0.0,34.516010127465265,55.275944107873,3.199306691199904,1009.2483522693663,-0.8919956840286154,1.0597895725018012,-0.8068652386288978,-27.083387870882397,0,0,0
2024-01-26,0.8777733624737107,2.0213614091641654,5.234936672253097,0.0,31.06231754752319,52.10126907819309,2.0189054303509044,1009.3904571560256,0.871198924098478,0.3685936080947708,-0.8517916138125007,-22.064740726087866,0,1,0
2024-01-27,0.09386988053155254,1.3880197393710034,4.412354279175971,0.0,32.57219681855346,58.087562534362235,3.194127288519878,1008.6654174222758,-0.07826397804541882,1.6142474972847136,-0.8488837910103801,-32.346829454256834,0,1,0
2024-01-28,0.16638712541465758,1.1380303684199353,3.911029059949895,0.0,34.797931065414026,54.847534489706156,1.9664154366789173,1009.4454103290745,0.3058277170413875,0.14178411621448925,-0.4287499283239695,-38.613278176151574,0,1,0
2024-01-29,0.7157490215014356,0.9760060274476602,3.6933777954261053,0.0,32.7076237977875,48.463388937241085,2.693314255749689,1009.4645587240632,0.4141967754915571,1.958242202874326,-0.9739687484877132,-41.33386839600807,0,1,0
2024-01-30,0.8803137480847527,1.7624498950008602,3.877681184696492,0.0,30.597184660454257,55.05912006156744,2.0158469521612745,1006.6308892670024,0.8949154213118865,0.142016980413641,-0.46430337662135934,-39.030118866077764,0,1,0
2024-01-31,1.2524560585387374,2.84851882812494,4.402925692910515,0.0,31.831786005746924,55.434852587149294,2.1820483428821977,1009.5195147167834,0.07444638167686998,0.017984236922989092,-0.9325351929958922,-32.46468459117504,0,0,0
2024-02-01,1.718931122641681,3.851700929265186,5.705480319186471,0.0,32.17212825403597,52.64778605759402,2.7737770303871896,1010.0042888820917,1.2691457957717425,-1.0235120703371972,-0.43384713356362925,-16.18211042723799,0,1,0
2024-02-02,0.19993697251384207,3.171324153694275,5.027643929226602,0.0,33.50637438426647,55.62719433988082,1.609119994719705,1006.1241845039135,0.2784715557839323,0.8884501922342143,-0.3626044487176314,-24.65780014287479,0,1,0
2024-02-03,0.11883111885209303,2.03769921400763,5.052605167547142,0.0,33.19870647457624,54.96549431786277,3.823909869170159,1011.6325759806384,0.5617658452225793,-0.40170010315238314,-0.7020004070618634,-24.353053983860807,0,1,0
2024-02-04,1.0314223711623183,1.3501904625282677,5.917640413294803,0.0,27.62119893180453,56.35942494610218,1.7841261683951926,1006.7745337951459,-0.7499363323835219,-0.5176381115269816,-0.16934806356334925,-13.552802923638318,0,1,0
2024-02-05,0.28177346422182326,1.432026954236249,5.48366485601519,0.0,30.300349624608277,60.89155102654174,1.750568913088984,1006.9501385278146,1.9427931096343507,1.0249844510100576,-0.42137725377356633,-18.98180563077313,0,1,0
2024-02-06,0.4339030172763681,1.7470988526605238,5.037254125206807,0.0,31.40099858602388,49.98434597691596,2.7755393094795906,1009.3624867017235,0.42284243088446977,0.9265781350367658,-0.7103397041836113,-24.566167774772694,0,1,0
2024-02-07,0.942747785257259,1.6584242667554645,4.727545851925328,0.0,30.077634110130152,63.803059014015524,3.1756237306959587,1009.9614249637846,0.6416976828105894,0.9056410937685432,-0.5354310019362256,-28.442631209496522,0,1,0
2024-02-08,0.5564590758764085,1.9331098784100498,3.5650738051600555,0.0,26.318907814956027,56.60456534319968,2.2062373887730677,1010.398775488647,-1.4473672300903873,-0.28975290724398495,-0.10820802325972861,-42.96603147718215,0,1,0
2024-02-09,0.8534076218893951,2.3526144830230766,4.218544454535609,0.0,30.483170114831974,59.05494296525399,1.7575775182697548,1010.0087533437498,-0.740431820771191,-0.04078069224420131,-0.10893146106787596,-34.80186457916988,0,1,0
2024-02-10,0.17720901893509883,1.5870757167009166,4.276922354618614,0.0,31.4939811472002,56.13912526383478,1.8470317035097494,1008.063501714532,1.1140953191268574,-0.04788351815668117,-0.5514585937721912,-34.0725174847157,0,1,0
2024-02-11,0.6200526068649167,1.650669247689425,3.8655525903212125,0.0,30.76363744174691,49.432011738471445,1.7824473061230237,1009.1943774686495,0.25820200646334424,0.6260145445379185,-0.26812826263264905,-39.21198536399885,0,1,0
2024-02-12,0.6078656905116564,1.4051273163116862,4.191644816611046,0.0,30.103315440576047,52.459919285907276,2.5853668268416232,1008.4289604683511,-1.7224017613460334,1.242851734795384,-0.12807871050522185,-35.13793649567002,0,1,0
2024-02-13,1.2340211007137942,2.4619393980903816,4.991762900048472,0.0,31.557086472381684,54.28193835573477,2.358467376672508,1009.3126334068389,0.9344609360854371,0.29451724415872554,-0.25095392313116105,-25.141622847087604,0,0,0
2024-02-14,1.4711003611753972,3.3129871524008623,5.520115475966611,0.0,31.979359443035907,62.28302249405525,2.6559586140656064,1009.1221891276655,-0.4894045239174511,1.579912868285887,0.5206866157894244,-18.54062460039916,0,1,0
2024-02-15,0.27476653436608794,2.979887996255294,5.23842293445629,0.0,30.84300003813126,51.582027787809984,2.6193807052868676,1008.0901316431376,1.270185287289041,0.7177555344264492,0.04515425947800136,-22.059963877554374,0,1,0
2024-02-16,0.13927531786770558,1.885142213409205,4.5242906304346,0.0,33.419477349146064,53.65054656183772,2.895046421718617,1008.3739748912813,-0.0790521107433297,-0.18783951529153461,0.026827835155287444,-30.98201006718272,0,1,0
2024-02-17,0.8986735457937828,1.3127153980275905,5.245755157293284,0.0,31.579836179914192,58.654344393747735,2.154492636800767,1005.6649993548294,0.18423601741847695,0.6629691249031799,0.3954057402083535,-21.96835839989162,0,1,0
2024-02-18,0.04450843145145339,1.082457295112956,4.67021098187982,0.0,30.27891686019409,59.051603092495995,1.9575362053977625,1010.4932011757636,1.0610591207324835,1.3647522229670186,0.06150024770016631,-29.158947158154152,0,1,0
2024-02-19,0.9549513513990012,1.8981333286442514,5.017296642767166,0.0,29.924683746393157,59.92555941811964,2.494235489742951,1009.534570652954,-0.8077436737691961,1.5986311866730676,0.45929969147192146,-24.82261580784946,0,1,0
2024-02-20,1.0205157142512942,2.019975497101763,4.803791256304666,0.0,31.200878273120797,52.68167811838478,2.367465043082489,1004.8469428714859,-0.8935621270505457,0.9495130756792647,-0.15549124353367655,-27.490055593201916,0,1,0
2024-02-21,0.2504003085609252,2.2258673742112345,3.583091203690193,0.0,33.05782491263536,51.1175129877438,2.5522302573381506,1010.4266556240963,-0.1768485783582966,0.02053956292639938,0.2012206985581345,-42.74093024454284,0,0,0
2024-02-22,0.003442192890989587,1.2743582157032232,3.3117668622150953,0.0,30.345871804882538,60.73547356989407,1.9734312841066788,1008.9035170849729,0.7444555196591,-0.1733546032447364,0.6291233259712428,-46.13073391730569,0,1,0
2024-02-23,1.1154371692096567,1.3692796706615857,4.287928713557046,0.0,32.3332672752783,64.76515915634458,2.785789422393895,1007.3126873309241,-1.1977895273521417,0.4608556028491127,0.8104946832287299,-33.935009011460394,0,1,0
2024-02-24,1.5565189055725213,2.675398267673182,4.945774073335785,0.0,31.63141567170296,56.31127330509518,1.6934350814059476,1007.153201817517,-1.501231139900187,1.3391795962168371,0.27442123379363514,-25.71618645921758,0,1,0
2024-02-25,1.4707610422063535,4.142717116988546,6.372026684090685,0.0,34.28956215498947,53.161796682477046,2.1362282530852568,1007.7601672366288,0.7413488343394131,0.34701529777156126,0.29364637531973814,-7.897231064578618,0,1,0
2024-02-26,1.5103298322113088,4.5376097799901975,6.927405164902992,0.0,32.04538804680772,57.048724185280705,3.077883848682225,1007.3222215392138,-0.5426804813103033,0.36362549749504874,0.7047275172104982,-0.9585833789495944,0,1,0
2024-02-27,0.08353738102616601,3.0646282554438424,5.990426831677864,0.0,30.52151926248672,59.71301389426593,1.7216700733087236,1007.5640287395875,-0.35300341162825477,0.041118283453673854,0.4521347674452709,-12.664767121985635,0,1,0
2024-02-28,0.4906490073059088,2.0845162205433976,6.230675530422848,0.0,32.529953337953486,57.53360496025973,3.030604876118002,1012.0601087298162,-1.6711293617461493,-0.26231285010496996,0.5839003621009695,-9.663208482039625,0,1,0
2024-02-29,0.6041854082523193,1.1783717965844083,6.831418745784178,0.0,32.57706678493728,64.91342329116645,1.5549994248554477,1009.6669939302634,-0.6110813829167839,-0.12970760531513423,0.9112888171973489,-2.1577943096584162,0,1,0
2024-03-01,0.5203709905465249,1.6152054061047671,6.236352567121045,0.0,30.928799144107884,62.290374726668496,1.4561908747909649,1012.6483341735888,-0.006810566968035573,0.10834078819642401,0.5951689031459418,-9.628246104450737,0,1,1
2024-03-02,0.8613236011087939,1.9858799999076524,5.541157262657318,0.0,29.855020575260014,58.53139361999988,1.5110090433548096,1009.3898451095329,0.837340071860603,1.374479996991858,0.27658870559855336,-18.356614593087016,0,1,0
2024-03-03,0.12755599031088033,1.5092505819662134,4.197952210761845,0.0,32.23506382903923,50.477915837696095,2.4774100997177855,1010.0261938975674,-0.6941071496111749,-0.19177102282464142,0.47705513801082106,-35.1188878801801,0,1,0
2024-03-04,0.04220110719815092,1.0310806986178394,2.7298234857486876,0.0,31.57353580879303,56.42531649592749,2.8450838496362203,1007.3982462538945,1.491638508209247,0.04208966072910451,0.8367205680421915,-53.429941723242734,0,1,0
2024-03-05,0.021119616445752998,0.19087671395479847,2.667405721168274,0.0,29.36144443288945,55.904748241443045,3.1828828617039084,1008.6810645130142,-0.6161004217618206,-0.692302128325207,0.39770718225568685,-54.31325150069085,0,1,0
2024-03-06,1.1357986280512278,1.199119351695146,3.312555341913593,0.0,31.840943959908884,56.15595449074021,3.1350488536525347,1008.8364912933675,-0.6147826214266572,0.5733048531785242,0.815939530458273,-46.424271918712776,0,1,0
2024-03-07,0.08203624167804724,1.2389544861750421,2.7904061753393212,0.0,30.592824504092338,59.281167817198686,2.9249455503238195,1010.099682003064,1.383621796708022,1.0933433429746262,0.5661252554209963,-53.007246448300705,0,1,0
2024-03-08,0.5170263320720786,1.7348612018013678,2.787061516864875,0.0,29.362771702714554,61.311420822294565,1.9082563282557718,1008.8944451560625,0.19031413712752546,1.2995982767654048,1.3452331627868594,-53.0487129044359,0,1,0
2024-03-09,0.23692077750845458,0.8359833512585946,2.1626586932645355,0.0,30.991651680578403,54.14313826740144,1.9030242789945213,1009.6159050865342,-0.49682225611041897,0.16269161975656835,1.4947472595343272,-60.789943434646595,1,1,0
2024-03-10,0.24999016558651194,1.0039372751670594,2.2850928685401675,0.0,33.280700789211636,62.081420612158695,2.8800017922821852,1009.5514657801227,-0.1396198180625341,0.4594834266233885,0.704183509091037,-59.27202721171878,0,1,0
2024-03-11,0.3746827919189979,0.8615937350139786,2.617574553261014,0.0,33.175900661445304,59.7800756201163,3.260111463355105,1008.4383717908801,1.2177662197878534,-0.12284025773603043,1.0452044814497885,-55.14998088006362,0,1,0
2024-03-12,0.2629692111671634,0.8876421686726874,2.8594241479824247,0.0,32.81006750413234,60.40855739620551,1.788641871424264,1008.2532716854525,1.3195825376631136,0.42241494375561806,0.7501688603938277,-52.151574409732206,0,1,0
2024-03-13,0.04239242425297179,0.6800444273391473,1.7660179441841686,0.0,31.861540607450998,62.379725612180955,3.183726003003928,1007.7793279589656,-0.7351138613432304,0.25117212199937156,0.9191402726081459,-65.70742196013113,0,1,0
2024-03-14,0.3749845402072126,0.680346175627362,2.058966242713334,0.0,32.31873064601916,57.66084359794627,1.2551239183969085,1010.9316622416682,-0.03819042907119739,0.04661150980118987,1.4504611536481744,-62.075503226530415,0,1,0
2024-03-15,0.18214297716173966,0.5995199416219383,1.724082887802995,0.0,31.622716975391228,64.34559724989225,2.6412814557316575,1008.4391387010434,0.08114114490081577,0.11020295382170359,0.8829619605769907,-66.2273250202618,0,1,0
2024-03-16,0.17076560789576278,0.7278931252647294,1.6579277181903032,0.0,29.93754340462177,58.84809663992394,2.3450420387049338,1009.5755311094457,-0.8876160994649378,0.361537826714919,0.9250805108344542,-67.0475045572218,0,1,0
2024-03-17,1.9290863669229916,2.2819949519805083,3.337023919526783,0.0,30.21691190292862,65.03985408454295,2.284812552468278,1008.7017163590368,-0.05011654738499488,-0.23532194787645141,0.7548382348354868,-46.23038092219712,0,1,0
2024-03-18,0.06306932445698042,2.162921299275749,3.0254104520647656,0.0,30.63456126554124,56.696445724107896,2.4260890777902797,1010.8962269085956,0.004790574406530438,-0.19399743366242664,1.26784234961844,-50.09370696232054,0,1,0
2024-03-19,0.3561671940849085,2.3483228854648948,3.1186084349825105,0.0,33.44651726861289,63.23874320327715,1.895088287025605,1005.4049578133763,1.026188531043062,1.365889610937243,0.1532748737468388,-48.93825563595261,0,1,0
2024-03-20,0.561980269142875,0.9812167876847782,3.638196279872414,0.0,32.991981584890645,55.59462976643375,2.6749732603037017,1009.5288613234907,1.086682525480081,2.1684374150771064,0.8431985090869947,-42.496501793784496,0,1,0
2024-03-21,1.9307873064575696,2.8489347696853673,5.193999046122771,0.0,29.97278597266447,69.60841782273604,2.443727487846115,1006.7246767019424,-0.29628845852310726,-0.9634935588272351,0.9242892340508736,-23.207947325631736,0,1,0
2024-03-22,0.10936765076264073,2.6021352263630995,5.121223719723671,0.0,31.559362122904705,55.16890187642792,2.9685132887724475,1009.6867783004589,-0.19255782947473052,-1.0075769635008471,0.7494669355111252,-24.110202339980226,0,1,0
2024-03-23,1.4080523173936788,3.448207274613903,6.358510429221588,0.0,30.920964561468207,64.09585552621273,3.361560637367739,1008.7197318089788,0.597863071850072,-0.7657222622465198,1.1067756212818625,-8.770550935200765,1,1,0
2024-03-24,0.37204344299535064,1.8894634111516844,4.801467505293946,0.0,31.26747380630107,58.56499292316441,2.483476546995343,1006.3224656061624,-0.5266696040343104,-0.08263073203084406,1.1648000906991722,-28.07448064848505,0,1,0
2024-03-25,0.3868159776029976,2.166911737992041,5.125214158439964,0.0,30.73415461478891,61.16771045349611,1.9160953797473885,1009.5912672176865,0.5297761365636624,0.7166244088298056,0.4820205310573705,-24.060729620043787,0,1,0
2024-03-26,0.8166219625102302,1.5754813831085928,5.585668926865286,0.0,33.452582833250815,60.256875874551014,1.7245869229780313,1009.3870428768016,-0.07911583863229327,0.4730023536386176,1.326562620746877,-18.35209670489747,0,1,0
2024-03-27,1.59425696240943,2.797694902522672,6.617945620131841,0.0,31.458145409698936,53.7702942205854,3.426277490266357,1008.5673175180663,-0.8724587199647587,0.13762490942437466,0.41305845233990085,-5.55412150122535,0,1,0
2024-03-28,0.2605921040100626,2.671471028929737,4.947750417684333,0.0,31.78723408776381,48.55110039933943,3.3495501937511767,1008.79529756192,-0.8611530415916819,0.42314843756631915,1.054340574961047,-26.260892201022447,0,1,0
2024-03-29,0.6032583263454777,2.4581073927649846,5.441641093267171,0.0,31.79857604990868,68.95962860766053,2.93974936566035,1009.2742355499131,1.3023528264279918,-0.5536689253026956,0.7306903326809869,-20.137727103269086,0,1,0
2024-03-30,0.5265338158181339,1.3903842461736884,4.560122591691626,0.0,30.045736316376598,58.71021543925627,2.44323874064641,1011.1043119671596,-0.14077933122896874,-0.19529821740209513,0.5262195782438868,-31.066630175799144,0,1,0
2024-03-31,0.5018200633261685,1.6316122054897944,4.6898992120224445,0.0,31.636589738298763,46.595205003115105,2.8964257355495446,1008.4177272380575,1.47631868450848,-0.016075638700637454,0.5067022894643334,-29.45768367933755,0,1,0
2024-04-01,1.728267297494817,2.7566211766391335,6.0313505319142635,0.0,32.84614084913616,60.5403333804005,3.249870991190752,1010.6722760557651,-0.4622726346434191,-1.2673730710974822,0.5556857115085698,-12.917980570026478,0,1,0
2024-04-02,0.33433959819654546,2.5644269590175455,5.549068167600578,0.0,33.42066467830757,62.122650731050506,2.0964175762832755,1008.781408047198,0.2620846810183441,-0.9290481637780769,0.569447771664702,-19.41734064127034,0,0,0
2024-04-03,0.32508190734247394,2.387688803033851,4.279893112533622,0.0,29.75195634382736,55.67783101027139,2.4850689439021387,1011.1811408583839,2.1534090507164176,-0.8972528490221272,0.23898778742317572,-35.06159043105095,0,1,0
2024-04-04,0.10517170392472679,0.7645932094637604,4.124472712448286,0.0,29.23285556629036,56.0092095614909,1.8034504404004936,1008.4255635310225,-0.9516480701969513,0.6112865789470194,0.3607772149343505,-37.76231740889148,0,1,0
2024-04-05,1.8725271699720165,2.3027807812392314,5.393741556074826,0.0,31.44588571069271,58.30015764098537,2.3897547871785356,1007.6494349445958,-1.7080330499097989,0.19628395885793312,0.1755361413503416,-23.905988805927603,0,1,0
2024-04-06,0.7852053314233123,2.76290420532007,5.652413071680003,0.0,32.911759904663626,62.78168151665425,3.3937558904564313,1006.8730008260089,1.15793111815851,0.48884896005915446,0.01224796713444326,-21.794338001096975,1,1,0
2024-04-07,2.80265469443287,5.460387195828213,7.953247702786705,1.0,31.862332334631745,58.4868084934603,3.1143204356096064,1008.7879506566629,-0.7441281948537662,-1.4717239918419716,0.0585133353594979,4.0503537862944095,0,1,0
2024-04-08,0.1712000505403402,3.759060076396537,6.396180455832228,1.0,32.31131180514631,63.59700460574376,2.548195843400932,1007.4211070011182,-0.0186357276956104,-1.1868533488412827,-0.07863251495824841,-14.045135503501285,0,1,0
2024-04-09,4.600490832735522,7.574345577708747,10.662331690371204,2.0,29.45454866936545,62.58855594062848,0.8512518925581767,1011.3768975481466,-0.5273263894064264,0.5305723522051963,0.04919782989522849,35.534029509598334,0,0,0
2024-04-10,1.190042798370769,5.9617336816466455,11.5272925813995,2.0,30.558114820656588,57.54368253617304,2.0737161812926015,1007.2806359590834,0.24134650285978448,-2.222935713332841,0.20725478298305072,45.586190436050785,0,1,0
2024-04-11,1.9971209952268811,7.787654626333186,13.419241872701654,2.0,28.284340070524518,51.84335775624531,2.5286353414746237,1007.6067764692086,-0.855482586467168,0.9797034860798437,0.07390724689941733,67.5735183466196,0,1,0
2024-04-12,0.387200639932519,3.5743644335301834,11.933915342662157,2.0,31.15941402969024,58.238437622804526,2.3376437107458683,1009.8947681304941,-0.1619460790949755,-1.4586537148182321,0.4817745208881968,50.31176528569675,0,1,0
2024-04-13,0.6158244389769725,3.000146074136387,11.764534450215818,2.0,28.328990081454002,58.49678974751785,2.486855311327947,1010.9832440478671,0.4048337939008808,0.6746759135399828,-0.6199298119326696,48.34330173272319,0,1,0
2024-04-14,0.5600385113143499,1.5630635902238557,9.521918267097297,1.0,33.22462368121125,58.16706236015852,2.6127457153008034,1010.1647002059377,-0.9074779976468358,-0.7108676998055702,-0.0052784884515238994,22.280691269290735,0,0,0
2024-04-15,2.979887312215521,4.155750262506858,12.330605528772477,2.0,33.53564735370709,60.03856524812757,2.146983307099162,1010.754450951856,-0.6300756266813,0.839122972137266,-0.17592750176282332,54.921908507299186,0,1,0
2024-04-16,0.08246946076310842,3.6223952842929936,7.812584156800065,1.0,31.555798187521052,61.32439956011332,2.462673192668241,1008.7044295543644,-0.3126445502386786,2.566528731133196,-0.02798600810200258,2.4156294705370023,0,1,0
2024-04-17,0.734149005362481,3.7965057783411247,7.356690363791776,1.0,29.24129494788548,59.79801199653369,2.3775257302548543,1008.7297932850167,-1.2859338908036504,-1.8185421040969005,-0.10644275715972168,-2.882549695970775,0,1,0
2024-04-18,0.8882555248869893,1.704873991012593,6.2478248934518845,1.0,31.884895014113027,55.890417129914965,2.045270161964231,1012.4699826953168,-0.38030488451887173,0.5563017182885187,-0.37958133185807075,-15.769252747240092,0,1,1
2024-04-19,0.39880033608668947,2.021204866336174,6.259424589606055,1.0,33.9616828804799,59.1529662285425,3.574994359766965,1011.8913022192252,0.10691688591261166,-1.4465301708749918,-0.346900938877996,-15.63444663791294,0,1,0
2024-04-20,0.2917428340833205,1.5787986950570134,5.935342984712403,1.0,32.02492699819628,65.3161020063628,2.1813166289963033,1010.134382784842,-0.3595940474295856,0.34141513777400334,-0.6266078382089629,-19.400767727668892,0,1,1
2024-04-21,0.7515877865267172,1.4421309566967415,6.12689225992477,1.0,33.017874885321866,51.14032188954373,1.1146662349279473,1010.8407103020639,-0.2442388436385521,-0.16541773084151515,-0.336337817416667,-17.174673854810703,0,1,0
2024-04-22,1.3356525217101318,2.378983142320184,4.482657469419381,0.0,30.679665862259874,57.372002310531556,3.5371512786065527,1010.3941773120687,-0.01791150381592682,0.10382585796947463,-1.0071328931214916,-36.28318255903986,0,1,0
2024-04-23,0.8844991837902829,2.9717394920271456,5.2846871924465555,0.0,30.139203231667842,64.29568511593868,1.959426171850497,1006.6780645132162,-0.5901691161890826,-0.7293490210625896,-0.3892050800214803,-26.96237750612851,0,1,0
2024-04-24,0.25721076499084294,2.477362470491272,4.807748952074917,0.0,31.25969048580687,51.65881801629169,3.007136772041383,1008.7774447363197,0.6219563092801895,0.6244328875972003,-0.6334026700559962,-32.505125153938565,0,1,0
2024-04-25,0.48905844362119305,1.6307683924023328,4.408551870809121,0.0,28.66150980171756,59.96599536774156,2.058659905150667,1011.5430122544778,1.2923803123215982,-1.1586862703763048,-0.7916358701646188,-37.14440230956041,0,1,0
2024-04-26,3.3320329975691134,4.078302206181164,7.341784532291545,1.0,34.528621284474106,60.559059296848154,2.8087586439106618,1010.1454290552429,-0.41794235297590365,0.9933098103189922,-0.7681977428751187,-3.05577812576114,0,0,0
2024-04-27,0.32797911122184037,4.149070552412161,7.3780208094300646,1.0,31.55440736370727,50.06363357948828,2.4383033465578383,1008.7343571452296,0.4366784083299364,-0.32740024528814615,-0.7878665906582819,-2.634657479787315,0,1,0
2024-04-28,0.9023803757999321,4.5623924845909,7.52881339870328,1.0,32.57237943474839,59.641540472791206,3.067390264943168,1011.5645825746668,-0.21565543989118224,-1.1221525419224718,-0.45943642426040426,-0.8822182774913827,0,1,0
2024-04-29,1.2960036688158625,2.5263631558376494,7.48916454580901,1.0,30.71278535887989,56.83375761260883,2.3389692195721743,1009.513561968523,0.32893861053465423,1.2759494586725586,-0.008665383406439853,-1.34299824335622,0,1,0
2024-04-30,0.09738626787241453,2.2957703124882234,6.702051629891142,1.0,29.19857638083298,56.34183536009237,2.073999818011948,1010.2088618831744,1.409201578082929,-0.0538741222473225,-0.5428264518550652,-10.4904473132088,0,1,0
2024-05-01,3.270488067263582,4.663878003951873,9.715328932163882,2.0,32.75251502698332,58.11452353723515,2.9083194044567318,1008.8774147424219,0.45779358871628895,1.5261087763536212,-1.017264987340837,15.56911133147832,0,1,0
2024-05-02,4.243752407599201,7.611626742735211,13.47002289614189,3.0,29.18263387024281,65.348449611048,2.5246124544387896,1009.1773502168136,-1.5960730849287126,0.9770849034506738,-0.7439246644626268,45.834706796352215,0,1,0
2024-05-03,3.6636914349910317,11.177931909853829,13.801681333563808,3.0,31.244748533027032,59.61978803086001,1.5966037812797012,1009.3060626404549,0.408596068302263,-0.638516563829148,-0.7556931176033302,45.50188007974927,0,1,0
2024-05-04,9.317819912346557,17.225263754936805,22.791522134688528,4.0,31.376692999877328,57.166451564153775,2.3932070555328937,1010.5426714785119,1.1095773689781083,-0.06799184074939912,-1.1751196814838956,122.56431182116698,0,0,0
2024-05-05,0.9392799411235397,13.920791288461142,22.828421700012132,4.0,30.85990608918053,56.982200072892624,4.47536887893427,1010.7771798797136,-0.19943655299829244,0.09683035173085947,-1.275921112081832,119.59664350264984,0,0,0
2024-05-06,12.491162873545225,22.748262727015337,34.02358090474149,5.0,29.657956333375015,58.117372882100454,1.6612837577947288,1007.3912941258042,0.8960713255060492,1.2210425599891517,-0.9904688803236918,216.37235693061965,0,0,0
2024-05-07,8.675626905059689,22.106069719728467,42.601821541928764,6.0,30.54688913219337,55.680258560431156,2.8987373871315625,1008.8431780947394,-0.6211039870367514,0.350014170693692,-0.7836417065250983,289.7555059160111,0,0,0
2024-05-08,24.208741867123372,45.3755316457283,63.54007534178856,6.0,29.42630310757076,56.57796983347527,2.6083698763590584,1010.4910741934175,-1.3369852435700464,0.14103409687716742,-1.396399537085145,476.92199149309954,0,0,0
2024-05-09,27.155998449671863,60.040367221854936,86.45232138386122,6.0,31.889223033612605,59.48196992343826,3.855959430427747,1007.9664512164092,0.12705211694937615,-0.15990366967864617,-1.1784853927365857,681.7339404437332,0,0,0
2024-05-10,0.7787770135809609,52.14351733037621,83.56740696245114,5.0,31.55653996252759,61.43295260053716,2.087484504783621,1005.8472450408514,-1.5808290486716827,-0.040445628683711286,-0.8568311943435706,655.9457682968468,0,0,0
2024-05-11,1.7408321063213719,29.67560756957421,75.99041915642596,4.0,30.726410857693036,64.30313412239283,2.8148895550871327,1006.5676913929957,-0.21579391160423259,1.0436736685426595,-0.988210806177775,588.2152788076189,0,0,0
2024-05-12,1.2486666566563713,3.7682757765587183,76.2998058719588,4.0,29.96068220365705,61.3210718610733,3.1658261036350814,1006.6920158701577,1.1581580363809527,0.0029642806379794793,-0.6401394574239065,590.9808783071775,0,0,0
2024-05-13,8.73838664376465,11.72788540674241,72.54702964217822,4.0,33.706619323724915,56.710755674232765,2.6465306915321234,1007.378535933405,-1.7187866151716529,-0.3159978170385398,-1.3395481255383215,557.4349128795366,0,0,0
2024-05-14,3.861655710524039,13.848709010945074,67.73305844764258,4.0,28.933484683415422,56.94304787719741,2.2935756606612197,1006.8600471838662,-1.1515471163225082,-0.4516057324909495,-0.3881188216035202,514.4029543044328,0,0,0
2024-05-15,1.9463685153456745,14.546410869634379,45.47068509586487,3.0,28.593915928424913,59.767702694800654,2.740789793170801,1010.055649089832,-0.9288290206454198,-0.4430121230689296,-1.3470998939567183,315.40019979177316,0,0,0
2024-05-16,0.07904753639212136,5.887071762261847,18.393734182585135,2.0,30.64156589115086,57.85461125398983,2.5684097470016045,1007.7049747894796,-0.05698787373986397,-1.121676796834212,-1.4533642117779424,73.36006640606364,0,1,0
2024-05-17,9.91471672721506,11.940132778952869,27.529673896219233,3.0,30.395108006830824,59.26685156132857,2.5667259929528674,1010.4732412228049,-0.32914510708158834,-0.6003002466611833,-0.9413537476323101,155.0259849200754,0,1,0
2024-05-18,3.5206689004358496,13.514433164043043,29.30951069033371,4.0,32.29298970068623,60.037789636042376,3.3125349012517056,1006.168730112601,1.2592227435264787,1.1987362205202585,-1.187933335606421,170.93589798347654,0,0,0
2024-05-19,1.482429923185762,14.917815550836684,29.543273956863104,4.0,31.660937300955435,61.81278577808144,2.9958772432827763,1007.5672771403731,0.8589134961825277,-0.16527940845399727,-0.8889101813454092,173.02550151352926,0,0,0
2024-05-20,2.0552439574039254,7.05834278102555,22.860131270502375,4.0,30.797710085804948,60.861839055852265,3.0851676197075837,1008.3909573770011,0.44574565146173817,0.5635293348448788,-0.8698426988638643,113.28506942340265,0,1,0
2024-05-21,2.1340491306219964,5.6717230112116965,21.13252469060033,4.0,31.456847159977354,59.10063971826965,2.9522852030187563,1009.6624490205644,0.13106728290949635,-1.9830052143206676,-0.8699171100870369,97.84204083511204,0,1,0
2024-05-22,1.5263286893209205,5.715621777346855,20.71248486457558,4.0,31.431406311579615,56.25546350106898,3.33003573306824,1010.2617863174033,0.3539067992863446,0.4546490471727033,-0.9986056756893325,94.08731616748045,0,1,0
2024-05-23,10.007809247741635,13.668187067684565,30.64124657592509,5.0,33.701353672284824,57.895273936505816,3.5366633136633863,1007.2342870145919,-0.7757841197820375,-0.12908216349529097,-0.644436757782431,182.840249120184,0,0,0
2024-05-24,2.1884146435110523,13.722552580573621,22.914944492221085,5.0,31.1110830107237,63.36501743616537,2.5820795522011815,1009.9914114551677,0.771489318200951,-0.38515201831240703,-0.7942107083209571,113.77504333289446,0,0,0
2024-05-25,9.492120405231347,21.688344296484047,28.88639599701658,5.0,29.802866278278803,59.26558494202306,3.2457888368434826,1005.1758510568385,-1.000839828923281,0.14476796593690539,-0.39903000434243974,167.15368716011147,0,0,0
2024-05-26,1.7663919242752404,13.446926973017652,29.17035799810606,5.0,31.034275803789587,54.8782676218358,1.9763945159749396,1009.771654271252,0.7518392945120078,-0.39666020304962224,-0.6780264459521566,169.69201582349365,0,0,0
2024-05-27,3.052992567528526,14.311504897035126,30.168106608230662,5.0,27.090223085451754,64.52048012346044,1.4022739127381776,1005.7893410815848,1.067528251906948,-1.6990999359106849,-0.8301294036218114,178.61086371938154,0,0,0
2024-05-28,5.269566790228066,10.088951282031845,33.30362426783673,5.0,30.710667706041587,55.77521089411621,3.8499505136862373,1009.0072172329552,0.18977814187927847,0.7377983529375499,-0.9651120173706205,206.63917144852445,0,0,0
2024-05-29,4.550260420746357,12.872819778502961,36.32755599926217,6.0,32.286549723578474,60.75161205936604,2.5540924291789113,1010.2357938908744,-0.15859175306577827,0.19441404907855445,-0.538752504931236,233.67001557745218,0,0,0
2024-05-30,11.892633392388385,21.71246060336282,38.212380143908916,6.0,31.599432030448682,62.01206365939073,2.9055911972968147,1009.800272750968,0.36027891747870594,-0.2511539637982815,-0.7640374351652481,250.51840773357057,0,0,0
2024-05-31,19.145785802749632,35.58867961588439,55.16975130314749,6.0,31.17435272513404,60.13572980871365,2.018978015781199,1005.2527379010438,-2.5753665330906057,-0.7729482976579499,-0.7338594399613996,402.09989083328435,0,0,0
2024-06-01,21.922328645418084,52.96074784055611,67.59995954333424,6.0,30.15694131041582,61.56845274915126,2.7095716324996575,1005.7821314718893,0.27203239663691514,-1.175886012885708,-0.21291428688869057,320.02843538751824,0,1,0
2024-06-02,34.65379543980829,75.72190988797601,100.48736305886729,7.0,30.792565655445934,71.73388726233469,3.044611525719263,1007.8776294317433,-0.10201859805582633,0.1791141656544461,-0.7365419093245347,501.1127215771892,1,0,1
2024-06-03,30.26344808852836,86.83957217375475,127.69781857986713,7.0,31.243333262834593,77.60534194301451,3.8581164985515617,1007.8260806589567,-0.04556530175129192,1.2907527681802873,0.11447955731748963,650.035548876164,1,0,1
2024-06-04,7.167005155466709,72.08424868380337,129.59525694510577,7.0,29.87444475302237,74.7985490853548,3.162452180291025,1007.0838259592598,0.6358792616080448,0.16253318139283057,-0.14434795034550293,655.5532293535604,1,1,0
2024-06-05,10.08984075303468,47.52029399702975,135.1348372773941,7.0,28.80545048429936,63.166370737904415,3.2709035907176824,1002.6242567594938,-0.06729202940825503,-1.1062092848742608,-0.1403773533331309,681.7046375417176,0,0,0
2024-06-06,0.5819267573505456,17.83877266585194,123.82413064235625,6.0,26.009075705833443,79.69014609541497,3.025671213418398,1008.7436377634154,-1.0261861709860423,0.18009338163072205,-0.3328484983259805,612.3945738055306,1,0,0
2024-06-07,4.141067709424613,14.812835219809847,108.81941254903123,6.0,30.61744929042795,67.14094525171711,4.171850714244709,1009.064418515209,-0.12726240374284026,-0.042674369797382344,0.1724245640940913,522.1569275422762,1,1,0
2024-06-08,2.163723789594063,6.886718256369229,89.06080769320721,6.0,29.969290011662594,67.7899906202549,3.9934958661089466,1006.8818815449482,0.06079993567274203,0.6912349008593843,0.03615136384558549,410.21904147743385,1,0,0
2024-06-09,5.924278609674315,12.229070108692998,60.33129086307323,6.0,29.46172977513925,74.94276480667658,3.1818889120013414,1006.9985900996708,0.10344052042291146,0.48538654192938124,-0.07921424667668613,247.45849208157983,1,1,0
2024-06-10,12.573062820666259,20.661065219934642,42.64090559521113,6.0,28.284734399345197,74.31818978044856,3.882847619892729,1007.4926584980931,0.14572743055656126,-2.388658027287939,0.19741357106406565,147.2376341310032,1,0,0
2024-06-11,6.695614479302658,25.19295590964324,42.169514919047074,6.0,30.599219297293907,71.78826426406788,3.3252356594110983,1009.215946859683,0.935432140426698,0.4361937635427655,-0.21854648244419142,144.56707736925253,1,0,0
2024-06-12,31.376607251893674,50.645284551862595,63.45628141790607,6.0,28.887875496457745,69.35413214071423,3.269848313432873,1007.0381473440643,-0.9774310977307328,-0.8027835276032671,-0.15261317588764622,265.1624159786904,1,0,0
2024-06-13,3.5904639624087853,41.66268569360512,66.46481862296432,7.0,29.19981553715275,77.41034250329412,3.4425513958393203,1006.2430354519562,0.15813041054836494,-1.1373829931589592,0.029450216462295842,282.2065998843361,1,0,0
2024-06-14,19.948875419658272,54.915946633960736,82.27262633319796,7.0,29.16962246778159,72.97899088423277,3.8583182395837388,1007.2738860177876,1.160936728756417,-0.15077872829885097,0.4492016942960843,371.76214246008107,1,0,0
2024-06-15,4.949368325193716,28.48870770726078,85.05827086879762,7.0,29.877798898048827,66.78055200003674,2.9370581517221113,1006.5671520331599,-1.5611503472434758,0.3287768872240093,0.41221199572632855,387.5435785947884,1,0,0
2024-06-16,34.865138306401384,59.76338205125338,113.9991305655247,7.0,27.63992167717495,78.75549896365246,3.7738146311889036,1006.5875988697712,0.1616820127020482,-1.3125876882294596,0.7252036458077968,551.5014429779069,1,0,0
2024-06-17,4.962329589998983,44.776836221594095,106.38839733485742,7.0,30.035579099287414,73.59409277562679,4.971070444538642,1003.4086029455686,-0.5268406517757391,0.5636611336460412,0.2814651018155899,508.3845632457213,1,0,0
2024-06-18,24.62518117088316,64.45264906728353,124.31796402643792,7.0,28.23876279308589,78.2284545739397,3.5822505688716326,1007.5282466863463,-0.3336393460257945,0.61067107802528,0.7020550782274846,609.9604492032033,1,0,0
2024-06-19,7.010384042644071,36.59789480352622,99.95174081718831,7.0,28.28788130295831,75.74129218394502,3.4938087158244002,1008.6957689013091,-0.8143267528929798,0.0375809570395982,0.5751230563610429,471.9191483456914,1,0,0
2024-06-20,50.26173487451138,81.89730008803862,146.6230117292909,7.0,30.487342559197977,82.60770482650592,3.4218772583022,1008.4238207883033,-0.15259564413039967,-0.6940989041816389,0.41116951698562326,736.3246285899316,1,0,1
2024-06-21,35.0130797550252,92.28519867218067,161.68721606465783,7.0,27.85496664708333,72.73491313208376,3.7593048576598633,1008.2989344582562,1.657130052984214,-0.7835024033514336,0.7846016680134188,821.6674552142907,1,0,1
2024-06-22,26.97251681830754,112.24733144784413,183.71036455777167,7.0,30.484825854031783,73.85514291943332,2.506135541714811,1006.4917456533017,-1.1379873250594923,0.820745705264182,0.710991961971729,946.4345986841715,1,0,1
2024-06-23,21.37610364324599,83.36170021657875,170.22132989461628,7.0,29.389919907209595,76.41058894238957,4.49302844438942,1006.8493669612352,-1.0526490022309447,-1.208978149196724,0.607190526932511,870.0155379120781,0,0,1
2024-06-24,37.6517327644792,86.00035322603274,202.91073306909647,7.0,26.94041904419903,72.82208747268307,4.061090033240919,1008.7316746684453,-1.1717411131471542,0.8515763686553428,0.8095866266763105,1055.2099235872427,1,0,1
2024-06-25,18.835717922997212,77.86355433072242,197.12126982121055,7.0,31.158272684922228,77.22097864616437,3.0856683377603007,1008.1483875412096,1.554676457965291,-0.13215932730434937,0.7988551046496352,1022.4110350955067,1,0,1
2024-06-26,35.09748240213993,91.58493308961636,225.2083681807064,7.0,29.682361710786022,62.27964188922701,3.491306198730928,1009.2625910694085,-0.41610573496915826,-0.0766675997142857,0.8224016415834324,1181.5321086226463,0,0,1
2024-06-27,3.718860667983399,57.65206099312056,178.66549397417842,7.0,29.79978270486295,73.68366989828895,3.137968940759446,1005.3762602114724,-0.023075154312906795,-1.36647016433066,0.7846051489490177,917.8540307382683,1,1,0
2024-06-28,14.926441031386135,53.74278410150948,158.57885525053936,7.0,30.65814572743579,73.06558718537823,3.6519188749937164,1005.3650290841664,-0.36250464699561574,-0.11737330410286928,0.5857068043299739,804.0577433344232,1,0,0
2024-06-29,8.245592007906762,26.890893707276312,139.85193044013857,7.0,31.346915535002946,73.83645888957301,3.5091883787515257,1005.9885268287503,-0.8499805905627823,0.49086841280910076,0.9520118777225801,697.9646061383713,1,0,0
2024-06-30,47.582807642057645,70.75484068135056,166.05863443895024,7.0,29.52944414731971,70.38342884752842,3.609557994249461,1004.8896910342669,-0.21163558195299187,-1.0691280702815849,0.7511386369372316,846.4327326968793,1,0,1
2024-07-01,3.3748309162988055,59.20323056626323,131.78173259076985,7.0,28.44521820763328,88.53178856679243,3.6491899477161276,1002.422469329942,2.212419245162904,0.3989086938014764,0.7122947680796401,460.20065717879424,1,0,0
2024-07-02,86.10690199702343,137.0645405553799,199.05291666479604,7.0,28.100676259003176,83.40822303484276,3.9772567744257956,1005.6446355313442,1.2528638288768295,0.07120980294321815,0.9197768150089519,727.3869925711557,1,0,1
2024-07-03,28.018770239683203,117.50050315300545,191.97420450233932,7.0,27.10100116675643,86.86018148879673,4.953817625769258,1005.5220792344634,-0.7676440360130451,-0.5150044910658454,1.1730094384402614,694.722714958517,1,0,1
2024-07-04,58.83449933330864,172.9601715700153,247.08984316766458,7.0,25.36420513208558,85.58391565881556,3.9459080626306107,1005.244295130457,0.5828166927555172,0.6837384691930435,1.0424039701059367,912.8861474726284,1,0,1
2024-07-05,12.837312760921888,99.69058233391375,245.0007148972003,7.0,27.881906838884674,87.29461599020064,2.680086157119665,1005.4378299618053,-0.7483704953997388,-1.761805415182845,0.8666395465509287,900.3446926800123,1,0,1
2024-07-06,5.348903291370851,77.02071538560139,242.10402618066442,7.0,29.51152891904116,90.9927265819201,4.1758046469199535,1002.1664074726318,-1.5987308749615987,0.2773445989949672,0.8569292375585684,884.5463739635654,1,0,1
2024-07-07,90.34088982129046,108.52710587358321,284.8621083598972,7.0,28.3976821048395,86.79691275765425,5.713077544306291,1003.9369940511256,0.9175598258981666,1.295548126458634,1.155974817757061,1052.872199767198,1,0,1
2024-07-08,38.07982792393863,133.76962103659994,319.567105367537,7.0,26.086623488771764,87.47219058433438,4.77550947569812,1004.2728453254387,1.0440835619791957,1.1519545112805294,0.3920168745601159,1192.8362771073785,1,0,1
2024-07-09,5.071821853174573,133.49253959840368,238.5320252236882,7.0,29.117546064041647,86.6601982395651,3.915695394462878,1004.8883994018423,0.9414470259431095,0.311845376430818,1.1816629039194502,866.0245438568438,1,0,1
2024-07-10,22.758400587830725,65.91005036494394,233.2716555718357,7.0,27.147758163539905,82.35729620504755,4.2358218117664,1002.1735150921478,-0.42287872429761547,-0.2413446209046767,0.501907475338149,844.8096512398599,1,0,0
2024-07-11,19.669239356127846,47.49946179713316,194.10639559465488,7.0,24.652179734645774,84.0644673405017,4.674098500024931,1003.1310643926511,-0.1500981606017876,-0.5086420452381047,0.6016548777333308,686.8574844297696,1,0,0
2024-07-12,34.27287337877164,76.70051332273022,215.5419562125047,7.0,29.00608129739431,84.01510950657891,3.212431811283068,1004.0154273106797,0.674788998292311,-0.24234063512451365,0.8090874959448116,773.3063742967362,1,0,1
2024-07-13,7.852141237120008,61.79425397201951,218.04519415825382,7.0,26.257483082408424,89.04780591763327,3.752547481070761,1006.7060022476157,0.3523464336132965,0.43504579833432494,1.4594388390187998,783.4018481376523,1,0,0
2024-07-14,5.43911880861597,47.56413342450763,133.14342314557933,7.0,30.074035678503854,86.83488660712334,4.505191003226999,1005.2724550437174,-0.3542737241673399,-0.645795044367533,1.31268725825539,440.99588159282445,1,0,0
2024-07-15,37.71198593820543,51.00324598394142,132.77558115984613,7.0,29.187898716975166,82.55855816823065,5.2228748223156884,1006.639907677192,-1.457164638106348,0.6059390544403048,1.0436224824282105,439.51238732458427,1,0,1
2024-07-16,9.631140462940332,52.78224520976174,137.3348997696119,7.0,27.262096973010358,84.55653379560215,4.002588969024699,1004.580712478094,0.10248767472781103,1.7065284144026593,0.9271290238587285,457.8999648361254,0,0,0
2024-07-17,73.39844184179219,120.74156824293796,187.97494102357336,7.0,28.22411974019503,77.8749718430347,5.206393301587691,1004.8028685325095,0.971108675312502,-0.04950658810191603,0.3408313387723676,662.1295358405292,1,0,1
2024-07-18,56.30717526663609,139.33675757136862,224.6128769340816,7.0,30.974501948055927,84.41692009377097,3.81358872082899,1005.6994251758572,-1.0778294601307414,-1.0755158426266442,0.8115090223858016,809.8890902999086,1,0,1
2024-07-19,40.930779083542326,170.63639619197062,231.27078263885227,7.0,28.98102580911056,84.62815854862734,2.234875280978735,1004.4821090538132,0.5748834435083793,-1.0757957970531302,0.5985499138408833,836.7401984783941,1,0,1
2024-07-20,0.8746262956812985,98.11258064585971,224.29326769741357,6.0,27.914495990837207,91.59273608810892,4.712469382179104,1003.6765826539555,0.2983875256203234,0.6212524413692604,0.49295319766281415,808.6001170748195,1,0,1
2024-07-21,12.863259533443012,54.668664912666635,231.71740842224062,6.0,31.62583154802756,90.25770725556656,4.590422243835607,1002.119474762465,0.6751334369091003,-0.047796943168354894,0.6949354879122083,838.5414251338675,1,0,0
2024-07-22,17.07591241333826,30.813798242462568,211.08133489737344,6.0,27.745629371477865,80.22912815808583,4.7078934481099,1003.7248376100877,0.7847779497471066,0.7014647168512425,0.4955465025052931,755.3168396311993,1,0,0
2024-07-23,6.797069660220537,36.73624160700181,208.24726409465364,6.0,28.395556702569152,85.89825220051074,4.684445801273152,1006.3062255863726,-0.6250187177328177,-0.4269073993274797,0.7858456923102006,743.8871280847006,1,0,0
2024-07-24,54.24838420880595,78.12136628236475,189.0972064616674,6.0,26.270317491455817,84.0987382296076,4.3812329106860055,1007.0703019812858,-1.4552634601484515,0.6644988380318653,0.03797467228446427,666.655594336919,1,0,1
2024-07-25,40.00926848496472,101.05472235399121,172.79929967999607,6.0,25.236409544305936,83.4361813673861,4.1108937681311835,1003.4094061016311,-0.4801675731145914,-0.12663933875978037,0.4925481944148499,600.9266883591789,1,0,1
2024-07-26,38.9969570021213,133.25460969589196,170.865477598575,6.0,27.178092747411085,82.97078382381635,4.1337698516310155,1001.6803610543175,0.8002145857743066,-0.5860032442591593,0.2043910523732346,593.127649410794,1,0,1
2024-07-27,64.23171862393447,143.2379441110205,234.22256992682819,7.0,27.63478727425471,82.38780533120791,3.989942037026576,1006.4689880966614,-0.48780351317337395,-0.3207987830419076,0.2708176047874277,848.6446566224209,1,0,1
2024-07-28,59.035245011385825,162.2639206374416,280.394555404771,7.0,28.041984974312584,91.61062607260673,4.02594841986498,1004.9258261262023,-0.6246389914718777,-0.9576434843385893,0.3972927330661554,1034.8547100323626,1,0,1
2024-07-29,253.56385188505539,376.8308155203757,516.8824948764882,7.0,25.593336490654835,81.43364283551321,3.179562023673697,1002.3764042458145,-1.6392153077321745,1.5914876468652892,-0.011272177263659366,1988.6025591663913,1,0,1
2024-07-30,17.450205005705705,330.0493019021469,527.5356302219733,7.0,28.50596000710391,85.12831978326598,3.537598109869535,999.2016675748699,1.5773827990958451,-0.07710545084678966,0.25520436658430845,2031.566293152095,1,0,1
2024-07-31,18.138084470038457,289.1521413607996,491.42533048320576,7.0,26.418476222477633,73.27667112832053,4.168130099153598,1003.0669493705548,0.7431422772827789,0.5156112709457568,0.10649254833162933,1885.934677500281,1,0,1
2024-08-01,34.039876182695956,69.62816565844011,485.45593818093704,7.0,28.433244059290963,86.26925571593108,2.9216626896225515,1003.9677859637911,0.692906383147288,-0.42949530629663946,-0.06063124403058727,1861.8603205514908,1,0,0
2024-08-02,52.95856411962954,105.13652477236396,499.41754529844525,7.0,28.889913032119892,87.69230009074722,3.061478984217539,1002.728116870468,0.8709528481015264,-0.8415422575838586,-0.06851177226825875,1918.1670091231094,1,0,1
2024-08-03,2.004420437057739,89.00286073938324,437.19024711156857,7.0,27.0273032300651,78.80583430710517,4.065613573952112,1006.0465199839996,0.5190375253890616,-0.18710440873434817,-0.04504234756018875,1667.2064234131844,1,0,1
2024-08-04,10.289811374864028,65.2527959315513,388.4448134750468,7.0,26.23166945096414,80.44431462856231,4.189184328246143,1003.3384664380029,-0.21989596966157618,0.8809540267033589,-0.25387946539686035,1470.6177407522732,1,0,0
2024-08-05,11.764250126560764,24.05848193848253,146.64521171655213,7.0,29.74212500047586,84.64389532812731,4.078169668010458,1004.8234120251083,-0.1473876937099815,-0.41658543311862695,-0.11547161791453309,495.44813754208724,1,0,0
2024-08-06,24.562774273534718,46.61683577495951,153.75778098438116,7.0,28.803092888157657,82.60002177830495,2.838238479217301,1009.0733692441897,-0.38480792813291237,-0.6964255781835323,-0.24175251670118786,524.1328884691848,1,0,0
2024-08-07,8.325746072605114,44.652770472700595,143.94544258694782,7.0,27.793782823525152,84.04338678075332,5.197620011993507,1005.0125188634486,2.3712666789735,0.1243713954953148,-0.3794607494926844,484.5600600939496,1,0,0
2024-08-08,59.75099692456123,92.63951727070106,169.6565633288131,7.0,29.636814825290575,82.27031607396219,3.4044444773023486,1004.5931554394606,0.5003208281694983,0.39921808057419533,0.11708801594125212,588.2521391114167,1,0,1
2024-08-09,35.13664705814857,103.21339005531492,151.8346462673321,7.0,27.697582369704502,90.00604717962676,3.775286235744054,1004.6338186285901,-0.4174203972162911,1.3142785350825466,-0.2294298643949763,516.3769512992901,1,0,1
2024-08-10,19.342921784394683,114.23056576710448,169.17314761466903,7.0,26.71230586186627,79.2457073834493,3.509122087149439,1006.0053145755427,0.41894709674965186,0.2830003826979959,-0.4807569521611208,586.3025399114221,1,0,1
2024-08-11,43.08128760132052,97.56085644386377,201.96462384112556,7.0,26.178633066016918,92.89469758004894,5.045601395858857,1005.7822416004918,-0.9097820260706858,0.515194142824988,-0.3992646258208183,718.5494527593934,1,0,1
2024-08-12,0.9303698885813112,63.35457927429651,191.1307436031461,6.0,27.43009716664368,86.23990319118924,4.519034951253449,1002.9946904642735,1.3540560467303042,0.5754201895362573,-0.7417411082461731,674.856780744784,1,1,1
2024-08-13,32.88579376802215,76.89745125792398,199.4537630976335,6.0,28.66142462531301,84.849924751068,3.9822370053400333,1004.0610132563111,-0.5949621862264262,-0.9224123055461043,-0.6420386763509646,708.4232364333934,1,0,1
2024-08-14,6.297714180791691,40.11387783739515,197.42573120582009,6.0,29.526678857289728,77.31707306724942,3.9399893404683084,1003.5998964229069,0.4509768893602192,-0.7706656563756354,-0.6590306750917965,700.2442525109445,1,0,0
2024-08-15,35.11208108667545,74.29558903548929,172.7868153679343,6.0,27.613930258587047,84.42756803862775,4.373938818475822,1004.2923308732882,0.959379866768821,-0.8671170316845203,-0.935088715424101,600.8763395515256,1,0,1
2024-08-16,1.304143320472528,42.71393858793967,138.95431163025827,5.0,29.279390855248728,84.11979625941939,3.5182502972946286,1008.0890063269604,0.34629168978449354,-1.0657166045533166,-0.5690071022844796,464.43099801440854,1,0,0
2024-08-17,38.80952499034696,75.22574939749494,158.42091483621056,5.0,27.281038752035936,72.56649464238724,4.494626519316907,1005.912494062587,0.08502299263767439,0.6363678998963229,-0.8326496157316758,542.9391493353472,1,0,1
2024-08-18,7.97101179577191,48.08468010659139,123.31063903066193,5.0,26.486778730020585,75.42482226263324,3.9369959755881503,1004.6575158297132,0.009721876370413643,0.2320400733310043,-0.8333347203559983,401.34059633155096,1,0,0
2024-08-19,67.160006275149,113.94054306126787,189.54027541722962,6.0,25.75217742881824,82.25064079380316,4.577966387197192,1007.0412464496304,-0.05079698719839642,0.06359685047315963,-0.922572481706783,668.4424764262528,1,0,1
2024-08-20,2.1931737712202137,77.32419184214112,158.84765542042769,6.0,26.87228000886017,82.40802057260849,4.557616384921143,1005.1403368129864,-0.519028640034752,-2.074173212321815,-0.07413633325455649,544.6601796561514,1,0,1
2024-08-21,28.93586731077773,98.28904735714693,181.48580855041374,6.0,25.804895557709266,78.5342279198722,3.9100159070134537,1001.8525978691883,-0.4045350867927338,1.644381486894895,-1.0105678137330487,635.9590843881331,1,0,1
2024-08-22,27.19147100062152,58.320512082619445,173.5651984643598,6.0,30.39433223980506,83.96615401711472,3.0345559665158497,1007.7962249810341,1.3316313362858416,-0.7154176033228445,-1.3904812212461044,604.0155322125825,1,0,0
2024-08-23,36.605902176328954,92.73324048772818,208.86695732021622,7.0,28.196030952971864,76.34394759388806,4.118087734963436,1004.5195704331544,-0.09768296941664101,1.641450204751166,-1.298998217937106,746.3863298720032,0,0,1
2024-08-24,30.376551410648037,94.17392458759849,200.4339837405173,7.0,27.447155167308743,79.47529955236695,3.396499048395658,1000.7402403853232,-0.7072166424444959,-1.159393184521053,-0.732118787190778,712.3764330823033,0,0,1
2024-08-25,4.257700535139875,71.24015412211685,196.72067247988525,7.0,29.991818423422586,79.01865186067704,4.313363689565174,1001.9217613422268,-0.4646678371753577,-0.6499209268452296,-0.6079157118653092,697.400774552298,0,0,0
2024-08-26,2.2107028060103575,36.844954751798255,131.77136901074664,7.0,25.757841639578675,82.34309763460514,4.1122397579011585,1006.8309222826828,0.9903336126275009,-1.7622795060077039,-1.1296558757287571,435.462433743791,0,0,0
2024-08-27,28.070326001216394,34.53872934236661,157.6485212407428,7.0,27.38901598588474,74.61450974108004,3.9133859501012225,1001.950969320171,0.6080459698480306,0.289699980754158,-0.6536871008176183,539.8241121287655,0,0,0
2024-08-28,20.520434042627976,50.801462849854715,149.23308797259307,7.0,30.380559265081388,79.13776954850182,3.4888455097234767,1007.229692709548,0.5042962604090312,-0.8810054566489859,-0.799241334601874,505.8849548213856,0,0,0
2024-08-29,5.612267781890519,54.20302782573487,127.65388475386206,7.0,27.379359246724245,73.63503701862227,4.978256385448489,1004.9469741843836,-0.23176907901881233,-0.8584001232786834,-1.0401849564540446,418.856759210792,0,0,0
2024-08-30,4.264116316102981,30.396818140621463,95.31209889363608,7.0,31.00655524590512,79.2174605708133,3.9939735010722353,1006.0860980034311,0.5160262231556506,-1.0980113737395178,-1.0630391282508993,288.4234323770873,0,0,0
2024-08-31,23.11709168293324,32.99347578092672,88.05263916592128,7.0,28.680862731356935,83.63189782372412,5.678193396298257,1004.3388369763408,-0.5792050124555832,0.6218840501902905,-0.9547434030856404,259.14627720101487,0,0,0
2024-09-01,9.286622108288036,36.667830107324235,93.08156073906945,7.0,31.076302764702255,73.02801377772326,3.493335626332414,1007.5292065541786,-0.2336526282111971,0.5691709212540377,-0.7795449009937195,398.30562061164943,0,0,0
2024-09-02,60.80741287950015,93.2111266707214,151.67827081255922,7.0,31.11685924545395,66.864269586064,3.683331477669392,1007.1569707785163,0.8728240386525709,1.4496271128630285,-0.8954508528340948,736.0539805436667,0,0,1
2024-09-03,30.943958475490195,101.03799346327835,154.55190328683304,7.0,29.250249936964384,71.25464609753982,3.495905177286727,1006.5177955546771,0.786849911027158,-0.5485652968583786,-1.1567727053372079,758.115906286742,0,0,1
2024-09-04,31.42889486583496,123.18026622082527,165.46036411004002,7.0,28.56451016218332,68.72045822602962,3.6773208985686137,1004.6693600955015,-0.8837188613557229,0.1750554968374403,-1.0208712536838938,825.6973262874462,0,0,1
2024-09-05,45.90149554779681,108.27434888912194,205.7495918759463,7.0,29.08639004478455,76.28578782190883,4.127990260495396,1007.2325008897957,-0.7699738076177182,-1.0314681579215612,-0.4687368478495713,1059.7288052132446,0,0,1
2024-09-06,5.654042626480285,82.98443304011204,207.1395181863236,7.0,27.86630098797805,69.28091916408772,4.1349136591057745,1003.3165064379308,0.0978319375320687,-0.2680312181882544,-0.8850077756942446,1073.3851308271692,0,0,1
2024-09-07,4.932368242222459,56.487906416499534,188.95479474561284,7.0,29.155658456095416,58.34281612302499,2.4124132333648953,1008.2638521925707,1.553519137202559,-0.4150762506249421,-0.7113137908244999,976.1457262220324,0,0,0
2024-09-08,47.69526951809413,58.28168038679685,227.36344215541894,7.0,29.241838023674184,73.66290815494969,3.9856763004267233,1006.9417408820023,-1.7240086480220949,0.37155996599633667,-0.7716423716453251,1193.741190529134,0,0,1
2024-09-09,13.954822898838483,66.58246065915505,180.51085217475725,7.0,31.612935486064014,68.14328029522439,3.770661511812307,1007.4227035280734,0.25049964561345384,0.8136174451345529,-0.8134451828153554,928.3084883030858,0,1,0
2024-09-10,18.370809512519628,80.02090192945222,167.9377032117867,7.0,30.078592487635596,68.84884014907205,3.4939131802108223,1001.8767179814071,-1.2384389984158335,0.7928533526652,-0.8270600366197339,857.0781698487725,0,0,1
2024-09-11,3.0294279840791236,35.355060395437214,139.53823633003086,7.0,32.55567107351875,71.8577304404105,4.499908414743939,1004.5608291459333,-0.570897894172991,-0.6742498177740887,-0.5997013991082475,696.1874434382377,0,0,0
2024-09-12,39.93650298888611,61.33674048548484,133.57324377112016,7.0,26.2246447559156,64.78530818883263,4.52403795167387,1005.6767706660836,-0.32798557625781727,0.7987743236983996,-0.6116600832350199,662.3941335203989,1,0,1
2024-09-13,23.481651757642947,66.44758273060816,151.40085290228282,7.0,27.54414531257521,70.58646149964994,4.015135622591987,1007.7997706408935,-0.37845750909320186,-0.035268109686237656,-0.6901771396335122,763.3924020871399,0,0,0
2024-09-14,9.88211251345058,73.30026725997962,156.35059717351095,7.0,28.750523033885617,71.92105850395045,3.1462574680213504,1004.8900901271527,-0.4804163456932876,-0.25967751671761197,-0.8920878099242953,791.4340535258812,0,0,0
2024-09-15,6.828521851297683,40.192286122391195,115.48384950671449,7.0,31.337498742237017,72.01320513174544,2.7568879820831493,1011.1735565712597,0.006486354338733137,-0.5668091894551347,-0.5825366701303836,559.9127807666794,0,0,0
2024-09-16,40.43827673052324,57.14891109527149,141.96730333839926,7.0,29.094598412220442,67.982908455713,3.925017939958591,1006.1131870866865,-0.4817300099675206,-0.4479486354892417,-0.6538626357489766,709.9487706174926,0,0,1
2024-09-17,8.56893274589058,55.835731327711486,132.1654265717702,7.0,27.193048922705376,74.30503534233034,4.288097995788969,1004.7583579045796,-1.3162116463687374,1.3938510769569867,-0.6703930243895048,654.4184650756447,0,0,0
2024-09-18,1.7050210179897063,50.712230494403514,130.8410196056808,6.0,28.90483228200858,68.32824961173802,2.2551832037305646,1006.2508200458524,0.7018826512704988,0.24592861319521886,0.12197734380106806,646.9153383541293,0,0,0
2024-09-19,36.45082394312355,46.724777707003824,127.35534055991823,6.0,27.57136893176025,67.2982609409119,4.124154698898428,1004.8754443853866,0.6775849504339925,0.13968947800096396,-0.8851770315175553,627.1680157708664,0,0,1
2024-09-20,36.99587322171496,75.1517181828282,140.86956202399023,6.0,27.296930417207403,70.93943567362393,3.3194585382473005,1004.4553351389112,0.7588568790204021,-0.2097974868295574,-0.2119394533946419,703.7297666403587,1,0,1
2024-09-21,9.047540136476341,82.49423730131484,140.034989647016,6.0,32.04636543733259,71.65267473917615,2.3869761600098522,1008.4069131427743,-1.3866610466376736,1.9567828891504229,-0.6169954988521451,699.00168647841,0,0,1
2024-09-22,77.32671824313431,123.3701316013256,210.53318603885262,6.0,28.755754079264218,69.92249018153991,3.7540155537964903,1007.5109829139496,0.2690263373257358,1.0440083910771398,-0.31705063770209696,1098.3931988381614,0,0,1
2024-09-23,10.767002939091169,97.14126131870181,180.86191224742055,6.0,29.490420500540647,77.78977546330164,4.018009852742825,1007.5162097842865,0.608380970226231,-0.5768496918390341,0.3448551272304541,930.2973393734142,0,0,1
2024-09-24,7.110381575020123,95.2041027572456,179.4033610765501,6.0,29.117867606581807,71.98341262214811,3.261568666178047,1008.8853053747691,-0.9280818615956266,-0.2188920437636994,-0.4844089125902511,922.0342491412863,0,0,1
2024-09-25,21.575350216675513,39.45273473078679,199.2736902752359,7.0,28.8959126181653,71.38952837428036,2.837965081696625,1007.4631593936963,0.008255923363916229,-0.1713956346967283,-0.37055741189529534,1034.6050840835005,0,0,0
2024-09-26,2.5156099022171228,31.20134169391274,165.3384762343295,7.0,28.07108104741444,72.70594652254533,4.499632416795072,1004.6658170873447,-0.10463998077932918,0.11669758262607957,-0.1391552652665887,842.352840030078,0,0,0
2024-09-27,2.828642512273687,26.91960263116631,131.1712455248882,7.0,28.813118046776825,74.21653181735951,3.0711956688701676,1007.8627082646465,1.6579355927114374,-0.5609807941051482,-0.29135278228256256,648.7861582621957,0,0,0
2024-09-28,14.250854633432704,19.5951070479235,136.37456002184456,7.0,29.720136162550936,73.46873784682488,4.1680612511095285,1004.5592361115081,1.7320464333113157,0.35105321868935735,0.19693929001667565,678.2643541960631,0,0,0
2024-09-29,20.939332058807338,38.018829204513715,79.9871738375176,7.0,31.234095929506665,64.51982490223273,2.5645476655460953,1005.7266801853708,-1.4979207539971808,1.1616705056314516,-0.10215912575602742,358.8144306689487,0,0,0
2024-09-30,1.6535088964845432,36.84369558872457,70.87367979491097,6.0,30.574416383792833,76.99739190445553,3.721980889250761,1006.504857207097,2.2445343051551907,-1.0509024872033306,0.25042655964836863,307.1840010289115,0,0,0
2024-10-01,21.34709562227595,43.93993657756782,85.1103938421668,6.0,29.049680607592975,61.960729657760425,2.986611787914099,1007.9383337677219,-0.8237031490379916,-0.9025173896736537,-0.19019043240400252,620.2081479315877,0,0,0
2024-10-02,2.282234692349257,25.282839211109735,65.81727831784055,6.0,32.14031964956134,64.0597741037261,3.278157097224347,1004.9791284687411,0.8826059648946832,-0.38652684423784556,-0.254856812650769,456.0025654020262,0,0,0
2024-10-03,4.067234780984409,27.696565095609603,67.36890319660783,6.0,31.421987480168408,60.81808485666605,3.649897529259449,1006.4615699566268,0.8734481827773578,-0.34943644808626373,0.19374162173305684,478.1275547198593,0,0,0
2024-10-04,3.606044759816311,9.955514233149962,68.14630544415044,6.0,29.8817648631712,54.43119686176422,2.2659296663377626,1008.1627425649688,-0.8961212041576261,1.5987726997967446,-0.0877767441416738,493.33178883404986,0,0,0
2024-10-05,0.8669621558988916,8.540241696699598,54.762412966616644,5.0,31.01131019869129,54.68271813076147,3.066572356450069,1007.1040220612464,0.44394101445518913,0.801367376011871,0.7363406815171117,381.94859162521095,0,0,0
2024-10-06,4.814659891133346,9.287666806848534,38.637740798942644,5.0,31.55757632113995,58.24414612207349,1.934167062433903,1010.2305222671091,-0.09678036983945756,0.7554578816946114,0.02564494921540983,246.06563874199782,0,0,0
2024-10-07,7.7887737018523024,13.470395748884526,44.77300560431041,6.0,30.822248390982118,64.52352507228503,1.9273585230354295,1010.5387325196353,0.4988970041691516,-0.2114925548107204,0.19873728735551266,309.16366164768345,0,0,0
2024-10-08,3.6589762265567516,16.262409819542388,27.08488620859121,6.0,31.428714931849502,68.67460212851785,2.4071067443825234,1006.186563370985,0.20760507214256313,-0.2290507254294513,0.6102133608778759,151.0500397855363,0,1,0
2024-10-09,1.2096895386285365,12.657439467037577,26.01234105487049,5.0,29.548242840336773,64.18364733528165,2.999703856882721,1008.3108166847763,1.0767055368332223,-1.161364331012319,0.40730301108477324,141.46258760525993,0,0,0
2024-10-10,11.582327637034693,16.450993402219968,33.52743391092078,5.0,33.54633912597521,58.29777903271872,3.7602281854060413,1011.052149612135,0.06785958883145604,0.6253921824382539,0.2196735054997329,208.6397998072553,0,0,0
2024-10-11,12.856056643769902,25.648073819433115,42.77744579487437,5.0,28.05537564346058,61.7029806136912,3.869474847219348,1007.9616659106429,-0.1510866624836801,0.3928436838470284,1.1527889127198967,291.3254063728558,0,0,0
2024-10-12,3.480937093897372,27.91932137470195,45.391420732872845,6.0,31.565365976689492,68.4854707081131,2.5411726958736502,1007.4706950844568,0.9864578097514624,1.028797891742627,0.43393336281694006,314.6916577903947,0,0,0
2024-10-13,6.087943234161597,22.424936971828856,46.6647040759011,6.0,31.269843112244544,58.401155623657175,2.937428168474701,1009.7516558685367,0.522356368372743,-0.16866377068493385,0.6747096797429315,326.07350322681026,0,0,0
2024-10-14,9.985552098590537,19.55443242664949,48.86148247263933,6.0,31.656495014862493,72.13628399082438,3.319910772493299,1007.7096949032381,0.6586320548887991,-0.11342331696031752,0.7086750233203537,345.7104460224849,0,0,0
2024-10-15,10.049065477283735,26.122560810035857,55.25157172336632,6.0,29.764655771722527,71.8951584710623,3.213337106404379,1010.4908244697194,-0.5981280050327371,0.1360364228485086,0.9734013845190996,402.83128136122315,0,0,0
2024-10-16,8.162460630934882,28.197078206809138,62.20434281567266,7.0,32.393250103696374,72.85591203432094,2.652433447175315,1007.1327143889077,-0.9407365032586267,0.7135180604056764,0.9438075393501453,464.9819144946159,0,0,0
2024-10-17,8.124683087887778,26.33620919610638,58.74669826652575,7.0,30.605201309680456,65.10870814893764,2.799770516092136,1007.3489998585767,-0.5109499289274314,-1.1761724976779833,0.6513589170135285,434.0741231943243,0,0,0
2024-10-18,8.345656279430212,24.63279999825286,54.23629790218605,7.0,29.095673349332184,62.60089182267907,2.68799894030171,1009.6255397808045,-0.5587392471125298,0.5888449069906997,0.8037944746428021,393.75577607672784,0,0,0
2024-10-19,4.387583190574038,20.857922557892014,55.14294399886273,7.0,29.223639720443753,65.51534301809791,2.6290831256135205,1008.3842368422999,0.7075793417876229,-0.016396449738264426,0.8529812188102872,401.8602610638328,0,0,0
2024-10-20,0.8354181251318185,13.568657595136054,49.890418889832944,6.0,30.930961360402716,68.38835775934555,2.5492612372233543,1008.3983890428475,0.8783856452646466,-0.8469098143629572,1.118605219468695,354.90808088397944,0,0,0
2024-10-21,1.2024821275251187,6.425483443230961,41.10734891876752,5.0,28.521244131184005,60.99956263030879,2.682312399311988,1004.7664614803748,-0.13961726057916035,-1.6676846021232532,0.6580645388016082,276.39645547455854,0,0,0
2024-10-22,6.3635990230996615,8.401499275756585,37.421882464583454,5.0,33.277082640849486,61.22899329798688,2.510619044374088,1007.5671141504306,1.287827116941917,-0.10917896950268272,1.4705205371301946,243.45217031423135,0,0,0
2024-10-23,2.6875580623879474,10.253639213012715,31.94697989603652,5.0,32.224864056789784,62.79441952708654,2.072856897078199,1009.7585255611144,1.2316224543886167,1.158170386619256,0.7890642386972575,194.51216402589577,0,0,0
2024-10-24,8.231795588774462,17.282952674262056,32.0540923969232,5.0,33.31395631322149,61.33457261598908,3.271655663147616,1006.792580172191,0.2190590247604853,1.339747733393116,0.9865195278610033,195.46963978027162,0,0,0
2024-10-25,1.1433163387828713,12.062669989945265,24.851752456275857,4.0,33.166367148782555,68.68481464348295,3.0638621336660457,1009.464460658184,-0.7397025943887361,0.2843009685360771,0.7055055289661881,131.08811744761718,0,0,0
2024-10-26,1.8881262536743968,11.263238181231713,22.352295519376217,3.0,30.263705213307862,61.17850534709669,3.8800637392201813,1008.6856398196006,1.417838984491986,1.5696045310737983,0.6746873982191619,108.7455393509703,0,0,0
2024-10-27,3.94762625359647,6.979068846053724,25.46450364784087,4.0,29.539313016319845,64.29322344740487,2.975818305480584,1007.8437709465061,-0.05491561592556741,-0.03435286636539591,0.7812610698197866,136.56548381038257,0,1,0
2024-10-28,0.10108306456805313,5.936835571838905,24.363104584883803,4.0,27.007492509000233,67.77664991240272,2.5039314040954386,1010.6472165333165,0.11354867678787714,0.762642841314225,0.7547931694021235,126.72010731423211,0,0,0
2024-10-29,1.7009939762891604,5.749703294453669,19.700499538073302,3.0,30.18764648917994,69.29771875324774,2.378246265302776,1007.5915388936885,-0.3056445230459118,-0.36098471112514185,0.8883378421593349,85.04120664815264,0,1,0
2024-10-30,2.497717927418821,4.299794968276021,19.510659403104178,3.0,33.22828826220042,64.63818785008696,2.782527133728721,1007.7169934778545,-0.8008112936674778,-0.4116790714273189,0.7385783264808138,83.34423080559746,0,1,0
2024-10-31,6.717475016048867,10.916186919756836,17.996338830378583,3.0,29.597383343534005,66.3586673979012,3.0858325913443605,1007.8232126482034,-1.3217754872837628,-0.542007293504509,1.1455910179928572,69.80776007870088,0,1,0
2024-11-01,0.5111469349524937,9.726339878420168,17.364169426548205,3.0,31.065007905825322,55.776077055913575,2.320365400040854,1008.9937633686485,0.5695814912015593,-1.6484231576994501,0.761341956063212,87.6970836801353,0,1,0
2024-11-02,1.3955514627623358,8.624173413763682,16.871594635636146,3.0,30.582498949918545,63.82307590934048,1.585037281432573,1010.2293421579379,-0.7050609485069583,1.0296738079575294,0.7160658583501694,86.25969753859086,0,1,1
2024-11-03,0.5097530738320291,2.4164514715468446,13.433721455871703,2.0,31.883890513685383,65.04680342243384,2.023785575020092,1006.1982191845004,2.7535781060971414,-0.513305951310413,0.8208103109901287,50.59346511248447,0,1,0
2024-11-04,0.7372776183766145,2.642582154970965,14.069916009680266,2.0,33.159415856534615,53.319170360154864,2.4780067720420926,1010.4113000171396,-0.9774662243512311,-0.6411510238041571,1.1439591896247612,62.27409531094905,0,1,0
2024-11-05,0.4802300149134221,1.7272607071220514,12.849152048304527,2.0,29.20400243411426,67.30097172898274,2.9113619584466215,1008.9713950561182,-1.131644227483233,-0.9439773452901404,0.9234015084283265,52.37404362888669,0,1,0
2024-11-06,0.9110396445136457,2.1285472778036683,11.262473765399351,1.0,29.47201092435175,57.17807071529037,1.5756975055279467,1009.8460807778937,0.459124844052097,-0.16348754922902642,0.8160095628008729,38.22151107345822,0,1,0
2024-11-07,2.4628959743701047,3.8541656337971584,7.007894723720589,1.0,33.44016535361868,61.447521807187854,2.626241832927962,1013.1541492841185,1.3763821310705657,1.4107938484477942,0.4513254315509239,-6.936085457885194,0,1,0
2024-11-08,0.5094865388104697,3.8834221576942056,7.006234327578565,1.0,32.38519092286712,59.476096840805674,2.5998634807095735,1007.9278298121739,0.05813069124889948,1.675023080658174,0.4900661063090705,-6.955381786071128,0,1,0
2024-11-09,3.0794082697642833,6.051790782944844,8.690091134580513,2.0,30.99576451274674,58.748940491432585,2.1962458653785686,1006.6444115059915,0.5150181781685469,-1.3286935006416667,0.4199036800421762,12.61359500427052,0,1,0
2024-11-10,1.25626650668701,4.845161315261749,9.436604567435493,2.0,33.748813165331555,59.68386295090032,2.115038431004296,1009.1976567855365,-1.6591926757128388,-0.2835583967810259,1.0277000752953318,21.289216340046305,0,1,0
2024-11-11,2.0143416425648097,6.350016419016089,10.713668591623689,3.0,29.447856857688716,55.952796772524025,2.025397517728189,1009.4827188397506,-0.6097603911225901,-0.8274862160749589,0.7929461699395209,36.13064237176125,0,1,0
2024-11-12,1.5726290001877596,4.843237149439565,11.806067576898027,3.0,32.662596186302025,61.04144903392772,2.55167554457416,1010.4177153271575,-0.9662541562238103,0.7906701929692158,0.40218092622654544,48.82597982547715,0,1,0
2024-11-13,1.8732533269106026,5.460223969663158,12.768281259294982,3.0,31.26336394622498,57.876176418788724,3.1432829602036287,1007.8797403950833,-1.705541264953093,0.22927483783514138,0.4318681672168059,60.008366082952655,0,1,0
2024-11-14,0.2817765695506057,3.7276588966489537,10.587161854475484,2.0,32.20805866905263,53.503609428542624,3.185862456249542,1007.3546261663568,0.10528221062149826,-0.509255461903868,0.3202456152282972,34.66044170340227,0,1,0
2024-11-15,0.684210908241355,2.8392408047025492,10.76188622390637,2.0,28.0168843416592,54.44337878172943,1.7928035542238754,1006.0894709986312,-2.01854485944939,0.0580584644728152,0.2570851439024481,36.6910045849265,0,0,0
2024-11-16,0.8162122253069273,1.7821997030988737,8.498690179449014,1.0,30.993912594782493,54.1312280380185,2.3550048541536177,1006.3873301822711,-1.1899763694787038,-0.38193489712616685,0.5441313668058351,10.389224836306948,0,1,0
2024-11-17,1.90897073923533,3.409393872783598,9.151394411997334,1.0,32.3904127010855,56.60820699486982,1.1510858811641902,1008.1000865359146,-0.48347441461207624,1.2913968754999174,0.3063538081233784,17.974640605975218,0,1,0
2024-11-18,0.855203920604719,3.580386885146962,7.992256690037242,0.0,31.27023499288182,61.99744304231219,2.5327023491676632,1008.6389656495969,-0.7481572523559686,0.4375676120128307,0.846544453125323,4.503697540315659,0,1,0
2024-11-19,2.084631106395014,4.848805766235049,8.504258796244496,1.0,33.116314180555776,56.56083855752813,2.8257805146336445,1012.5660600337657,0.35676765198636096,0.5358587367331504,0.5858504336616832,10.453940631837758,0,1,0
2024-11-20,0.42380062590723355,3.3636356529069524,7.054806095241127,1.0,33.06942430863168,63.20943926145515,3.409768473887353,1005.8021685659586,0.275022172712232,-2.133533982426318,0.5467953434956854,-6.3909039812470505,0,1,0
2024-11-21,0.34366104681308285,2.852092779115316,7.116690572503605,1.0,30.016908223325753,58.29570730479936,1.395317330160266,1009.4525409231808,0.8044188713419111,-0.053430943063048665,0.33275221867974575,-5.67171224582388,0,1,0
2024-11-22,0.5226741548144558,1.2901358275347579,6.955153819076706,1.0,32.51248701050174,56.79363264869387,1.814355809366586,1007.5421339983061,0.6771453594414103,1.6665687672472274,0.004227064115963741,-7.549014974567407,0,0,1
2024-11-23,1.6166183178672022,2.4829535194947265,7.75555991163698,1.0,29.969169578515043,58.51769470840808,2.5536738436803375,1009.2499786367833,1.0267315104252428,1.0609032560293474,0.203979324581743,1.7529210232136276,0,1,0
2024-11-24,2.649353509877016,4.788645982558659,8.495942682278667,2.0,31.43451891625124,63.30079174627018,1.4961587426701863,1007.8529939625334,-0.001726560008148741,-1.4776716687362426,-0.0882050626098218,10.357294740983832,0,1,0
2024-11-25,3.992553769879228,8.258525597623432,11.633292531553176,3.0,32.27747684766525,53.332946676260235,2.5705190530657434,1010.7125107909337,0.27312021073500276,-0.2507406661468753,0.3510467073040085,46.81807105422988,0,1,0
2024-11-26,1.2289053067766602,7.870812586532891,10.777566731934822,2.0,30.189501194869766,64.53914388814387,2.84099328959724,1010.7013612440014,0.4603623317272722,-0.9612155727349772,-0.01080346932085871,36.8732359340493,0,1,0
2024-11-27,2.1553214619799403,7.376780538635813,12.50908756800753,3.0,32.46059395842472,61.52810252164847,1.6984191281831253,1008.6452366691097,0.12749102765192313,1.3688812482902963,-0.10128903592780529,56.996141226352215,0,1,0
2024-11-28,0.12217462320194136,3.5064013919585277,12.287601144396387,3.0,30.651399254021918,57.38005408587669,2.5467429845840437,1011.4392200391878,-0.3574748789253665,0.1954226258207268,-0.1896018438972685,54.42213216275539,1,1,0
2024-11-29,0.17236073971513213,2.4498568248969996,11.937287729297063,3.0,30.545920760257292,63.07250936101743,1.7398652015459293,1010.2170141409448,-0.2991982809057932,-0.6142364477851489,0.15988877846701338,50.35095754688672,0,1,0
2024-11-30,0.3354536371814007,0.62998900009846,10.656123048611262,3.0,32.34820867559018,54.93435793037617,3.2924472839179426,1011.3554246686209,-0.735802558496969,0.027326354832631208,-0.6865741348384105,35.4618756506748,0,1,0
2024-12-01,1.4079775230873952,1.9157918999839139,9.414747061821641,2.0,30.31425244016524,58.44400606551249,2.531314054846579,1008.9058686180381,0.3794551469188467,-2.085892423254787,0.07948918920723774,23.39456423290792,0,1,0
2024-12-02,1.3914127278250878,3.1348438880938696,6.8136060197675015,1.0,30.243044904213694,53.74342495443699,2.023287981990244,1010.6967533481491,-0.08461365667663999,-0.8679690427652613,-0.4773946426330295,-7.899643785282466,0,1,0
2024-12-03,2.6236158463739274,5.423006097286397,8.208316559364768,2.0,32.94223301736414,58.88887675493416,1.664441571190471,1007.6006420448417,-0.5968563755730883,0.029154980661047658,-0.8318373967174035,10.345975834894274,0,1,0
2024-12-04,0.16203522537111262,4.177063799570114,6.215030322755941,1.0,31.636594574016932,52.4827608676742,2.640816215488613,1007.4181293394211,-0.5960203373921334,0.676540294762658,-0.7163145210278485,-13.412160916487734,0,1,0
2024-12-05,0.41217328299473627,3.1978243547397622,6.505028982548736,1.0,29.448847267897413,54.42885888538862,3.222087700631913,1012.9072017537127,-1.0893588550045097,-1.5530512964778727,-0.9872958199163633,-8.8625545233469,0,1,0
2024-12-06,0.04066268284683497,0.6148711912126696,6.373330925680439,1.0,32.68251249106552,58.679777985094624,1.9444240538493485,1007.028946202326,0.8809572071134797,-0.30492424616194347,-0.45573875175706136,-9.541065899891121,0,1,0
2024-12-07,0.07203289600232857,0.5248688618438857,6.109910184501366,1.0,30.915372836181202,58.99189156900765,2.143539599727317,1008.1985254625738,0.07075590257860881,0.8077485908150575,-0.9213746352526299,-11.852650713592901,0,1,0
2024-12-08,0.3331749979650152,0.44587057681416453,5.035107659378986,1.0,29.520395885935976,52.16734725154547,1.9560419789455497,1005.5671033093686,-0.7765200176159431,-1.1611626594986177,-0.660240869026196,-25.177853302283438,0,0,0
2024-12-09,0.17146829488179074,0.5766761888491203,3.815163226435689,1.0,27.97437354569573,58.97189116111861,3.3406219420017513,1007.4609619828037,0.7276929746418165,0.18334626782733848,-0.4572925482197375,-40.302498375166635,0,1,0
2024-12-10,0.17411639592344544,0.6787596887702372,1.365663775985207,0.0,32.7493945771674,50.81211906188466,1.2621421179899155,1007.1938915859662,-0.5044039288149357,0.05277960248480277,-0.945004081918847,-70.67093876790047,0,1,0
2024-12-11,0.23380753544650157,0.5793922262517235,1.437436086060596,0.0,30.280729268765825,46.30679307347806,3.178682333050599,1007.7769923305649,-1.2658505643110094,1.371504256285282,-0.8777812861090863,-69.78111896411467,0,1,0
2024-12-12,1.5420853318974166,1.9500092632673494,2.567348134963276,0.0,29.743231881504123,51.19068790081737,2.181007546302188,1009.523306404325,0.9191000602972197,-0.18410895448931014,-1.1678508405783898,-55.772678709179225,0,0,0
2024-12-13,1.1838518042753807,2.9597446716192843,3.710537256391822,0.0,32.37977852386241,58.02182408264572,2.364357327450718,1009.9573792894987,-0.48338729060950175,-0.13728047870005622,-0.967754165138415,-41.599631768776824,0,1,0
2024-12-14,0.1355572345279119,2.861494370700695,3.7740615949174052,0.0,32.61272279615442,56.42088173736026,2.2029456095401567,1007.171258455938,-0.36800918118791054,0.6839678025317508,-0.2531281351659367,-40.81206878824738,0,1,0
2024-12-15,1.1561678923489047,2.475576931152183,4.597054489301295,0.0,30.382670363289545,53.149194637343776,2.551086928259752,1007.5621158162841,0.03706201831425974,-1.0610789344394758,-0.7253532267271803,-30.608755351233047,0,1,0
2024-12-16,0.189537599050801,1.4812627259276034,4.615123793470305,0.0,32.76231148477039,54.808524566971855,1.9694471464065997,1010.9338340144062,1.0283303005111035,-0.17670656524068692,-1.0063833272714708,-30.384735465662605,0,1,0
2024-12-17,0.059579838717395715,1.4052853301170871,4.500587236264256,0.0,34.36146465088041,54.41570371177928,3.0423562813230713,1012.0530431252141,0.018033561779680525,-0.3645800086724085,-1.1105858285896935,-31.80473848287544,0,1,0
2024-12-18,0.22406953556168233,0.4731869733298648,4.490849236379436,0.0,33.36994314068156,57.1330881039655,3.0667246250469264,1011.2441659468611,-1.0792054135307072,-0.11112945016408018,-0.9828302730713196,-31.925468401386837,0,1,0
2024-12-19,0.5991345741090628,0.8827839483881266,3.5478984785910823,0.0,33.15209449459776,48.277810939099744,1.8172809755044173,1006.020119586471,0.4894893037009622,0.6787251591702704,-0.9511675817536642,-43.61599720551146,0,1,0
2024-12-20,0.15703011440203488,0.9802342240727657,2.5210767887177363,0.0,31.92439533230757,53.95085583181164,2.807806578690887,1011.1244484577185,-0.43649075183555164,0.4433291880657385,-1.0969207728147128,-56.346342287707806,0,1,0
2024-12-21,0.7893422616204827,1.5455069501315661,3.1748618158103072,0.0,30.863409073581536,55.437053154480814,2.1934300832305915,1012.3201555431423,1.6991315743765196,-0.598945846822941,-0.8650502091487107,-48.24083664194364,0,1,0
2024-12-22,0.24321595322033468,1.189588329242838,2.261909876681737,0.0,31.406374087266567,48.54543786041534,2.4383064934073193,1005.9308068840809,-0.0010077497981011534,0.10935936266176996,-1.2382604301416504,-59.559445649901534,0,1,0
2024-12-23,0.6408740432114692,1.6734322580522722,2.713246320842406,0.0,32.10165280644989,48.48938062395199,3.3224169377810284,1010.9323766037232,-2.0115319481087997,1.1923532912804193,-1.2387437129183851,-53.96386002972881,0,1,0
2024-12-24,0.13337256827817962,1.0174625647099693,2.787039050403189,0.0,29.724097819205166,53.386827982439144,2.0029058986014765,1009.3889055085416,0.3216284749401066,-0.6650925590378443,-0.9027631731271146,-53.048991439465745,0,1,0
2024-12-25,0.4547173107704265,1.228963922260061,3.0176868256119334,0.0,30.40747989067298,53.935250328529676,2.963256063268216,1008.3946677241404,1.7501380130342057,0.11613342431761009,-1.2805665582949282,-50.18946305220473,0,1,0
2024-12-26,0.1634209959420482,0.7515108749906401,2.5819732474449193,0.0,29.48576436114641,55.16026359746425,2.6816015067418455,1009.174644727365,1.4183282596908506,-0.15452854155090287,-0.7961960375777447,-55.59135927407826,0,1,0
2024-12-27,0.34383051907903117,0.9619688257914916,2.768773652121915,0.0,31.813875832530005,52.45456165846953,2.290909515699935,1009.7813846267035,1.6478588598809087,-0.050404012669421565,-0.9690456029375913,-53.27544246351166,0,1,0
2024-12-28,2.081057670831008,2.588309185852073,4.06048906133244,1.0,31.600890052675776,51.19698432579344,2.627768539887758,1011.0671686956174,-0.9177841668433172,-1.3045260977995206,-1.4064987574098249,-37.260994123149146,0,1,0
2024-12-29,0.2820410438569398,2.7069292337669646,4.099314151969045,1.0,30.570822429665967,53.26370728989949,2.556373553360597,1010.9743417544347,0.8209371563791009,1.1286102834497636,-0.90326280614797,-36.77964784216778,0,1,0
2024-12-30,0.08956399751869717,2.4526627122066307,3.5480041062762733,1.0,32.63331344885366,54.971234689196194,1.7123144121076486,1006.2710464273907,-0.6497950857630406,-0.6194815207105466,-1.3301687789541081,-43.614687653039034,0,1,0
2024-12-31,0.4840612562635849,0.8556662976392077,3.898692794261679,1.0,30.022174049022393,60.30359940498412,2.0432920931986516,1007.815905547502,0.20186045947523204,0.8208575761228263,-0.7109816853502585,-39.26691426793694,0,0,0
2025-01-01,0.4923110805668409,1.0659363343491088,3.936286564058093,1.0,30.53419665492694,45.820613477647285,1.7728650970364221,1009.1683807496081,-1.1456571858657592,-0.49710128643800894,-0.9192121474969613,-39.00243259129263,0,1,1
2025-01-02,0.48917114021239066,1.4655434770428022,4.262036708328435,1.0,32.592702370052585,58.58141636881346,2.234045265118653,1011.8299565384374,-0.5800101883944446,-0.5004037215166082,-0.36432940342400294,-34.81315360801672,0,1,0
2025-01-03,0.7485846257679045,1.7300668465471218,4.666790815017309,1.0,32.80030738335167,55.23865720702867,3.207037705652799,1004.0904780725028,-0.6086220276272538,0.9704986003723735,-0.5267870161454284,-29.636343456676883,0,1,0
2025-01-04,0.26720848381780377,1.5049642497980846,2.852941628004105,0.0,30.385948607382694,56.54099242136834,2.7486332089877354,1007.9004590807705,0.8086997521283547,0.7951076827823395,-1.0248512380772674,-52.19155882696018,1,1,0
2025-01-05,0.816468510264251,1.832261619849945,3.387369094411416,0.0,31.824824937815613,58.67345004314523,1.5404630815117066,1006.2497595995166,0.7206472095026899,0.16693271917118632,-1.2275818792259554,-45.39386181793177,0,1,0
2025-01-06,0.43618011202136225,1.5198571061034027,3.7339852089140813,0.0,30.409635154084434,51.80057213262484,2.235995915764277,1006.5350832073989,0.2491377563977387,0.6089204398450558,-0.8716619825100085,-40.94376305643825,0,1,0
2025-01-07,0.08202343035826205,1.3346720526438611,3.3319473830087585,0.0,31.22368994416685,58.410990250740575,2.5401914445634515,1010.7742859837703,-1.215379276249847,-0.23084222420512,-0.9465839412058304,-45.85166454726295,0,0,0
2025-01-08,0.9212790581006353,1.4394826004802455,3.760915360542553,0.0,31.701337642987266,51.63096325043534,2.8464696161955954,1008.042568744676,-0.280475490554748,-0.006694102175111936,-0.14123867376764182,-40.48966452919045,0,1,0
2025-01-09,0.5308215905549949,1.534124079013878,3.8025658108851568,0.0,32.28447796951738,56.12359939987855,2.009556305261058,1004.799306457534,-0.6715048346484535,-0.5292995139710553,-0.5548115693426554,-39.969043580340774,0,1,0
2025-01-10,0.7785571200595288,2.2306577687151448,3.832538305176781,0.0,31.94454791006543,55.35082949406506,1.6575574337533312,1008.7147725215543,0.7827081810250419,0.7232519594402078,-0.271733928302867,-39.594394367927926,0,1,0
2025-01-11,0.09749295582958432,1.406871666444094,3.6628227771885618,0.0,31.882392567931415,55.86624034493551,2.366210785747219,1012.6645098912026,1.0603663675354662,-0.5547306649338819,-0.52764356770408,-41.7157990223542,0,1,1
2025-01-12,0.9695259923597337,1.8455760682488327,3.8158802592840444,0.0,29.990067619225268,51.91611503816666,2.7414343306307147,1005.7479186576904,0.9507470274277948,1.1881250759502824,-0.45119168584060065,-39.80261606991003,0,1,0
2025-01-13,2.522710260445652,3.589729208634956,5.902410407708334,1.0,32.04355258620557,57.84009788768657,2.540924419991787,1009.9592500878219,-0.6796974774753185,-0.2526673346558595,-0.3630669314721624,-13.721474167707187,0,1,0
2025-01-14,0.08697617908917005,3.579212431894542,5.907363156439242,1.0,32.271456782849896,63.280841483714845,1.8692100396869273,1011.8218296732381,-2.4655798100605315,0.01640685121306747,-0.02581558820417751,-13.659565959692884,0,1,0
2025-01-15,1.0899498301579738,3.699636269692782,6.076033928496582,1.0,32.46447363329706,52.68492585373272,3.452787810100056,1008.9110019885541,-1.5902657083170488,0.6069824165234675,-0.17115122206717082,-11.551220511579556,0,1,0
2025-01-16,0.5330121658618555,1.7099381751089853,6.078224503803441,1.0,30.492637039915834,56.61074006140633,2.3407272040757556,1012.4703633874911,1.2794642802739875,0.019091536951665614,-0.45922936696508965,-11.523838829379175,0,1,0
2025-01-17,0.4408725973777705,2.0638345933975857,5.740539981121683,1.0,32.781785154392125,61.087462649460306,2.516242692053079,1007.8123033378426,-0.36112944538784153,-0.2383266514282482,0.2654955091912384,-15.744816877978963,0,1,0
2025-01-18,0.979260346682614,1.9531451099222257,6.6223073719747125,1.0,29.655836484687523,55.41791442649275,2.0028360869785686,1011.6026548808768,-0.6756521564386012,-0.024018758246777176,-0.15814162120464495,-4.722929433438402,0,1,0
2025-01-19,0.8886032336000708,2.3087361776604407,6.541384613215049,1.0,30.89681987551341,62.0834020473032,3.063921327030596,1011.1778498107377,1.4783942640926107,0.7150546828460671,-0.14336041243583553,-5.734445109798201,0,1,0
2025-01-20,1.327858471323078,3.1957220516057485,5.346532824092476,0.0,31.114238575963245,53.57820708497643,2.7431246635425133,1008.9414039902127,1.1386439509394943,-0.5302817777093644,-0.6813083766059498,-20.669814765367565,0,1,0
2025-01-21,0.1031480628256746,2.3196097677488092,5.36270470782898,0.0,29.732592603670458,57.13539193244229,2.5888145855082096,1006.3229953322309,0.022003849727807986,-0.10098960581861183,0.24013574122852227,-20.46766997734415,0,1,0
2025-01-22,1.3708294295076133,2.8018359636563517,5.643584307178621,0.0,31.092969875068352,53.43262787825203,1.7090236340246787,1007.196848947105,-0.2640627819575765,0.008229381869980287,0.16200530871686009,-16.95674026774754,0,1,0
2025-01-23,0.6348834394705722,2.108860931803846,5.745455580787336,0.0,31.8100385712578,58.047912576267386,3.0564346639828286,1004.7804260540823,-0.11889109153181271,0.6916681564221251,0.21652790232882538,-15.683373024646121,0,1,1
2025-01-24,0.042953272751924315,2.048666141730096,5.347536256161491,0.0,28.943884236608408,57.3749322215446,2.85415831179804,1010.0694326796968,0.20444651854871945,-0.07987629909714926,0.14504361895302098,-20.657272097723407,0,1,0
2025-01-25,0.28499345997504655,0.9628301721975289,4.653269369453923,0.0,30.947401553895894,59.93231220484021,3.008976566535388,1009.853703728489,1.4400425531876473,1.4466392755949777,0.1553903333178301,-29.33544681947135,0,1,0
2025-01-26,0.5449575343835267,0.8729042671104833,4.30962367023738,0.0,29.052203986006422,55.1037109555509,2.422234142625961,1009.14255422549,0.38022068181350405,-0.1252308621720761,0.25932149002956584,-33.63093818925426,0,1,0
2025-01-27,0.2780292482303203,1.1079802425888794,3.259794447144621,0.0,34.3581195892188,55.56960727403564,2.355099829697888,1008.7790778881633,0.6534261297352272,-0.19014691072422396,0.5189433520287072,-46.75355947571832,0,1,0
2025-01-28,0.3871855798029604,1.2101723624167933,3.543831964121907,0.0,31.797452994882654,60.383012701818444,2.2907607989635905,1011.4436279561891,1.0523430981631543,-0.1368256972941854,0.613125135220939,-43.20315652974203,0,1,0
2025-01-29,0.23562434299307758,0.9008391710263441,2.408626877607371,0.0,31.676126288538487,63.699947095787905,3.7674152945983828,1009.5359995142707,-1.0527084009219771,-1.0533131429264082,0.4443814973293942,-57.392956265847964,0,1,0
2025-01-30,3.5812156212993065,4.20402554409533,5.354959059436105,1.0,31.824868067497874,61.48281752291606,2.0745487672585443,1008.0016015290051,0.6793757032266386,-0.829381477406948,0.7866180560903837,-20.564488782004943,0,1,0
2025-01-31,0.8283584440995658,4.645198408391936,6.140364230783748,1.0,32.34629417401624,65.82785346853284,1.6882696219578208,1009.2649736776575,-0.26511187919545026,-0.42453351179127463,0.5751892327688392,-10.747106684693216,0,1,0
2025-02-01,0.4816073704055624,4.8911814358044206,6.336978141214263,1.0,32.86845278745126,60.50913038938838,2.1765053491753,1012.6844763385521,-2.2644856761954895,0.9086638790801038,0.5125895289546958,-8.292462101497868,0,1,0
2025-02-02,0.12928792034286554,1.4392537348479795,5.9213085271736015,1.0,29.310060497342395,60.90858000442878,2.0805828514361924,1010.1188675420894,-1.9153525877872308,-0.026500847489608098,0.7299927595589871,-13.492758628835382,0,1,0
2025-02-03,1.330836180804653,1.9417314715530667,6.974115459747933,1.0,33.333284634080385,60.67406212474093,3.156367150605968,1008.297114354516,-0.9163058503668171,-0.38771535169256527,0.3801855679789661,-0.3465729938326271,0,1,0
2025-02-04,0.7341815014930178,2.194305602640522,7.321111381437992,1.0,33.24319140930708,64.99819297185078,1.5868636095525803,1008.9189167421274,0.4781009057333233,0.9812277964852764,0.8156333066481214,3.981528926438055,0,1,0
2025-02-05,0.1481789333045237,2.21319661560218,7.233665971749438,1.0,31.406150742482364,62.974188298706345,2.0636845399027854,1009.8330488618009,0.1024196088062668,1.2409417063138086,0.4069925408495073,2.8819172375987163,0,1,0
2025-02-06,0.14957006622784916,1.031930501025376,3.8020204166779803,0.0,31.332815830726446,54.087526722228105,2.5147729472657345,1008.2410122751614,0.16593003645809762,1.0043059687262084,0.5682451890197391,-39.99861935330455,0,1,0
2025-02-07,0.3971216453846906,0.694870644917049,3.370783617963105,0.0,27.155170882409223,61.085246111884736,3.1614347615032963,1008.0817869777543,1.755849134418023,-0.6824719977881262,0.35059675173224525,-45.39340524896167,0,1,0
2025-02-08,0.48647682940207143,1.0331685410145968,3.375653076959614,0.0,29.7574483706007,60.16521269908741,2.8283384326807033,1008.9785875935285,-1.142180653373831,-0.3961988961549246,0.8389439975118183,-45.332568429452614,0,1,0
2025-02-09,0.8109039484753391,1.6945024232620867,4.057269105092088,0.0,32.225424984451344,59.50494046794866,3.371869459091746,1011.7333293477021,-0.024690018765351235,1.4509888562517752,1.309861539756212,-36.816765892106204,0,1,0
2025-02-10,0.4249514237284078,1.722332201605804,3.1513843480158426,0.0,33.17990045051677,52.16499447649079,2.6079347891951103,1010.4227248640696,0.273991970532434,0.19291175360001767,0.9001137664826557,-48.13448055029794,0,1,0
2025-02-11,0.8736389897839199,2.109494361987652,3.2908418363067446,0.0,32.51940768864644,53.61913645618491,2.278287360675598,1008.261815189745,-0.662645804884502,-0.21410165191686287,1.109341366044876,-46.392161732042666,0,1,0
2025-02-12,0.27833622832130583,1.576926641833619,3.420999131323527,0.0,31.393034905593318,59.43020539748378,2.9137929656257335,1010.563190409481,0.02549407057464687,0.5746783690646698,1.5526590383289365,-44.766035324489,0,0,0
2025-02-13,0.4261159930013279,1.578091211106539,3.6975450580970057,0.0,34.19525777847875,53.844944983313155,1.5801624892095678,1009.0143992816872,-1.4399544006759104,0.8058392538864899,1.078753733975318,-41.3109955253769,0,0,0
2025-02-14,1.372077718956886,2.076529940279505,4.672501131669201,0.0,32.90628177659692,57.622846980795,1.3745280341758421,1009.6192261661556,1.268915595547525,-0.45715965674261155,0.7965790294787338,-29.130335061926388,0,1,0
2025-02-15,0.9089389930185374,2.707132704976737,5.094963295285667,0.0,30.947679011440055,61.959001503437314,2.9862172054712146,1009.4554900189888,-0.6134530972773904,0.1755519668959452,0.8380839241102611,-23.85228375976606,0,1,0
2025-02-16,0.45252930100011984,2.7335460129755287,4.736588647810447,0.0,34.5539909104177,57.18051273071468,2.526799144306747,1005.2005045845268,1.8282601483006526,0.7412480553736468,0.999164536970189,-28.329654605419012,0,1,0
2025-02-17,0.6137473891653628,1.9752156831840053,4.925384613247402,0.0,29.964401869093685,59.44457132659244,2.978861335589115,1003.5135823498346,-0.029226891525709543,-0.9282297167678826,0.8417176933894642,-25.97092315669739,0,1,0
2025-02-18,0.42806722671222264,1.4943439168776904,4.479812850175706,0.0,29.438459688930486,54.8723076727389,1.8890355859137333,1009.4068856978298,0.9252482088592648,0.009876365940911853,0.8582755294965327,-31.53769534797341,0,1,1
2025-02-19,0.07317838615387907,1.1149930020314498,4.274655008008279,0.0,30.909488455709432,61.29871545269529,3.1713293311870787,1007.463816858268,-0.04797258209203894,-0.8915117224405723,1.2388878522792548,-34.10084468833244,0,1,0
2025-02-20,1.773150324602639,2.274395937468726,5.62168933960959,0.0,30.436939748454105,62.14103781641986,2.8026743750501564,1006.0482944787807,-0.027669449034476837,-0.7868643975414488,1.2408278273711073,-17.271606663557375,0,1,0
2025-02-21,0.16136469518947294,2.007693405945976,4.410976315842177,0.0,30.988131737401265,52.71779683379836,2.3817868198130276,1007.5193503604731,-0.525626399899807,-0.4504800619842433,0.5612428718964372,-32.39770789102597,0,1,0
2025-02-22,0.30288067291519793,2.2373956927072953,3.8049179957388373,0.0,32.61636297264449,55.88412809321777,2.5248677987976627,1010.6633236920248,0.10721153642964987,0.38169563030357634,0.7540986389983557,-39.96952657941054,0,1,0
2025-02-23,3.1240298564382347,3.5882752245428913,6.476418551176952,1.0,31.451464597436374,54.00113796287492,2.6086157850844325,1009.6430533766572,0.2861988249726427,-0.25761810291050774,0.8253569401562029,-6.593006266568466,0,1,0
2025-02-24,0.12245915319654722,3.549369682549965,5.985130315208137,1.0,31.487420523015224,61.72064240188702,1.886419746824542,1010.3881373054504,-0.7058326580236619,-0.5187344999747249,1.070942613000711,-12.730939404517743,0,1,0
2025-02-25,0.4031155852273965,3.6496045948621636,5.960178673723311,1.0,31.58137674037539,60.62222598904236,2.169450317891526,1009.8145391442328,-0.1125399742738958,0.0412436506599674,1.183909225894324,-13.04267393407335,0,1,0
2025-02-26,1.4476651606092432,1.9732398990331723,7.334665448178676,1.0,28.261780307518222,60.67715685390284,2.5991324571895214,1007.3450695666573,-0.5490889794514023,-0.9175701826131437,1.5478309394925303,4.129542502100614,0,1,0
2025-02-27,0.7247361457066065,2.5755168915432316,6.286251269282642,1.0,29.37767128659763,58.311869397658946,2.1453786990730737,1010.3967478558686,2.069697662653355,0.34304257426712814,0.7274275472441548,-8.968870323217514,0,1,0
2025-02-28,1.3410845063094898,3.513485812625325,7.465971080402659,1.0,30.959600226081733,60.06981046223778,1.5188077240094233,1010.0532985379537,-0.08075769292045668,0.9051094095666481,0.7088168153574343,5.770015715625979,0,1,0
2025-03-01,0.36156608989194333,2.427386741908025,7.524656497379405,1.0,30.304514239435193,60.78969251186024,2.5842596580938038,1008.7720456363359,1.3907089365269034,-0.06336323279040926,0.92628678105125,6.343907351872974,0,1,0
2025-03-02,1.2427384715191963,2.9453890677206145,5.643365112460366,0.0,31.16011207931746,56.5517126978342,2.908946903726838,1009.089427940858,-0.1760600977269195,-0.16211919464016666,0.5725812327607478,-17.089460606241865,0,1,0
2025-03-03,0.4420510925668648,2.0463556539779897,5.962957051830683,0.0,33.45039429277335,56.234164987035484,3.048447176724741,1010.4099541434485,0.23335887738141717,0.2987522825724555,0.6695930445322603,-13.23668484517713,0,1,0
2025-03-04,0.31806798685854715,2.0028575509445936,5.877909453461834,0.0,31.38038526497155,58.26808187981114,2.7267127374935693,1007.6345068331356,-1.1892276644807425,-1.622775535065236,0.5605972275088467,-14.400555109534183,0,1,0
2025-03-05,0.2877834525329462,1.0479025319583435,4.718027745385537,0.0,29.633579056509845,56.2596714055657,2.898310749884442,1010.9417049383842,-0.40236533268107816,0.42945396527829394,-0.03358343744875014,-28.890019542416105,0,1,0
2025-03-06,0.85840401612541,1.4642554555168887,4.85169561580434,0.0,30.374274859151484,66.86578075122841,2.9998318413104226,1010.0006847377836,0.1894812037103221,2.481508642995891,0.6081929039378572,-27.34229594394329,0,1,0
2025-03-07,0.84948407831487,1.9956715469732114,4.360095187809721,0.0,33.87942083391118,56.78090919425923,2.4551198898014217,1008.9875798154866,1.4274034478638802,-0.09814097689177631,0.4855673170228251,-33.54653287207604,0,1,0
2025-03-08,0.4553432762969519,2.1632313707372175,4.453872374214729,0.0,33.63010612136465,60.26397915537521,1.135976389971332,1011.7397411296265,0.19978449990864405,-0.09530002697306457,0.8010993262924815,-32.38390068817617,0,1,0
2025-03-09,0.6928782960412747,1.997705650653082,3.9040121987368077,0.0,32.31884297123046,60.054542833009705,3.103195129375492,1006.6537187784459,1.2453483250736992,0.5948856000797468,0.4353069154762457,-39.20096527672648,0,1,0
2025-03-10,0.11907287304505157,1.2672944453832635,3.5810339792149946,0.0,29.297138262348565,62.87854484083348,1.8713354242648597,1008.1551830111533,0.5766561991826282,1.3162661345583697,0.06955123487608711,-43.20518940745476,0,1,0
2025-03-11,0.3673337829565358,1.1792849520428474,3.6302997753129835,0.0,31.914141470467836,54.524917843231925,1.7288002700838225,1007.7554641633336,1.4646612055182173,0.779974275547308,0.26683464761199055,-42.5944011944069,0,1,0
2025-03-12,0.1268480626395036,0.6132547186410764,3.469364385419541,0.0,32.02179050013301,61.850379571251835,1.7452819273807523,1009.6280794849503,-0.05313799557454989,-1.7244855028668404,-0.24431253460053487,-44.589648343436295,0,1,0
2025-03-13,0.12096824750258504,0.6151500930986098,2.731928616796716,0.0,31.52037085306836,56.31790806870674,3.8980731586220436,1011.111859118598,2.1512004395866238,0.4507190701301975,-0.07803169007855437,-53.732240385566996,0,1,0
2025-03-14,0.6325874257866345,0.8804037359287085,2.51503196426848,0.0,30.686599083468924,67.9307518098207,2.671655011177052,1007.214076111168,-0.4368565826227107,2.05754411619334,0.32912052001943926,-56.421284901366285,0,1,0
2025-03-15,0.48039422981834307,1.2339499031075478,2.540082917789871,0.0,30.976931099904384,58.686553137723905,1.7823565544068343,1014.9334121224442,-0.6898156507779021,0.4979528374075721,0.05342986785312464,-56.110707820544484,0,1,0
2025-03-16,0.2789926961929058,1.3919743517978687,2.1261973179415024,0.0,30.589013691260124,52.91324638119196,1.9972765399014203,1007.7905542673773,-1.0890475647201308,-0.9236815306173997,0.29055732296357256,-61.24198481107188,0,1,0
2025-03-17,0.3481767532943163,1.1075636793055506,2.355301198190767,0.0,29.881511019619392,55.09565380871236,2.4068914138950643,1009.6327458523514,2.097922204402263,0.2254636995348912,-0.4873124367610367,-58.40159734749671,0,1,0
2025-03-18,0.6835985725935527,1.3107680220807603,2.671565987827784,0.0,33.396997530977565,62.16830209538654,2.7327686659942674,1008.9883509459331,0.7375028153561078,-1.0245498010728535,-0.11173797004518873,-54.48060507675099,0,1,0
2025-03-19,0.8742408421978635,1.906016168085718,3.418958767386144,0.0,32.7198538743636,56.86529359209101,2.5749018021297534,1009.0665973258059,-0.30070866004227764,0.9862429514150878,-0.2253762466961585,-45.21456785767607,0,1,0
2025-03-20,0.752515351443424,2.3103547662348256,4.050505871326983,0.0,31.085713341705393,57.05761079965789,1.8501625347537538,1007.5571749294604,1.1241204271861456,-0.7647060704223404,0.07741713554392385,-37.38476386335231,1,1,0
2025-03-21,0.039395179848230426,1.6661513734895033,3.457313625388579,0.0,31.977664193036905,59.85880140017186,2.59761432557742,1010.9050992555626,0.6189229666060038,0.059394907753618435,-0.04790273859414615,-44.739051433777924,0,0,0
2025-03-22,0.007533932488559562,0.7994444637801993,2.9844533280587955,0.0,32.03019580786877,55.44904875318732,2.0406137135958864,1007.4464573430528,1.7695147242380314,-0.6862240015934782,-0.10941203013158204,-50.60148579803507,0,1,0
2025-03-23,0.18168357790619633,0.22861269024297165,2.887144209772086,0.0,34.76465154262851,56.41545900540042,3.0354754117989637,1005.7994432500989,-1.3930495494659203,-0.4371584460383928,0.06232884693826851,-51.80790621907904,0,1,0
2025-03-24,1.6083910516176487,1.7976085620123898,4.147358508095419,0.0,32.70621071460401,52.156128289908345,2.4411043607413245,1006.9639202234071,-0.2388240974828291,1.188920516688396,-0.46709730462078014,-36.1840028156042,0,1,0
2025-03-25,0.3357703909853026,2.125845020509133,3.7995303264871683,0.0,32.65329202754137,63.787353114075984,1.9517259406772574,1011.5850837161609,-0.4162692455485429,0.08276573191495784,-0.092199840390427,-40.49631217257937,0,1,0
2025-03-26,0.08113360429338952,2.0252950468963262,3.0064230885826944,0.0,31.537787979619093,50.37062016271678,2.820698875124665,1011.2343619394743,-1.7763144087677414,-0.44736197898057606,-0.7366017245918328,-50.32910877717477,0,0,0
2025-03-27,0.33155588518394186,0.7484598804626192,2.5854636223232124,0.0,30.87642101954778,55.79573025037169,2.637273381241478,1005.3704913721012,0.9542944843017247,-0.9161823767093783,-0.793882391947504,-55.54808625296357,0,1,0
2025-03-28,0.02385399253342072,0.43654348201073745,2.5699224350084027,0.0,33.420408915048284,58.06717465542241,2.1224069796689577,1010.4482288783935,-0.2433569002230226,-1.497361189119549,-0.38197325123672615,-55.74076301413423,0,1,0
2025-03-29,0.08410868803916627,0.43951856575651416,2.646497190559009,0.0,32.39779552591468,54.570258316202995,2.845381631903567,1005.4160363389246,0.665668084487906,-1.0010245068181494,-0.9910827181238594,-54.79140338104711,0,1,0
2025-03-30,0.305006591108448,0.4129692716810204,2.769820203761261,0.0,30.323255825645866,50.80075235420476,2.784796665558846,1008.9345054687523,2.1237947408966504,0.08956739315550234,-0.5145464220089757,-53.26246751017108,0,1,0
2025-03-31,0.2512182385677758,0.6403335177153755,1.412647390711388,0.0,32.1200277373978,51.42446274702429,3.128419718416168,1006.8095627940825,-0.31791932264484746,0.7841870149781309,-0.6732202933270699,-70.08844461670365,0,1,0
2025-04-01,0.5531289133936882,1.1093537430698972,1.6300059131197737,0.0,32.53123782242372,58.857650567849305,2.893274881848667,1010.4522252993603,-0.37903768439143964,-0.4482811939377609,-0.46924071253864585,-64.06829830092417,0,1,0
2025-04-02,1.4139253607398092,2.2182725127012586,2.962797669566193,0.0,28.424733959824575,52.85005380793637,2.338823634313621,1009.8472081602259,0.10679775275159642,1.2564348805752117,-0.7884454533793837,-49.473736849740625,0,1,0
2025-04-03,1.4726906549665981,3.4397449291000806,4.103932439348849,0.0,30.067555789016048,47.66870128413164,1.4528738569166797,1010.6120611983241,0.8885226176850687,-0.5740003377825815,-0.7935658006735751,-37.1065210422806,0,1,0
2025-04-04,0.967217550664624,3.853833566371017,5.047295997480052,0.0,31.86676805509045,57.709189266095294,2.5791797194629837,1008.3173868742928,-0.510041722779135,-0.19040937830390345,-0.7117634803322216,-27.037707470991585,0,1,0
2025-04-05,1.9253140449135928,4.3652222505448,6.88850135435448,0.0,28.664651473274322,51.86656635303195,2.672274297614766,1008.5044264428959,-0.5678654374189176,-0.8636613762698016,-1.0336547211657499,-6.534606822592195,0,1,0
2025-04-06,0.4155626860617677,3.3080942816399697,6.9990574493077995,0.0,28.886313666395168,57.78861623031035,2.497909927667794,1006.1501761140917,0.9514703432172293,0.7926093876542848,-1.0707782158960388,-6.14428244942444,0,1,0
2025-04-07,2.5455815894200007,4.886458320395347,9.293420800160025,1.0,30.980250862082617,55.13646364420784,0.6606671212018032,1006.9939462562376,0.340775391454232,1.6780084912356543,-0.7990943354657851,19.625203220334466,0,1,1
2025-04-08,1.035994314901093,3.997138590382847,9.776286201667428,1.0,32.0470592613675,54.57726781196796,2.874489737567391,1010.5561787169813,-1.8402554367043387,-1.4094535687489582,-0.9456670198985101,25.236833494158844,0,1,0
2025-04-09,1.9892368636233215,5.570812767944401,10.351597704550942,1.0,32.11179448829615,55.50483356485985,1.9199616077376371,1009.509895469099,-1.1028526195221973,-0.2769296549077586,-1.0579215371911586,31.92282805161116,0,0,0
2025-04-10,0.4091781123309894,3.434409290855389,9.288085161915333,1.0,33.574256672402626,50.90774403693147,2.878625449481512,1009.0366215256604,1.3511122774444893,1.0118238776400281,-0.9915869274385825,19.563194989861515,0,1,0
2025-04-11,0.712679720347409,3.1110946963017048,9.033547331598117,1.0,31.47406674167988,53.17873966540587,3.4876025976504894,1011.1206233025486,0.3617354547709313,-1.157556417140481,-0.5840530639892542,16.605078318046573,0,1,0
2025-04-12,4.689312448984594,5.811170281662977,11.797545735669118,2.0,30.83718330378985,54.14544508530727,2.31551321398061,1006.5085626003579,-0.6859763379335242,0.4533471255768691,-1.1022173581774104,48.72694307097044,0,1,0
2025-04-13,0.9751863125732732,6.37717848190526,12.357169362180624,2.0,29.528593878017233,50.57536749645071,2.73028218204423,1010.145084752071,-0.15336869151148394,0.9771777601660565,-1.1151781920945838,55.23062064794259,0,1,0
2025-04-14,1.7936018543941497,7.458100615952001,11.605189627154772,1.0,30.82041863563673,57.229285380134776,2.486858434331965,1006.726336620001,0.011913005521503183,0.06258305148546973,-1.426667973392497,46.49147256816698,0,1,0
2025-04-15,1.92480807712161,4.693596244089018,12.494003389375289,1.0,32.34943832983,54.18630937882293,2.782541910467002,1011.5089915012942,0.6621600242521474,0.4402104567521061,-1.0099437499976602,56.82084013166991,0,1,0
2025-04-16,1.9649810594379524,5.683390990953697,12.469747585189921,1.0,32.412708383516545,50.063939272876965,2.5292588253479464,1009.8288720452438,-1.2224370553729105,1.408721908902086,-0.8315995985155415,56.53895080048643,0,1,0
2025-04-17,2.1931985039706134,6.082987640530161,14.253767976829543,2.0,31.72936390805447,53.7541608138206,2.157003575854076,1010.5849209835086,-0.7568542248034122,1.5587412432809173,-0.7801631787170946,77.27198076617022,0,1,0
2025-04-18,0.439448100499141,4.597627663907692,13.980536356981276,2.0,32.124858208047186,55.96424944023544,1.924226431864703,1007.5858543594545,0.24566017937704998,-0.04957377042758641,-0.9524981980886547,74.09661383178216,0,1,0
2025-04-19,0.29796262604886425,2.930609230518604,9.589186534045547,1.0,33.145834281339006,54.33654395393117,3.4214711946495955,1012.7765953397395,-0.08985112244590529,-0.4259022794393865,-0.7279115631162901,23.062450828157605,0,1,0
2025-04-20,0.1881215370557802,0.9255322636037704,8.802121758528054,1.0,31.464277879002523,57.61895743453169,2.730323553388828,1012.4462227381747,0.514673264373039,-0.7359840888589573,-0.7683963147282078,13.915561222965977,0,1,0
2025-04-21,1.5435152042482376,2.029599367352867,8.552035108382142,1.0,33.27314367148491,58.600916931188685,2.9655007137211364,1009.623500771164,-1.106556657623638,0.78157132034297,-0.6543652570525252,11.009174033788566,0,1,0
2025-04-22,0.6936294690561856,2.425266210360188,7.320856500316718,1.0,30.341591723615498,65.88486481360897,2.706629504248361,1010.9642896178211,0.321415808644189,-1.0974204462327746,-0.6650483863891724,-3.2989936832123035,0,1,0
2025-04-23,0.9262614342626179,3.163406107567026,6.282136875141383,1.0,31.256289836277894,61.307413108828015,3.052652630984645,1008.3054223085472,0.982425257439725,-0.20205923039296192,-0.4943393489537323,-15.370495340719334,0,1,0
2025-04-24,0.16539166209599138,1.7852825654147797,4.254330033266761,0.0,30.685730776829992,49.139626799294696,1.9296113931984915,1006.5655523161844,0.4381366924343551,0.08215181676357276,-0.9022305996085598,-38.93669459170741,0,1,0
2025-04-25,0.33449558801269974,1.4261486843712938,4.14937752078032,0.0,32.46868448306919,53.59502427388168,2.5171006292367437,1010.2812414658673,0.1252005657854327,-0.40240201017500365,-1.161892184757229,-40.15640239132249,0,1,0
2025-04-26,1.9381839558173852,2.4380712059260614,5.789598850548841,0.0,29.938619073406553,55.29422727870627,2.770483431330164,1007.1940603758514,-0.0862952423093738,0.22385621201529912,-0.6319568909085225,-21.094536204249266,0,1,0
2025-04-27,1.3739049945083608,3.6465845383384305,6.9753823080014214,0.0,30.908425632929692,58.820855358983735,3.2427935200273197,1011.207214793783,-0.7513660374943516,2.0516106546342066,-0.5680452025937054,-7.313929171175232,0,1,0
2025-04-28,0.9585770909773966,4.270666041303127,6.390444194730581,0.0,28.755350211482867,53.372273703408695,4.071037422255303,1010.7349631833478,-0.06479873319580963,-0.09727887227723395,-0.3336266758215641,-14.111799580811601,0,1,0
2025-04-29,0.5137183077095365,2.8462003931952795,6.210533033383931,0.0,32.191023818432384,54.899415000055,2.7117029357804108,1009.2722193052194,1.1337352675923653,-0.3483245019419117,-0.36650440756843516,-16.202640872111456,0,1,0
2025-04-30,0.3889192757108843,1.8612146743978026,5.673190874832198,0.0,33.10440368465026,52.5654345125103,2.07053131846361,1009.1715511231174,-0.10712565594011271,0.8122654595054822,-0.1590410638487434,-22.447373907275523,0,1,0
2025-05-01,14.285984519400571,15.188622102820977,19.793783732136777,1.0,32.03136539585023,58.43085108101008,2.0367216412983224,1009.9839774104216,-0.8008235904135691,0.19166691531641755,-0.44703637259597134,105.6601467630527,0,1,0
2025-05-02,17.036981569744146,31.711885364855586,36.49626971386822,2.0,31.89405292288778,58.448816809681595,2.2112186531473825,1008.6974733816057,-0.4430223798888477,1.151468616969101,-0.4995303631104542,251.66570560358386,0,0,0
2025-05-03,4.552955549967013,35.875921639111716,39.111041308017846,3.0,31.93153481840202,58.565496492569125,2.2896358267154007,1007.4752270308937,0.18076526754833713,0.13175009585577474,-0.8559940649885396,271.7415657719588,0,0,0
2025-05-04,4.024509493695923,25.61444661340707,41.76164580720541,4.0,31.7359456238412,56.251037628715196,1.0134580339277095,1005.4771451368445,-0.3361625974627622,-0.19873856637682663,-0.3841665320287254,292.1377353113097,0,0,0
2025-05-05,11.193829684418011,19.77129472808093,51.996898400646025,5.0,31.616528135538605,64.5122683041568,2.3487144860831055,1009.9292776529834,0.43677295475682665,-1.4269799104756444,-0.5493358239651251,380.33286944960014,0,0,0
2025-05-06,1.6250188583567562,16.843358036470672,53.108198951293254,5.0,31.70685310471017,63.07865295715502,3.184151914121888,1008.8628483407065,0.47055938467412733,-1.2957877550493921,-0.3070829602578255,386.9692425399674,0,0,0
2025-05-07,1.916099685574788,14.734948228349538,54.63537936115715,5.0,29.83841928215951,55.427255959256385,2.7993473368318815,1013.1634462785222,0.8000848623641834,-1.4685589523416822,-0.29397194254074105,397.3231544669495,0,0,0
2025-05-08,8.098712939499606,11.639831483431132,48.448107781256184,5.0,30.476103443102307,61.7205029678566,2.598932733136669,1008.0306180583347,1.2812035250385296,0.3034713330273917,-0.13635747811165858,342.01530081351746,0,0,0
2025-05-09,1.973531221833704,11.988343846908082,33.384657433345744,4.0,30.85471482902201,55.135161531551525,1.7809359028757665,1008.7469230355836,0.8962728519351247,-1.0897995838939678,-0.22452954237772813,207.36352472786095,0,0,0
2025-05-10,5.8773570842221226,15.949601245555414,34.70905896760085,4.0,30.286387069850775,67.54720262475595,3.3843534810701823,1008.7891645429546,-0.840815157733164,1.0044618927355065,0.08826992567335368,219.20231429593335,0,0,0
2025-05-11,0.15221274002883597,8.003101046084645,30.836762213933767,3.0,28.563540773581316,66.48615578766805,3.061195467871241,1009.3746195844593,-0.8131810019186451,0.024197251884762985,-0.7711130445697973,184.58795813122347,0,0,0
2025-05-12,14.74136387211551,20.770933696366452,34.38429640163126,3.0,29.02736168237858,61.766088957459985,2.7463485065569304,1006.4628760725219,-0.06819432881384198,-0.19534953528133508,0.012613290619251823,216.299270484327,0,0,0
2025-05-13,9.288271928558688,24.181848540703015,42.0475494718332,4.0,31.078340825062956,59.35013510499779,1.4325959658907292,1008.0642706850314,-0.40605782151547304,-0.6750840601634706,0.3212843471801687,284.80088284166385,0,0,1
2025-05-14,15.248847552431696,39.27848335310588,55.38029733869011,5.0,32.02446053624078,60.659570796496396,2.45964399114821,1009.6930450940134,-1.0244940542648484,0.497806998616165,0.5436572801650655,403.98195616219743,0,0,0
2025-05-15,1.555133522077913,26.092253003068283,48.836717921268416,4.0,30.769452936853682,60.92849603446786,3.0143385243336094,1007.6042839688773,-0.39752261475569484,-0.6435982556339291,0.3143837828420136,345.489076366195,0,0,0
2025-05-16,18.02769327440864,34.831674348918234,64.89087997384334,5.0,34.62712487062596,63.048838632881846,2.7369670669385204,1009.6255978788475,-0.4270616402571351,-0.7883024032559046,0.6074570680456801,488.996797639763,0,0,0
2025-05-17,5.219286478404017,24.80211327489055,64.23280936802524,5.0,29.468706861812716,68.14622979580597,2.869270334221208,1008.377346882385,-0.6046629657850853,0.9506799364842791,0.28273851988584714,483.11432225619575,0,1,0
2025-05-18,14.265475578286201,37.51245533109885,78.34607220628261,6.0,31.37929326292207,66.51677781387859,3.165375190259926,1008.9266260616312,-0.2842105375395051,0.2836969286200181,0.29474626647051816,609.2723978393681,0,0,0
2025-05-19,5.5005220639155326,24.985284120605737,69.10523039808264,6.0,32.56405791893931,67.03903133716234,2.846950878531939,1010.2753036844814,1.060605765286498,-0.18794354259861779,0.4790033663039682,526.6687623334217,0,1,0
2025-05-20,10.139047557082133,29.90504519928385,69.95600602660608,6.0,32.2483222336619,63.6333182071797,3.1439125131142416,1007.7940180689396,0.17931423712431532,0.5131463877869733,0.3974000872089045,534.2738227136925,0,0,0
2025-05-21,4.630713264638638,20.27028288563629,59.337871738813014,6.0,31.673467870514557,57.97538251377147,2.247978039147804,1005.5899259606764,2.2246281684499225,0.007145498488558891,0.2529298012289182,439.35860690686536,0,0,0
2025-05-22,2.853417106990854,17.623177928711613,60.63615532372596,7.0,32.254729827409044,59.79889220567383,2.0204444394771883,1007.7238462653826,0.15345736741768443,0.30641052036134697,0.3686456550937206,450.96392883071223,0,0,0
2025-05-23,0.4989737051561384,7.983104076785616,43.10743575447346,6.0,30.833926350750872,62.867437647096615,3.0405239026829802,1006.7172588140746,-0.2610591965435266,-0.653478321900364,0.2668190752083395,294.2751777150248,0,0,0
2025-05-24,17.202536358084764,20.554927170231743,55.090685634154205,6.0,33.084408706778866,58.959784357055874,3.163552570241902,1004.3769332472941,0.0037195943893794828,1.656318887128498,0.7226719351864814,401.3931249521975,0,0,0
2025-05-25,10.056613282547458,27.75812334578835,50.88182333841546,6.0,32.55279701292606,64.76674589004789,3.0654917708155676,1008.0112312111216,0.230842780599186,-0.46369597414098007,0.6373236725493696,363.7702184910765,0,1,0
2025-05-26,15.523443917819376,42.78259355845158,60.90474519231931,6.0,29.563255623035328,66.64386022563485,2.833059200551999,1008.5615133263213,0.3917285614539573,1.2448130615599817,0.5863444934109665,453.36484641661735,0,0,0
2025-05-27,0.5482897838292333,26.128346984196053,51.31398741906641,5.0,31.206569376718235,65.57538202354829,2.5596829304990245,1010.0406285570879,1.8690401932731213,-0.1510950794435812,0.5745982196995787,367.6333215435685,0,0,0
2025-05-28,3.6974816818389638,19.769215383487563,50.38075583626673,5.0,28.5901589826925,66.17870340570354,2.8806990976501567,1006.1524993187716,-0.7607884184798118,0.6456776925239699,0.8801762430256723,359.29118961357307,0,0,0
2025-05-29,0.6366459866315576,4.88241745229974,48.16398471590743,4.0,32.886878826560086,56.95322657724424,2.9816874565183067,1008.3626049841716,0.773141452359962,0.5873787992209091,0.9843409082415181,339.4755324010689,0,0,0
2025-05-30,2.568466712519713,6.9025943809902195,50.23347772327101,5.0,31.07029828147452,68.63963260683562,3.0176859618924143,1010.2338225377231,0.18697553785271145,0.9174814041200365,0.5394818054740775,357.97467453665587,1,0,0
2025-05-31,14.16099964888481,17.366112348036065,47.191941014071055,5.0,32.64465624572391,57.01429822067553,4.318391227296206,1007.1688931739486,-1.4139879683135559,-0.6724989657313158,0.530533853735018,330.7864599865738,0,0,0
2025-06-01,30.77715523040981,47.50662159181432,67.9124829619334,5.0,29.09490598594217,74.19928536704438,2.919895589357239,1007.552348980223,0.693628903885287,0.8605083210230897,1.1187968692834196,321.79896580092634,1,0,0
2025-06-02,26.14043787752454,71.07859275681915,78.52947692163858,5.0,26.649231994345694,75.89092561543477,5.407973735147263,1009.4630422285537,1.1408612047235143,1.4771518807291524,0.5613845564285378,376.71530715501683,1,0,0
2025-06-03,10.548182768361993,67.46577587629633,88.52936990617133,6.0,32.94032105011512,76.10829277984521,2.7182852055615347,1003.2348041156694,-0.7714587633996868,-0.20695438339348568,1.0642450506747174,428.1356031580616,1,0,0
2025-06-04,3.149546595603822,39.838167241490346,87.98143481993618,6.0,29.431530458679266,70.2793062179783,3.7037790965048702,1007.077927591375,-0.008040481102773625,0.027764853713697926,1.3509445907772117,419.7995760081009,1,0,0
2025-06-05,14.297583330653541,27.995312694619344,101.64237216395819,7.0,27.84771441985461,71.03985937089485,2.7554723121016895,1008.6803515939705,-1.5528188358069333,-0.41875731398412336,1.3679487253162033,491.9606869310841,1,0,0
2025-06-06,4.770349641884701,22.217479568142053,103.84425509332316,7.0,30.852073696364375,76.06422407785023,3.656124127096906,1005.9558667005873,-1.1329258137159028,-0.27714900174807994,1.1610590156015888,499.20312890762995,1,0,0
2025-06-07,35.17099530395932,54.23892827649755,124.85425074839767,7.0,32.09820668635914,76.9672468444816,4.0616515555707595,1009.0833177617167,0.9432266198555274,1.3691382391459923,1.164230696073802,612.9986597660875,1,0,1
2025-06-08,59.83283842347752,99.77418336932152,153.9099339414654,7.0,28.96459304837731,71.4779672428958,3.4919274685643225,1007.7287490261505,-0.41977485540669107,-0.8033876209041634,1.5573970288511956,777.607030576392,1,0,1
2025-06-09,21.634791218966136,116.63862494640297,149.40428728290698,7.0,29.10906711759937,74.62152233236624,4.056226118037636,1009.7719927107215,-0.9979226774442354,-0.7536950574806176,0.4151446909148834,752.0813132499743,1,0,1
2025-06-10,2.653760813656342,84.12139045609999,141.50986532820133,7.0,29.581271221213342,68.16194957722269,3.218168533817147,1007.6355864983118,0.2065143280125867,1.2887207491315016,0.8839013787119279,707.3572595143102,1,0,1
2025-06-11,52.82541920663668,77.11397123925914,191.18573793923417,7.0,27.69264760844419,77.53650800457974,2.242459376065258,1009.9217194776703,-0.4701711882879209,0.4996387407106899,1.2102643704581868,988.7846279484926,1,0,1
2025-06-12,20.990565601443326,76.46974562173634,197.87872021002397,7.0,28.28107206320321,70.75016245115651,3.8484033401820605,1007.1271498650559,-0.4237394919979825,1.6962961992340195,0.9088958756022043,1026.7021981579524,1,0,1
2025-06-13,13.023725646499665,86.83971045457965,206.13209621463892,7.0,31.74270270272816,75.57327819576783,3.49076085536761,1004.1251176722498,0.6653934231074129,-0.3603509102606826,1.2951737259503528,1073.4598244982844,1,0,1
2025-06-14,29.449363913194308,63.46365516113728,200.41046482387392,7.0,29.062917479557807,74.07460454572954,3.184609483530504,1005.4513491291219,-1.045560023040912,0.1010249097900555,0.9643621062769769,1041.045221979641,1,1,0
2025-06-15,3.470333246486095,45.94342280618005,144.0479596468825,7.0,28.075426723381835,79.13867446142906,3.2260409411933666,1008.4202040508019,-0.814828691413649,-0.5285415550174436,0.9931020402259478,721.7362561458772,1,0,0
2025-06-16,9.62274769482656,42.54244485450695,132.03591612274292,7.0,28.615147837708545,75.16806053766773,3.7163269017656786,1008.3847911606669,0.13867199293398177,0.11464093491815677,0.8745001494589031,653.6847530553272,1,0,0
2025-06-17,9.644181037973796,22.737261979286437,139.02633634706035,7.0,30.74995965487932,71.59846650559524,2.983658122351741,1006.0280672040373,0.8724688116733849,-1.4192773578274431,0.7926335499752748,693.2873904037009,1,0,0
2025-06-18,16.98881157526335,36.25574030806369,103.18972871568704,7.0,26.481750853442215,75.36097945640769,3.6975247463955645,1009.8348912806254,1.1143442713408647,0.5479636453240065,0.7637274340047502,490.2632330169657,1,0,0
2025-06-19,23.742016425630176,50.37500903886731,105.9411795398739,7.0,29.60451634891252,82.93984678786276,4.185560072032681,1005.9500080653211,-0.5985555483254608,0.2587792667938705,0.9427615127038917,505.8509524494975,1,0,0
2025-06-20,21.322205825262284,62.0530338261558,114.23965971863652,7.0,32.695112735676574,76.60651643623746,4.708419947426342,1007.4187083988729,0.8436392702276831,-0.04604372997273511,0.6530938807483944,552.8641062394462,1,0,0
2025-06-21,8.326941868691879,53.391164119584325,93.11723767413409,7.0,32.09149417082177,74.41209404147439,4.3150937833158665,1007.368859663768,-0.705728064123368,-0.3122914596797318,1.054188818876019,433.19982379219147,1,0,0
2025-06-22,0.7543182260547647,30.403465920008912,90.40122265370276,6.0,30.050490385763272,71.04341074128091,3.569425120438471,1004.1923034657665,1.64358841221612,-0.7158031898944797,0.9458290309654804,417.8128578537624,1,0,0
2025-06-23,14.181780379110092,23.263040473856723,94.9602553379863,6.0,31.0910261466787,72.1013166466421,3.6269769206013702,1006.3882643523602,-1.0203939228777557,0.582170329626209,1.0215970399415346,443.6410215780245,1,0,0
2025-06-24,9.026233246770143,23.962331851934987,94.34230754678265,6.0,31.077563291331913,75.79933186372023,3.232228744371423,1010.8717430504386,1.1956309297125578,-0.9368719885627252,0.426428051184073,440.14017878317577,1,0,0
2025-06-25,1.1004782666085708,24.308491892488796,78.45397423812786,5.0,29.07181368773239,69.07887865218018,3.192991774688933,1004.9270694125648,-0.5908374961368515,0.4095167296393945,0.2435195568990972,350.1284367273995,1,0,0
2025-06-26,6.38489707783591,16.51160859121461,61.09685489033358,5.0,30.54271781732716,73.58656861995664,3.9955969397347815,1007.7124334526299,1.8119218093151404,1.659561115847566,0.6250094105683885,251.79562111898514,1,0,0
2025-06-27,18.97758428283925,26.462959627283716,58.752233347910554,5.0,31.752022718919427,81.02999415992348,3.2878718256639456,1004.5092612007884,0.5321886559672359,1.1884171909154386,1.3064913845386847,238.51270053850882,1,0,0
2025-06-28,8.641245669647205,34.00372703032235,59.066537148865876,5.0,27.478739352243345,74.74556866429883,3.6920376453123227,1004.9083092982687,-0.9144148764673998,-1.2041023541365226,0.8522836171940331,240.29331730359957,1,0,0
2025-06-29,16.650458581433,44.269288533919436,74.96267750424411,6.0,30.055317721091363,68.57028030967231,2.894872156215019,1004.0414318867279,-0.4700146315882561,-0.4293904482746423,0.3494069702571685,330.349288408593,1,0,0
2025-06-30,7.404927363137819,32.696631614218006,68.18582448827183,6.0,29.754072119941103,82.08700111737356,4.294565450241821,1008.2810775664124,0.7030630847013676,0.3371605924442702,0.5449278629855981,291.9565675502431,1,0,0
2025-07-01,38.57709884525446,62.63248478982527,97.73669008675617,6.0,27.725446235102677,91.60166314936477,4.072708879838997,1003.232590828902,0.9473799758540052,-0.05622553761148015,0.5701238660692,322.8981539965424,1,0,1
2025-07-02,6.562398902712307,52.54442511110457,103.1986107228599,7.0,27.601502584070314,85.11716518867433,4.918970380428128,1007.0825779866316,-0.06364403255201635,-1.119524574625937,-0.005640534900067773,340.8098236610676,1,0,0
2025-07-03,26.002450419257226,71.14194816722399,122.81616406428122,7.0,27.90535391768138,89.7947174367984,3.843888971664493,1003.8447122914422,0.04019245286711977,0.30825276117879297,0.6260541996135658,415.8106805204544,1,0,0
2025-07-04,22.905251982732747,55.47010130470227,126.74383176417471,7.0,28.02281703312806,82.52891076012826,3.8121565824519132,1005.031487194149,0.6825177293796589,-0.008013516093039479,0.18810767690293922,427.5347600642873,1,0,0
2025-07-05,63.124036180296955,112.03173858228692,181.22662227482448,7.0,29.14707736614723,86.40662793234624,5.0630019468438725,1005.5415740129783,0.11861858430973796,1.5314603268830256,0.15289989171052626,643.1459374075915,1,0,1
2025-07-06,19.68014072987239,105.70942889290208,184.25630442326383,7.0,28.248136484656833,81.74885336743674,3.8905783692178373,1001.8907111431517,-1.1641543734045383,-0.20258296209395735,0.12658091830064414,651.2484716406317,1,0,1
2025-07-07,117.82192356881896,200.6261004789883,294.673300628945,7.0,27.33198872359186,78.58355568538028,3.325442727806133,1005.1676571749025,-0.7316766221761626,0.9344027082612728,0.35146220511678694,1092.4404058454782,1,0,1
2025-07-08,76.11191397288388,213.6139782715752,332.20811575657444,7.0,26.40512591565134,93.04680691670035,3.642218555984317,1005.4309045359707,0.21160794883649856,-1.0136707225039805,-0.1789775276281942,1243.8170438067611,1,0,1
2025-07-09,5.633562886516099,199.56740042821892,331.2792797403782,7.0,26.919596431180928,76.31924817002862,4.780208086628113,1006.8531191015838,1.0939341748479243,-0.8224074383172066,-0.472463942354519,1240.0710796166873,1,0,1
2025-07-10,19.47218066523251,101.21765752463247,324.74900998635354,7.0,27.946648500169424,84.26584033727421,4.722555203980265,1003.0739824235146,1.454384181745843,0.577329567847592,-0.020380991746219587,1213.7347229040404,1,0,1
2025-07-11,4.275178350678612,29.380921902427207,306.11893635429936,7.0,26.592516923103524,82.6022653021285,3.8086822282493604,1003.3304491989948,0.7015764786943053,0.8669846244858997,-0.6671206923969215,1138.600267018161,1,0,0
2025-07-12,32.168521596068366,55.915880611979475,275.1634217700708,7.0,28.905243880339253,84.47536654992278,3.887151657309774,1005.9882748568443,0.2585616849327274,-0.7659141808595139,-0.28608643169736636,1013.7577252822177,1,0,1
2025-07-13,12.356318411656344,48.80001835840331,267.8395994518547,7.0,28.18309315308078,82.84770862752409,4.669992373804731,1007.343394079824,0.6739324973842293,0.019261925187129377,0.031954159953342054,984.2209979588621,1,0,0
2025-07-14,25.791192943214003,70.3160329509387,175.80886882624975,7.0,29.181954344218596,82.37674128880494,5.055735205144794,1003.734584013645,-0.6000757651861701,-1.1052633388232624,-0.17312785227630192,613.0641787803464,1,0,0
2025-07-15,18.251680690260624,56.39919204513096,117.94863554362651,7.0,26.686669046784946,83.40653646906974,4.224903154346089,1002.5777219438991,-0.13790786423239276,-0.1449758610443835,-0.1094683027598814,379.7158179000031,1,0,0
2025-07-16,213.91669187502447,257.95956550849905,326.2317645321349,7.0,26.417521225631234,84.38107519166697,4.598725927291246,1004.2309778859616,-0.741717649205529,0.6695382284993008,-0.2659836104417175,1219.7146217605814,1,0,1
2025-07-17,23.77892791419317,255.94730047947823,330.53851178109556,7.0,29.171496072913513,83.44878811399381,4.790242717957945,1002.9771071106956,-1.1238683496369404,-0.3479667993089159,0.13179730692264024,1237.0835875295584,1,0,1
2025-07-18,16.48689140925121,254.18251119846886,342.75022483966814,7.0,27.762951495473356,81.18784467105307,5.557984817137074,1005.51709450327,0.30019411047258443,-0.19922776475504225,-0.6661084152221943,1286.3330126371268,1,0,1
2025-07-19,47.509909887698626,87.775729211143,358.0916131312984,7.0,27.297491975676135,76.67668003935846,3.5727532893088725,1002.8573859265357,0.16696197592626924,-0.9038363186368414,-0.4661761925168644,1348.2043119454884,1,0,1
2025-07-20,50.43909671286087,114.4358980098107,396.17439143250294,7.0,28.559140650052136,89.38090450547776,3.86494883307087,1006.5523170042403,0.6188872360581116,-0.5186867308999407,-0.7201542662879543,1501.7908668241814,1,0,1
2025-07-21,32.60599137668722,130.5549979772467,402.98918986597613,7.0,28.5070448902428,84.23322011468866,3.962298877560292,1005.183798572401,0.49150064780320246,1.4064887329714708,-0.4144547099715722,1529.2747180629642,1,0,1
2025-07-22,60.3153869913793,143.3604750809274,445.0528961670948,7.0,25.82294672471217,82.18703061142715,4.762697367257998,1006.6084684193313,0.21837984419147582,0.0583399133737063,-0.7100626904790404,1698.9162207159793,1,0,1
2025-07-23,127.82035592199446,220.74173429006098,358.95656021406484,7.0,29.519519128459308,79.86912059759955,4.115032244798452,1000.4391330111383,0.5009549991097989,-0.8018462133204786,-0.3038282069800576,1351.6926142312036,1,0,1
2025-07-24,15.670987679149192,203.80673059252294,350.84861997902084,7.0,27.00644623535726,76.85497741416658,4.45353038126379,1001.6364172455906,-0.03841478660472897,-0.2518175599343933,-0.9028504427368684,1318.9935659103683,1,0,1
2025-07-25,4.116033462598886,147.60737706374255,338.47776203236856,7.0,29.96104122297745,85.43501742065177,4.3392886499340095,1007.1278992484996,0.37160225570016053,-1.2779420969332498,-0.45259546557859814,1269.1023148600234,1,0,0
2025-07-26,33.79089435621838,53.57791549796646,324.75874650088826,7.0,25.714047897149655,80.7675086255526,4.267225153563561,1003.505950758553,-0.6535299624177237,-0.8113277537121699,-0.6878408506069529,1213.7739899373457,1,0,0
2025-07-27,60.95525634941307,98.86218416823033,335.27490613744044,7.0,28.025374391611216,83.42729446708485,4.33062082266097,1002.1615995710325,0.3327353330752171,1.0882717912371627,-0.8734096654459447,1256.185305528817,1,0,1
2025-07-28,73.14401535029687,167.89016605592832,375.81293011105015,7.0,27.321146274824915,75.82750349823947,4.884123306986408,1004.4362313926398,0.6015759167574085,-0.11398593950928404,-0.7561825037456246,1419.6737830357126,1,0,1
2025-07-29,49.963659772229576,184.06293147193952,365.4612028919004,7.0,24.815687409130923,87.18841981475745,3.6838314886657164,1005.2373108692697,-0.6027132852649828,1.512584140880965,-0.8502239414228843,1377.9256178136675,1,0,1
2025-07-30,22.721590328875244,145.8292654514017,260.3624372987812,7.0,28.50250712541111,84.61338677357523,4.177109163470608,1004.5166623894713,0.04664888909356206,-0.07627827079684474,-0.8474733041882607,954.0658562757355,1,0,1
2025-07-31,9.882746434465286,82.5679965355701,254.57419605409726,7.0,24.887504118695773,80.28677925371773,3.537016230549444,1005.6435139881214,-0.5612422586664236,-0.02878295695319675,-1.006212107052731,930.7220754059026,1,0,1
2025-08-01,76.40363863199406,109.00797539533458,326.8618012234924,7.0,27.172682350784946,82.1346154219877,4.402117034908138,1005.3995888593244,-0.47385602686450345,0.5127153268336987,-1.1449786176448231,1222.2555383950623,1,1,1
2025-08-02,27.13670877662062,113.42309384307995,320.2076156438947,7.0,29.127001624941443,83.42696608838686,4.148865561584887,1005.3053609426072,-1.0124364195919393,-2.138070065775521,-1.0654446568642124,1195.4194333553844,1,0,1
2025-08-03,1.3817907481704284,104.92213815678511,260.63415004265204,6.0,26.838965587925728,74.24981454129825,4.907728757569888,1007.2281563031545,1.1391974326499,0.1639514589228599,-1.4115294197808006,955.161664567812,1,0,1
2025-08-04,94.17717773492218,122.69567725971324,281.66731242727735,6.0,26.315788144017056,87.87220453876668,4.2632889456995136,1004.775563936532,0.959116657248043,-0.039189190448761346,-0.7862653276772531,1039.9876959909589,1,0,1
2025-08-05,5.692728266417093,101.2516967495097,237.3963809214649,6.0,28.701515014925594,81.78841169920479,3.9998793979873475,1004.7226440698901,0.4836904688046034,1.188831114812118,-1.308477034214084,861.4445288546145,1,0,1
2025-08-06,44.54117455601392,144.4110805573532,259.2159651486036,6.0,27.231690685397623,77.67528419703741,4.118156849185517,1006.2461492054773,1.7749763567494325,0.7717435153308938,-1.0539467780959606,949.4421729294875,1,0,1
2025-08-07,25.79350204826828,76.02740487069929,275.12672076240653,6.0,27.01393238357303,76.65447232624216,5.300237406193456,1005.795875998306,-0.17032112691155252,-0.9069533484374406,-0.8342885358030939,1013.609711361512,1,0,1
2025-08-08,1.3560076000414445,71.69068420432365,200.07908973045394,5.0,29.36600542417583,85.12459828237601,3.3241345114659206,1003.1759436877566,2.728586173599571,0.9937108949020644,-0.7801411902273243,710.945157561342,1,1,0
2025-08-09,19.69130821964569,46.840817867955415,192.633689173479,5.0,25.946825726922373,80.41047411378067,3.889673217659797,1004.6352837796805,-0.20477647382689834,-0.20985162046479613,-1.4242891870141916,680.9181093193938,1,0,1
2025-08-10,13.909754630812563,34.9570704504997,205.16165305612114,6.0,26.93756579848019,82.5789683811275,4.287787704429192,1005.5899009014576,0.22967401658041478,-0.7235625810368361,-0.991198209203607,731.442963287804,1,0,0
2025-08-11,3.3236738325729145,36.92473668303117,114.30814915377188,6.0,28.79404177163646,81.13841253972842,3.8843270100811114,1003.7447978720107,-0.35800012254618735,0.15768260069696186,-0.8379223883619326,365.03385960698495,1,0,0
2025-08-12,32.415166254536956,49.648594717922435,141.03058714189174,6.0,25.856289658425457,76.81174367676405,4.560591881687526,1003.8305727036443,0.3350930040542745,-0.16221548453105458,-0.9215367435759486,472.80454682139504,1,0,0
2025-08-13,53.131979865538035,88.8708199526479,149.62139245141586,6.0,30.066501979769452,83.7177299625269,4.232291615162603,1002.2964632270465,0.75205343509762,1.2307722512228192,-0.5773205958374767,507.45097363111273,1,0,1
2025-08-14,22.66295067456294,108.21009679463793,146.4908410777105,6.0,27.2774294770453,79.59949123331417,4.419773819607358,999.6120856710589,-0.10252475374777555,0.27249762279296796,-1.094771400996853,494.8255659847659,1,0,1
2025-08-15,11.031746674496436,86.82667721459742,156.16658015216552,7.0,28.805354290116092,79.60275530790749,4.336879759196122,1004.1277469693472,1.5990478624058586,0.16452713670880464,-1.3748161914112376,533.8474939175735,1,0,1
2025-08-16,40.57363739168049,74.26833474073987,177.0489093242003,7.0,28.80242520537034,91.05819833379039,4.2043556422907615,1005.0302029604813,0.21523435617011466,0.7205176662843519,-0.6305491125760204,618.0652201036436,1,0,1
2025-08-17,14.625469914177556,66.23085398035448,177.7646246075653,7.0,27.367812862591382,84.2643215307603,3.4916886368950584,1002.8293429875916,0.2434368474991792,0.8742972944741697,-0.9354061250826626,620.9516755974272,1,0,0
2025-08-18,17.841556367365868,73.04066367322392,192.28250714235827,7.0,26.9103989995536,83.81786562832472,4.371838335545335,1007.2812583853463,-0.8180979250623458,0.6268840754378394,-1.2063017212460392,679.501804083769,1,0,0
2025-08-19,24.589503405451023,57.05652968699445,184.45684429327233,7.0,27.520865569402908,92.08500030252516,3.2081375764927085,1002.9170282105209,0.37664916709534607,1.1355707782519628,-0.7694609998532836,647.9411708986826,1,0,0
2025-08-20,3.08221175079418,45.513271523611074,134.40707617852848,7.0,28.578773902625308,83.70708641310277,3.8630062890512455,1006.4436435275493,-0.12062449872842905,0.4869459303310308,-0.38310774721033247,446.0921514699235,1,0,1
2025-08-21,1.0451677590841095,28.71688291532931,112.78929326304963,6.0,26.20002117459358,81.19203207075684,4.559706049642744,1005.5546945935226,-0.5474157564035582,0.13412117178136146,-0.9653433469794157,358.90836524918853,1,0,0
2025-08-22,8.32278401503942,12.450163524917711,110.08033060359263,6.0,25.896453931915236,80.35395602454078,4.979995399454209,1008.7184922301376,-0.6988269673335276,0.9913376496704235,-0.022309948120954326,347.98321060657514,1,0,0
2025-08-23,20.359205774894995,29.72715754901853,89.86589898680712,6.0,29.658899766593855,79.38963476774101,5.675832553198253,1005.7727993053971,2.4045870417810167,-0.07271691206571099,-0.7706872367030922,266.4590926365684,1,0,0
2025-08-24,15.804488741727987,44.48647853166241,91.04491781435755,6.0,26.552218857532726,73.70654442439009,4.009230490986717,1002.1977916090284,-0.23712952516113187,0.02659721307572926,-0.4926403207300759,271.21403563018026,0,0,0
2025-08-25,8.81993382614541,44.98362834276839,82.0232952731371,6.0,28.076733390978546,84.36134087164956,3.747108099897086,1006.6989484147842,-1.311286878703141,1.3772615338375318,-0.7707651103939499,234.83013751846659,0,0,0
2025-08-26,129.4586588693147,154.08308143718807,186.89245073700076,6.0,27.297930063680038,77.04454994258053,4.579553008545265,1007.8567358273709,-0.6283993137593153,1.297539302364185,-0.4057305442343976,657.7638891828883,0,0,1
2025-08-27,16.39643268969938,154.67502538515947,200.20667167590597,6.0,27.360004100426004,85.74141126744703,5.388164166926342,1001.6111064394986,-0.04641105552859223,-0.0065406455386582615,-0.39843718111364423,711.459691225659,0,0,1
2025-08-28,20.20630911786091,166.061400676875,219.36781303468274,7.0,29.583561566081485,81.24166987122825,5.185829753685695,1005.9515205584427,0.4920003293548365,-0.3628412618444934,-0.6851145413350321,788.7359252641056,0,0,1
2025-08-29,78.50544968226279,115.10819148982308,289.5504787019061,7.0,27.46177909327825,84.75614474739481,3.6451353548840224,1006.3496552509803,0.49931686955278215,1.170538800166799,0.4469398383716929,1071.7802385433974,0,0,1
2025-08-30,26.79474230558696,125.50650110571067,295.9860152325981,7.0,27.081459376633752,82.13377291651105,4.181877365551771,1004.4179978003496,0.6089530965988729,0.6403346863321713,-0.3293262621277948,1097.7345393753221,0,1,1
2025-08-31,44.271643886355314,149.57183587420508,324.45317037722543,7.0,27.203414065353932,87.98473649833701,4.776403247916406,1000.4415701336674,-0.5803742759735967,0.2524650033578904,-0.2744486038411949,1212.5416117816512,0,0,1
2025-09-01,4.921279498085255,75.98766569002753,320.5545160491653,7.0,28.543164705908623,77.21743555096366,4.024204552120326,1006.0544256106392,0.30639639915139094,-0.25749816815195564,0.1465504247995296,1687.0019602638429,0,0,1
2025-09-02,17.64896165766189,66.84188504210245,208.74481883751247,7.0,28.30987952294207,72.93091171672374,3.827495014965935,1005.54122522727,-0.7884535176995207,0.2653572629716751,0.4132749160492432,1059.3515411529715,0,0,0
2025-09-03,60.96272893277271,83.53297008851986,253.3111150805858,7.0,28.548780884534896,69.1594349151857,3.203128710253036,1009.3407463670328,-0.5576786847126105,-0.017366767910162086,0.29686446864790367,1317.6137796583125,0,0,1
2025-09-04,21.570877195328187,100.18256778576279,254.6756831580531,7.0,31.576500650661192,75.13498948385653,3.8221569914029057,1006.4276854860857,-0.8259380770502335,-0.5314705436583966,-0.22954279467630143,1331.126443965834,0,0,1
2025-09-05,21.304612510158414,103.83821863825932,197.4748459859487,7.0,30.244090850501724,68.56376055842843,4.029988343584704,1005.8449897133984,-1.0695499691384425,0.10323386286978814,0.1795081579481429,1012.8501126431539,0,1,1
2025-09-06,9.115048780476542,51.99053848596314,179.7951524608383,7.0,28.76473132421359,65.07028881032905,2.913165815268188,1005.5314273693823,0.9577885399722078,0.21233923651168599,-0.28942242976697186,918.4718402669536,0,0,0
2025-09-07,2.312082201783311,32.73174349241827,137.8355907762663,7.0,30.62232438108348,75.1583857552366,4.27051940012484,1007.1734955237432,0.619750530880999,-0.30031605353618485,0.4606784928266225,686.5414919453655,0,0,0
2025-09-08,35.21431403602541,46.64144501828526,168.12862531420643,7.0,27.02593517067481,76.58740178432032,4.06755356903731,1006.689512560015,0.8789988329803169,0.7230605508876141,-0.11993918084468025,858.159795636821,0,0,1
2025-09-09,14.557076461522215,52.08347269933093,165.03674011806677,7.0,31.17395618501907,70.74487899522568,3.0272009609394956,1005.165248944073,0.03538175942186668,1.0310659138487912,0.14077184687282313,840.6434226268595,0,0,0
2025-09-10,6.343480182820097,56.114870680367716,110.41749136811414,7.0,31.061224570374822,74.6124412065608,4.027323757674177,1007.0623869373585,0.6991269289786319,0.7759181549243301,0.3924321617610512,531.2104799604983,0,0,0
2025-09-11,23.765644553505552,44.66620119784787,112.61225872629151,7.0,32.37887411225023,71.73792272602901,3.9602460539491786,1005.5840909332501,-1.5851604641782904,-0.22099870817119582,0.5549311695042793,543.6444357114823,0,0,0
2025-09-12,3.1768068756655783,33.28593161199123,94.48445309179867,7.0,30.66417850732725,75.97007303328297,3.98306945232273,1001.9210822028491,0.7767787662408197,0.6046572033506976,0.42752383572822916,440.9454720687459,0,0,0
2025-09-13,40.018358248770156,66.96080967794128,125.38776256009228,7.0,29.86013485402837,78.69362356434134,4.417961693322917,1007.7895910394572,0.15940784700452718,0.06236911796803214,0.9200859077893451,616.021149705407,0,0,1
2025-09-14,5.777012452127115,48.97217757656285,128.85269281043608,7.0,31.055603031432536,72.87936711930321,3.466100793216605,1007.6188811957724,0.5643986401342491,-0.9885967828527614,0.7670151712048715,635.6509247029715,0,0,0
2025-09-15,16.206284219631357,62.00165492052863,109.84466299404205,7.0,28.371873288694093,69.88154727078445,3.6712906501522533,1006.9466802406374,0.34202096914375185,0.5381835027981966,0.7914679409821781,527.9652509709277,0,0,0
2025-09-16,23.804182127319724,45.7874787990782,119.09176865983956,7.0,28.69442340423412,67.09785057524,1.8891409075623986,1005.7907079128536,-0.888349639083198,0.11690531276555854,0.3650731745868145,580.352626901597,0,0,0
2025-09-17,27.75585821376428,67.76632456071536,140.50414669078373,7.0,29.158063746782314,78.55936171645565,4.141871478603135,1006.457441516403,-1.348235797851942,2.074838401655446,1.1373271749582137,701.6595891033674,1,0,0
2025-09-18,40.125140143930686,91.68518048501468,156.86364228120888,7.0,31.16444063587768,68.84097971271234,4.084129711212622,1008.0618585788415,-0.640848749564667,1.165816690622848,0.5495822521298089,794.3405940043548,0,0,1
2025-09-19,8.137549078094647,76.01854743578961,161.82438448363794,7.0,28.049776798722004,76.55209248681207,4.285998443529345,1005.449888822639,0.508425553145621,0.5689201255476193,1.2202821891133886,822.4445517232564,0,0,1
2025-09-20,14.515880957057655,62.77857017908299,136.32190719192545,7.0,27.901120116019605,78.43433933508909,2.910369616356791,1008.1345122798865,0.6210822736578558,0.19933640103054373,1.324568404839962,677.9660615524537,0,0,0
2025-09-21,31.26719512724137,53.92062516239367,161.8120898670397,7.0,29.579159802106954,72.4525316478716,4.049605092135578,1003.9324240587954,-1.2311480496436766,0.13097780404641454,0.9777796451418542,822.3748993666234,0,0,0
2025-09-22,57.603982724319145,103.38705880861818,203.20978837172746,7.0,30.252549188523343,74.18742930399173,4.083627438521281,1006.8898425006232,-0.8829894307213931,-0.8029515229064862,1.135593062196971,1056.904153449992,0,0,1
2025-09-23,28.060860398327755,116.93203824988827,207.4664666427355,7.0,28.26369368630102,76.33977936142222,3.0818278930147676,1006.6335132235874,-0.6509121173467554,-1.3911897817599286,0.13212620887040205,1081.019396949805,0,1,1
2025-09-24,35.713507108137925,121.37835023078483,215.42411553710917,7.0,30.186591626497837,70.97197997789934,4.105956516836942,1008.3919827915051,-0.32157455424013415,-0.6980472872652521,0.876586031207701,1126.1016485451073,0,0,1
2025-09-25,12.778101236609798,76.55246874307548,188.07707662978825,7.0,31.163765571487694,71.42570184839165,3.75020228727829,1004.9330768405968,-1.225845747767387,-0.03817361453634431,1.2205032877235655,971.173213680629,0,0,1
2025-09-26,22.56807843555213,71.05968678029986,202.50760598724574,7.0,30.928652863494065,74.05772238574347,2.453570796421088,1005.1294915469412,-1.2798465895261193,-1.6844314225671875,1.192798888544249,1052.9260987075445,0,0,0
2025-09-27,50.20172909106611,85.54790876322804,238.1934541212542,7.0,29.742616368556668,78.80114712909315,3.82306635294045,1004.0770600320105,-0.7396517667667986,-0.43545743381819935,0.6704825726274141,1255.0961624190247,0,0,1
2025-09-28,13.915572654749573,86.68538018136782,220.84183164876242,7.0,29.12116964417256,80.73800248238295,3.01205374260151,1005.5670277924016,0.0776284526025051,-0.19809042649954078,0.9127152218997696,1156.7944881085823,0,0,1
2025-09-29,24.253415851072756,88.37071759688845,187.49126477551602,7.0,31.67787958252351,72.5175174758769,2.4668187118915745,1007.0469021621901,-1.0625349057781415,-0.17234124278836638,0.35974380336828793,967.8544297342193,0,0,1
2025-09-30,1.4655751383429731,39.6345636441653,160.89597951553125,6.0,29.26957208490516,71.91906912164244,3.6923098259984943,1003.3510316156248,-0.1042231589745895,-0.5293788785505158,1.1017062338410069,817.1848843378169,0,0,0
2025-10-01,7.472423280446271,33.191414269861994,132.65489568783957,6.0,32.07287073149138,67.53688311909366,2.7149090714605264,1007.4060156225133,0.9526975345276338,-0.2732110515051203,0.5291678995797089,1045.207166666739,0,0,0
2025-10-02,8.410453049926575,17.34845146871582,128.28724750115637,6.0,33.4979683348899,58.48301210649851,3.5963956359375473,1009.3026807753727,-1.1716017636721592,1.3791150624990896,1.2810758106697449,1014.4199338183234,0,0,0
2025-10-03,9.78432658430192,25.667202914674768,115.50349564990616,6.0,31.925749575512,66.17173095396538,2.863138965943296,1008.0180752367902,-0.18580118256948552,0.5297162251924824,1.2895130523627911,908.4013774695683,0,0,0
2025-10-04,2.918096322437224,21.112875956665718,68.21986288127727,6.0,29.360446537960275,63.95072310369289,3.221219089361215,1008.3386280923321,0.9222810603756953,-0.4482406215185198,0.867549027433468,493.98931677915374,0,0,0
2025-10-05,0.323494936743918,13.025917843483063,54.627785163271604,5.0,29.021742370198492,69.89713064560968,3.059393112949093,1005.4922796139449,-0.3764415513274284,-0.054678230689570666,1.1057257460184464,380.7451573248194,0,0,0
2025-10-06,10.469213044659833,13.710804303840975,40.84358235685869,5.0,30.339693075941753,69.80605000073817,3.36668190613468,1008.023176077792,-0.5163027217725771,-0.022650668521813522,0.9073883742874479,265.7835968908192,0,0,0
2025-10-07,1.722888552711905,12.515596534115657,41.10089577122762,5.0,31.74967303687161,60.700963458239045,2.222263086294856,1008.2548921044126,1.0471462328758263,-0.614364346992121,1.0054291134248385,276.33877096287483,0,0,0
2025-10-08,0.5783232337525905,12.770424831124329,34.20679572453394,4.0,31.379074477611713,64.22449292266919,2.873229471386613,1007.9085441305872,-0.2755818710743931,-0.6153041741950838,0.6385103497212965,214.71259672263625,0,0,0
2025-10-09,5.516781024563725,7.817992811028221,31.313123699171086,4.0,33.84628915567924,62.321253399219984,2.6696659514756846,1008.4783013690837,0.9940455226850111,0.8084192162613704,1.0584663446880436,188.84614059039052,0,0,0
2025-10-10,17.317436950478314,23.41254120879463,38.84623406534748,4.0,31.365453066896062,61.95239293745949,3.1463175236222654,1007.6468323257424,0.38606885201447894,-0.33582750201345285,0.46727902824816475,256.18441082909646,0,0,0
2025-10-11,1.6535113246593278,24.487729299701364,37.581649067569586,3.0,30.297956560579205,65.40734868687996,2.907595339377502,1007.3823907554266,-0.30856018761885307,-0.8757571096246972,0.3921170728728072,244.88031966609873,1,0,0
2025-10-12,2.1335320147880568,21.104480289925696,39.391686145613726,4.0,29.169695319676247,62.58922908129899,2.3856847737275038,1006.3316705892718,0.43172147753777734,-0.034512275255554156,0.7885202652802731,261.06019225241783,0,0,0
2025-10-13,9.709884953405304,13.496928292852688,38.632358054359194,4.0,32.408986593086375,64.565874534093,2.551347369367894,1009.9572890451394,0.28840456246143403,0.09440780250329889,0.7330671206059425,254.2725789395531,0,0,0
2025-10-14,2.7256533854278517,14.56907035362121,39.63512288707514,5.0,30.74788854313854,67.83260367708607,3.7432091184423437,1005.9952731170898,0.9187945389022267,-1.5781633793550682,0.81840404380039,263.23626671379327,0,0,0
2025-10-15,10.142823103608736,22.578361442441892,49.19962275693129,6.0,28.64777858850427,69.39336974110986,1.7374968223922331,1008.4875627405316,-0.4935109840785167,-0.03259708625375442,0.5500871757840482,348.7330728970999,0,0,0
2025-10-16,4.07847867045852,16.946955159495108,47.76132040282609,6.0,30.78753910811147,65.97178549664577,3.1797263174382033,1011.4670128744411,0.037085460103457715,0.6943839474786083,1.143824004376764,335.8761269746597,0,0,0
2025-10-17,3.2247815588094673,17.446083332876725,33.66866501115723,6.0,29.362340908452282,64.10460302608021,3.4989752713588125,1010.1858411914948,-0.055364111644173666,0.36098350841746646,0.6704145965814498,209.90226080033102,0,1,0
2025-10-18,2.076843076749935,9.380103306017922,34.09199676324784,7.0,30.160481749540352,59.13934751402118,3.1014097848204356,1009.1201146678811,0.6337333274758064,1.783836092155977,0.6444012981930121,213.68641190621366,0,0,0
2025-10-19,8.273293707958043,13.574918343517446,40.23175845641782,7.0,30.765043031049824,69.77469395380686,3.9367124440978003,1008.6527940380513,-0.9226612749997581,1.0008875858497432,0.5895980923591754,268.5695759644865,0,0,0
2025-10-20,1.863926594152395,12.214063378860374,32.38580009716492,6.0,29.489124996361106,65.79895599772426,3.3172168815641365,1007.9732698931712,0.9152793434140704,1.159147219800683,0.7434587279782541,198.43476595968184,0,0,0
2025-10-21,3.37539080268313,13.512611104793567,33.0355375144202,6.0,30.073700427491193,63.9715475736772,2.9845817215616215,1006.5808290022028,0.41969589495337495,2.2400687487314612,0.5876568677057534,204.24275119560536,0,0,0
2025-10-22,16.09428900240529,21.333606399240814,38.987003413216755,6.0,29.714606496271447,63.55697503680681,2.47406975826827,1007.7463616687072,-1.1852325662696517,0.6065250094196784,0.5037092966215964,257.442744230225,1,0,0
2025-10-23,22.11883071574383,41.588510520832244,57.02735545850206,6.0,29.752169389181763,64.71396848193369,2.995707961627564,1009.2380342998272,1.0874365429324504,0.13045616634616083,0.525539872498654,418.70496423980865,0,0,0
2025-10-24,5.348710393400616,43.56183011154974,59.151284293093205,6.0,29.34514554004591,64.6263552035768,3.1631166454318596,1008.904745046099,2.0106837727179583,0.7789922347450656,-0.16732466496487136,437.69070676571727,0,0,0
2025-10-25,10.068836766164914,37.536377875309356,67.14327798250818,6.0,30.080503873585723,65.01098455551352,2.7562077479351696,1009.6229586279786,0.9016505725944671,-0.447389146715995,-0.21148898858995646,509.1309226452329,0,0,0
2025-10-26,2.5432301167741853,17.960777276339716,61.413214391324324,6.0,29.50379644554656,68.80540338349212,2.3084115277722623,1010.3986674971125,1.2842862905038224,0.08614905559597547,0.16187635751986046,457.9100388625415,0,0,0
2025-10-27,3.3601020295040946,15.972168912443195,62.90938982667603,7.0,31.577592026396275,63.11971526765386,2.031573893715136,1007.9180352288514,0.0768342434423293,-0.518182114462651,0.07658253085494135,471.2843106962044,0,0,0
2025-10-28,7.355121665841978,13.258453812120258,66.88912068983487,7.0,31.0374943389725,69.51349635415527,2.865351624547587,1008.5485908136302,-1.495354427764659,0.31838764605030534,0.21567462825104328,506.8590174659303,0,0,0
2025-10-29,2.529186168959163,13.244409864305235,53.32401785638875,7.0,32.4289755790172,66.23897136524693,1.8659177686500605,1004.7849296864032,-1.6597084060507725,-0.5215272704158561,0.020229336340255484,385.60092937049825,0,0,0
2025-10-30,2.6126812576636578,12.4969890924648,33.817868398308576,7.0,33.39775901064274,61.979847654201976,2.4711818796444938,1012.2644141350961,0.22957383948098262,-0.5495427998893742,0.10514730896553308,211.2359858509607,0,0,0
2025-10-31,9.613112384846636,14.754979811469457,38.0822703897546,7.0,31.70462928352057,54.27016657179668,1.295063210792886,1007.45833010168,-0.532780926956982,0.33077863448440353,-0.4071373683584242,249.35536015294923,0,0,0
2025-11-01,1.0057553124636214,13.231548954973915,29.019188936053308,6.0,31.988319133121212,57.899061466637185,2.9670028803277084,1010.0218650828731,-0.8231186504946162,-0.11016915262445376,-0.1535489065280779,223.14613452821055,0,0,0
2025-11-02,0.6013665646800104,11.220234261990267,27.07732538395913,5.0,32.39536947984743,62.82263175706587,3.159619788057673,1008.1026695041834,-0.05647201557180781,-1.5420169085733977,-0.5407856553059432,204.8658090036126,0,0,0
2025-11-03,0.5527999619831373,2.159921839126769,24.270023316438174,4.0,32.012121642437606,54.432553325941,2.5145605987124244,1008.0608768789386,0.5540267590751594,-1.1644455370496718,-0.16283153171984205,176.52777183071362,0,0,0
2025-11-04,0.25788604665956383,1.4120525733227116,17.17278769725576,3.0,31.42917638223181,56.31468286945467,3.56606718167084,1008.4222150873157,-1.3074817920859325,-0.9178131931691708,-0.782340958465993,98.33418295324871,0,1,0
2025-11-05,1.0002946296204938,1.810980638263195,15.64389615791709,2.0,31.317841169748224,57.906683399331854,3.275623813884724,1006.607604928076,-0.40398985825234635,-0.7063775248911796,-0.2779507654898795,84.85322023614617,0,1,0
2025-11-06,0.30201709458153353,1.560197770861591,13.333231994834968,1.0,29.928559348947736,59.750665076055185,2.755063191643287,1004.3844357699521,1.3588836148082837,0.33153866358291056,-0.7834103868156255,62.28687076540479,0,1,0
2025-11-07,0.0980481988386063,1.4003599230406336,3.818167808826938,0.0,32.533384674661356,54.98471192069953,2.3992631460076304,1010.9362606595488,-0.9677595421992372,0.17515107765730872,-0.5618906255746914,-44.00556292504474,0,1,0
2025-11-08,0.19098121682629426,0.5910465102464341,3.003393713189611,0.0,31.31508456483292,53.7364322779661,2.257552891225012,1009.831083136852,0.7827850684484607,0.8522234973593593,-0.2906869615928729,-53.47447696844654,0,1,0
2025-11-09,0.8129334570930454,1.101962872757946,3.214960605602646,0.0,33.38822386264148,58.95970130515078,2.804686407170954,1007.2002797894638,-0.43625768539409454,0.6022414583534169,-0.5043967902054414,-51.01574794230876,0,1,1
2025-11-10,1.459863827909867,2.463778501829206,4.122024471529375,0.0,32.64008756365402,52.422766689785924,2.382455658018388,1009.6622573541795,0.49121438386495747,0.8575223649461263,-1.0177479639332465,-40.47428642024406,0,1,0
2025-11-11,1.6114962502198649,3.884293535222777,5.475634675089677,0.0,30.482565027448214,48.55453433411183,2.7961298835494306,1010.3318997288314,0.9875947564825805,0.48671695316729835,-0.8176515732356707,-24.743277378089484,0,0,0
2025-11-12,0.11377804958911474,3.185138127718846,4.589118095058297,0.0,33.104264764292836,62.63688819968394,2.840663930854668,1007.6013820253498,0.6671535902865194,0.16774344727319176,-1.066113669518789,-35.04594819115884,0,1,0
2025-11-13,1.2459153269603733,2.9711896267693527,5.533016327437137,0.0,27.773858559529575,58.76494948873854,2.3294442138688733,1009.5901448561666,0.8182436419924889,0.8794813938301245,-1.1535431342324465,-24.07641531576354,0,0,0
2025-11-14,4.403973159074573,5.76366653562406,9.838941287673105,1.0,34.06121334157552,63.63106048865615,3.1246632519287543,1010.661064448308,-1.0364341800671606,0.7355302333920797,-0.7372701315128173,25.964980875066473,0,1,0
2025-11-15,1.6586390481960822,7.308527534231027,11.306599119042891,1.0,29.48507390978505,59.784040563222085,2.3300610083715125,1006.2597843342812,1.0022937360671689,0.300876294043193,-0.6610780498438047,43.02139678811227,0,1,0
2025-11-16,1.1868179166026247,7.249430123873279,11.68048357855247,1.0,32.0520543494738,58.85465484169519,2.4799948917421557,1009.808958664786,-0.767423803171338,1.0168574966881139,-0.7229958083376283,47.366502785242304,0,1,0
2025-11-17,0.7479813621366672,3.5934383269353734,10.968601112779272,1.0,31.95727993124112,57.63904106784592,1.8806770023603405,1009.5047154388384,0.23358758901438456,-1.8766305940027175,-0.7119144566419808,39.09334595133653,0,1,0
2025-11-18,0.8437986760560062,2.7785979547952975,10.200903538615412,1.0,32.932100905213034,54.96579361720209,2.304821721559205,1012.2336297394725,0.2324215682975042,-0.2323705393123599,-0.8923111729272976,30.171532678174533,0,1,0
2025-11-19,0.4147529396141903,2.006532977806863,10.501878428640488,1.0,30.898721768408404,57.53486309267093,3.7621108361402085,1009.8514819909888,0.4366103029826229,-0.2446323725213848,-0.9816991642875581,33.66931860206368,0,0,0
2025-11-20,2.027588623246759,3.2861402389169547,11.283551724926873,2.0,28.355171438027703,52.72070766506344,1.926959821232829,1008.1092328252715,0.3032610084541715,0.9221463019852563,-1.202818829283839,42.75355101960109,0,1,0
2025-11-21,0.329050786192154,2.7713923490531025,7.208629352044455,1.0,30.9006942227018,51.00654891842092,2.729819178779422,1008.3174783534175,-0.7594289806722508,1.2571159975606157,-1.0628876269726617,-4.603243813421623,0,1,0
2025-11-22,1.0123025888672659,3.3689419983061777,6.562292892715639,1.0,31.05207007513506,53.36532934932666,2.194497071208221,1012.4909271628208,-1.2148806710661446,-1.16014349616821,-1.2985808235033958,-12.114656374610126,0,1,0
2025-11-23,2.0685326643182,3.4098860393776187,7.444007640431213,2.0,28.490028475370355,60.12684511850233,1.1388508616453954,1008.210087619099,0.7851138119655917,1.1289337393194208,-1.1919234890690766,-1.8677901553449359,0,1,0
2025-11-24,0.8000811830190809,3.8809164362045454,7.496107461313628,2.0,31.422417551179613,50.591650663408,2.802574016527066,1009.9038815769879,0.167251119767024,-0.9371561488210152,-0.9677629058641812,-1.2623110068868277,0,1,0
2025-11-25,0.07860824718906925,2.947222094526349,6.7309170324466905,2.0,29.85270521450422,50.51023330158722,2.133517207190719,1008.4197335422148,1.0344391568620361,-0.9129721964486581,-1.0257539083927323,-10.154987439005408,0,1,0
2025-11-26,2.8353298528424875,3.7140192830506367,9.151493945674988,3.0,32.26761644296541,59.72253651782711,2.6586164923597644,1010.7950901515691,-0.04025964076908118,-0.18742856186189177,-0.23335392351744877,17.975797338673488,0,1,0
2025-11-27,0.8548393741654798,3.7687774741970355,7.978744696593708,2.0,31.014385668477463,52.940034396058394,3.061023140098084,1010.8840246474417,-1.2646479246092643,-0.2545651777060677,-1.3361341847857533,4.346667628396635,0,1,0
2025-11-28,0.10899234244022628,3.799161569448193,7.75868625284178,2.0,34.104430138362204,57.31260319859527,2.6079507930678134,1008.8080165494479,0.8695167129036955,-1.2467338237735013,-1.0280246631248173,1.7892538623368992,0,1,0
2025-11-29,3.9902324978287615,4.954064214434467,10.736616161803276,3.0,31.000247179057904,58.533434126887514,2.6641710700976584,1008.1166484050166,-0.3333335486949963,0.5199023787940535,-1.3466721105598851,36.39732803432576,0,0,0
2025-11-30,0.620881351976927,4.720106192245914,9.288964849462003,2.0,31.961445071512255,57.09027060950582,1.9464278082707156,1008.0737240353951,0.30780311167891905,0.5435219397812817,-1.078617601318055,19.573418296921798,0,1,0
2025-12-01,0.18535359785330918,4.796467447658997,8.67423726429623,2.0,31.186314452278722,51.93271875784979,2.8314216158852394,1005.8744472751825,-0.5827134856315673,0.8432332769309365,-1.0563474074491639,14.213860949937168,0,1,0
2025-12-02,0.5870072665506176,1.3932422163808529,9.18263628365778,2.0,29.212039097477454,60.37614147063648,2.2935159910963008,1009.1645216798427,1.4798715392103214,-0.34676426382229214,-0.7432653418657736,21.47115454018905,0,1,0
2025-12-03,0.10799308739509213,0.8803539517990181,6.455299518210385,1.0,31.198016354129532,57.44889023429522,1.2082692349901447,1009.1282288617839,-0.7889083417648772,-0.03166617197795894,-1.0488680349221244,-11.387604677627532,0,1,0
2025-12-04,0.26696163757655955,0.9619619915222684,5.8674217816214655,1.0,32.539393378962096,54.80148647535736,2.9036730565976216,1007.5144780983218,-0.3036867786955572,-0.02434173192211415,-0.9633578130349802,-17.72174721155959,0,1,0
2025-12-05,1.4117837225359366,1.7867384475075874,7.170213161717175,1.0,32.32740028925297,54.517840986073175,3.087116111129972,1005.6808555728079,0.09670383242758475,1.3503963531747716,-0.9993589398078382,-0.6157243019515664,0,1,0
2025-12-06,0.36417582497598633,2.0429211850884816,3.5441564888643997,0.0,31.07403972836301,55.55968419030441,3.295999872705547,1009.3548294941802,-0.9829640943782624,-2.2673958261065748,-1.2155422235160165,-44.61664643504629,0,1,0
2025-12-07,0.7114014740592282,2.48736102157115,3.634676610946701,0.0,29.445155997639674,53.356797813920885,3.709820200814198,1009.5822370153012,0.29746757572883564,-0.7655554791912828,-0.9991347904929581,-42.54013799707207,0,1,0
2025-12-08,1.4647348703955296,2.5403121694307433,4.914057883488922,0.0,32.386856584148624,48.32814239711192,2.8714471279471185,1009.6938770334384,1.450719429720741,0.004432674233438125,-0.8998433660777356,-26.678605998102633,0,1,0
2025-12-09,0.3520443042926668,2.5281806487474237,4.679094921230971,0.0,32.07189578097091,58.2240236897493,2.7157096700315875,1007.2016263730796,-0.4414159446243394,-0.8684561879324024,-0.7516707545935557,-29.591633274968725,0,1,0
2025-12-10,0.17553471615287788,1.9923138908410736,4.746636549988757,0.0,32.66538975671566,58.381086377708044,3.062255044543504,1009.6977071551922,0.35562853712855297,-0.20665628581689394,-0.5937821171852592,-28.75426467438309,0,1,0
2025-12-11,0.837841944670418,1.3654209651159617,5.317516857082615,0.0,31.100857487993554,46.01506469126451,1.8751293113613334,1008.6620670820794,-2.4744918474346997,-0.1008604290959275,-0.7532964148540306,-21.67659638824527,0,0,0
2025-12-12,0.085479897582958,1.0988565584062528,3.9912130321296364,0.0,29.126489851388644,57.353583461506055,1.4041447406835532,1010.5395938273494,-0.03503628043635659,-0.5261488870339751,-0.7166762801237822,-38.1198654991373,0,1,0
2025-12-13,0.15148368349306857,1.0748055257464437,3.778520890646719,0.0,32.2318788176294,61.526494832004374,2.121121114267808,1007.2288378430133,-0.2817380573335848,0.051575140882137986,-1.0408035658963881,-40.75678326592389,0,1,0
2025-12-14,1.3786473786653375,1.615610959741363,4.445766795252828,0.0,31.471814690219148,51.515139615949636,3.173672905782273,1011.0538813831809,-0.7366478421693464,0.5025194222062507,-0.4307506250170806,-32.48439215450731,0,1,0
2025-12-15,0.4989218592255199,2.029052921383925,3.4799537840828183,0.0,33.43297184408218,55.07691139229647,2.0106669200597977,1011.7014910892382,0.9733054226656789,-0.1890131560248016,-0.6929972141308702,-44.45836294059961,0,1,0
2025-12-16,0.8664619532090098,2.7440311910998663,3.994371432999161,0.0,31.52484080674701,55.664693057829226,2.686692751965935,1009.1924572623469,-0.2936193134614454,-0.36255578717498854,-0.2839789107284142,-38.08070823028187,0,1,0
2025-12-17,0.16512010505093805,1.5305039174854669,3.9839568218972214,0.0,31.420960916456725,63.51438202159257,2.7513047809997544,1009.7101288194557,-0.15972973838422871,-0.13261193332309773,-0.09193412283098346,-38.20982664931421,0,1,0
2025-12-18,0.6855286757974156,1.7171107340573624,3.831643553024219,0.0,32.0687708219344,60.54383758950673,2.553885481835613,1010.3945222320049,-0.339473587310164,-0.005949077316471514,-0.41700807132304607,-40.09817833926521,0,1,0
2025-12-19,0.7079223711875595,1.5585711520359122,4.45408602662882,0.0,30.64891106500044,52.154653586082816,1.640746986269399,1007.1372519072864,-1.7251342845885689,-1.3922556522675376,-0.5737005676215818,-32.38125186512749,0,1,0
2025-12-20,2.09172062413013,3.485171671115104,6.3943229672658815,1.0,30.581424551749027,57.79876869195307,2.6129498470377728,1008.1082391723924,-1.018787796069265,0.36924313436902295,-0.26890999706701046,-8.326553723153777,0,1,0
2025-12-21,0.8011231010494012,3.6007660963670896,5.8167986896499455,1.0,31.347561188448907,66.00424420430777,2.1543943211216496,1009.3151197412923,0.8649841375081947,-0.3608009835574355,-0.12360556639553191,-15.486592724963206,0,1,0
2025-12-22,1.0242889543752998,3.9171326795548294,6.342165784799725,1.0,30.196045729744064,54.01609700267482,3.4290431146938376,1012.6319257308751,-1.8989555821919746,1.009228059848841,-0.23505639677884904,-8.973188808736307,0,1,0
2025-12-23,0.5389239692682536,2.3643360246929537,6.014627800858969,1.0,31.163880909669675,56.45270588797659,3.089453477131592,1006.830524267509,-0.6896838146541351,0.47284278051397977,-0.24209942742903148,-13.033944053989273,0,1,0
2025-12-24,0.6295360441807661,2.1927489678243184,6.479043739988797,1.0,34.20000046175021,59.394578116051875,2.175550553822,1011.9314198004018,-0.35974805066078747,0.9360531233757241,0.09519172436596209,-7.276201278294462,1,1,0
2025-12-25,0.3896027013411694,1.5580627147901882,6.183117765532551,1.0,32.94430177873894,54.99795820103875,3.466768286465246,1008.6357081127373,1.5692596805624088,-0.8088030349719267,0.13424272349171262,-10.945036686395259,0,1,0
2025-12-26,0.3697323661905476,1.3888711117124823,5.84492776053554,1.0,31.915867679281536,64.10234403150827,2.61355324494558,1008.921529034961,0.6917433889467322,-0.29710931294994125,-0.021215159859682475,-15.13785371531164,0,1,0
2025-12-27,0.2810695351645743,1.0404046026962903,4.034276671569984,0.0,33.65696272665891,54.47976673075283,1.4043444805051766,1011.1759954353448,-0.5014534743477896,-0.9939667899659274,-0.2928518637198321,-37.58597047532014,0,1,0
2025-12-28,0.36972806200864555,1.0205299633637666,3.6028816325292277,0.0,30.329760024112723,52.27066488780631,2.360343229686644,1012.6221246685511,1.174062327403996,-0.5641529671434609,0.289694325246636,-42.934326249158325,0,1,0
2025-12-29,0.22339890044307398,0.874196497616293,2.801991578597002,0.0,34.97123037915402,55.098044552031524,3.3884931561478266,1009.7446380263698,-0.6664642384510077,1.0016843396068733,0.03816124660407472,-52.863612765022296,1,1,0
2025-12-30,0.9409977830844841,1.5341247455362028,3.2040653924132325,0.0,30.839911036738407,60.55780470430537,1.9154232976813055,1011.0800601769055,0.908189823360605,1.1899924623379963,0.33726190734967554,-47.87877610947139,0,1,0
2025-12-31,0.13378003305367236,1.2981767165812295,2.708309381286139,0.0,34.28994281503488,54.84555863806312,2.3663824562890245,1007.3269618410186,-1.222989521330714,-0.9185066358435678,0.3742742199574549,-54.02506729173061,0,0,0
